Tidsstempel,06/04/2026 22.16.29
novel_id,Fru Marie Grubbe
"Summary #1

Handlingen udspiller sig fra midten af 1600-tallet til begyndelsen af 1700-tallet. Marie Grubbe vokser op som adelsdatter på Tjele Hovedgård i Jylland i et miljø præget af rang, ære og social kontrol. Efter konflikter sendes hun til København for at bo hos sin faster, enken fru Rigitze Grubbe ved Østergade/Pilestræde. Under svenskernes belejring 1658–59 oplever hun byens uro og kommer i berøring med hoffets kredse omkring kongens uægte sønner, Ulrik Frederik og Ulrik Christian Gyldenløve. Marie drages især af Ulrik Christian, som tiltvinger sig en brutal nærhed til hende, men han dør kort efter, og hun reagerer med sammenbrud og religiøs selvpineri, før hun igen føres ind i selskabslivet og knyttes til Ulrik Frederik.

Trods skandale om hans tidligere, ophævede ægteskab bliver Marie og Ulrik Frederik viet i stilhed 16. december 1660. Han rejser siden i spansk tjeneste og opsøger alkymisten Burrhi i Amsterdam, der advarer om en fare før hans 27. år knyttet til en kvindes hånd. Da Ulrik Frederik vender tilbage efter lang tid, er han fordrukken og hård, og et knivoptrin, hvor Marie i affekt hugger mod ham men kun rammer hans ærme, bliver et tegn på deres fjendtlige samliv. Ved hoffets ophold på Frederiksborg i 1663 uddybes Maries relation til svogeren Sti Høg, og i 1664 flytter hun med Ulrik Frederik til Akershus i Norge, hvor han er statholder. Ægteskabet forværres, ikke mindst da han åbent tager elskerinden Karen Fiol ind på slottet; Marie flygter om natten med skib tilbage til Danmark. Efter ophold på Tjele og i København fører faderen, Erik Grubbe, sag mod Ulrik Frederik; Marie medvirker udadtil, men skriver også privat til kongen med ønske om skilsmisse. Ved dom 14. oktober 1670 opløses ægteskabet, og hun får medgift og 12.000 rigsdaler tilbage.

Marie rejser sydpå med kammerpigen Lucie og Sti Høg som rejsemarskal. I Lübeck og videre mod syd indleder hun efter et voldeligt krooptrin i Lohendorf et forhold til Sti, men efter et halvt år i Paris ender det i bitterhed og skam. Hun slår sig ned i Nürnberg, hvor hun møder den unge, rige adelsmand Remigius, som tilbeder hende; han dør i en rideulykke, og hun falder i tung sorg. Hjemrejsen ender i økonomisk ruin, og foråret 1673 vender hun tilbage til Tjele.

I 1679 gifter Marie sig med justitsråd Palle Dyre i et hverdagspræget ægteskab uden fortrolighed. I 1680’erne indleder hun et bindende forhold til kusken og ladefogeden Søren, som svinger mellem hengivenhed, mistro og råhed. Affæren bliver gennemskuet af tyendet og fortsætter i praksis åbent, mens Erik Grubbe forgæves forsøger at standse den. Da Palle Dyre kommer hjem til jul, foregiver Søren et forhold til bryggerspigen Ane Trinderup, men i et optrin skyder han hende med rævehagl, så hun såres. Søren fanges og sættes i arrest i Skanderborg, bryder senere ud og holder til på Gassum Hede, hvor han igen opsøger Marie og modtager hjælp. I august 1690 beder Erik Grubbe kongen om at gøre Marie arveløs og få hende indespærret; dette afslås. Palle søger skilsmisse uden proces, får afslag, men ægtefolkene dømmes skilt 23. marts 1691, mens Marie holdes under bevogtning på Tjele indtil sagens afslutning. Erotiske bindinger, social skandale og magtkampe mellem familie, ægtefæller og tjenestefolk driver forløbet.
 [Fluency]",4
"Summary #1

Handlingen udspiller sig fra midten af 1600-tallet til begyndelsen af 1700-tallet. Marie Grubbe vokser op som adelsdatter på Tjele Hovedgård i Jylland i et miljø præget af rang, ære og social kontrol. Efter konflikter sendes hun til København for at bo hos sin faster, enken fru Rigitze Grubbe ved Østergade/Pilestræde. Under svenskernes belejring 1658–59 oplever hun byens uro og kommer i berøring med hoffets kredse omkring kongens uægte sønner, Ulrik Frederik og Ulrik Christian Gyldenløve. Marie drages især af Ulrik Christian, som tiltvinger sig en brutal nærhed til hende, men han dør kort efter, og hun reagerer med sammenbrud og religiøs selvpineri, før hun igen føres ind i selskabslivet og knyttes til Ulrik Frederik.

Trods skandale om hans tidligere, ophævede ægteskab bliver Marie og Ulrik Frederik viet i stilhed 16. december 1660. Han rejser siden i spansk tjeneste og opsøger alkymisten Burrhi i Amsterdam, der advarer om en fare før hans 27. år knyttet til en kvindes hånd. Da Ulrik Frederik vender tilbage efter lang tid, er han fordrukken og hård, og et knivoptrin, hvor Marie i affekt hugger mod ham men kun rammer hans ærme, bliver et tegn på deres fjendtlige samliv. Ved hoffets ophold på Frederiksborg i 1663 uddybes Maries relation til svogeren Sti Høg, og i 1664 flytter hun med Ulrik Frederik til Akershus i Norge, hvor han er statholder. Ægteskabet forværres, ikke mindst da han åbent tager elskerinden Karen Fiol ind på slottet; Marie flygter om natten med skib tilbage til Danmark. Efter ophold på Tjele og i København fører faderen, Erik Grubbe, sag mod Ulrik Frederik; Marie medvirker udadtil, men skriver også privat til kongen med ønske om skilsmisse. Ved dom 14. oktober 1670 opløses ægteskabet, og hun får medgift og 12.000 rigsdaler tilbage.

Marie rejser sydpå med kammerpigen Lucie og Sti Høg som rejsemarskal. I Lübeck og videre mod syd indleder hun efter et voldeligt krooptrin i Lohendorf et forhold til Sti, men efter et halvt år i Paris ender det i bitterhed og skam. Hun slår sig ned i Nürnberg, hvor hun møder den unge, rige adelsmand Remigius, som tilbeder hende; han dør i en rideulykke, og hun falder i tung sorg. Hjemrejsen ender i økonomisk ruin, og foråret 1673 vender hun tilbage til Tjele.

I 1679 gifter Marie sig med justitsråd Palle Dyre i et hverdagspræget ægteskab uden fortrolighed. I 1680’erne indleder hun et bindende forhold til kusken og ladefogeden Søren, som svinger mellem hengivenhed, mistro og råhed. Affæren bliver gennemskuet af tyendet og fortsætter i praksis åbent, mens Erik Grubbe forgæves forsøger at standse den. Da Palle Dyre kommer hjem til jul, foregiver Søren et forhold til bryggerspigen Ane Trinderup, men i et optrin skyder han hende med rævehagl, så hun såres. Søren fanges og sættes i arrest i Skanderborg, bryder senere ud og holder til på Gassum Hede, hvor han igen opsøger Marie og modtager hjælp. I august 1690 beder Erik Grubbe kongen om at gøre Marie arveløs og få hende indespærret; dette afslås. Palle søger skilsmisse uden proces, får afslag, men ægtefolkene dømmes skilt 23. marts 1691, mens Marie holdes under bevogtning på Tjele indtil sagens afslutning. Erotiske bindinger, social skandale og magtkampe mellem familie, ægtefæller og tjenestefolk driver forløbet.
 [Coherence]",4
"Summary #1

Handlingen udspiller sig fra midten af 1600-tallet til begyndelsen af 1700-tallet. Marie Grubbe vokser op som adelsdatter på Tjele Hovedgård i Jylland i et miljø præget af rang, ære og social kontrol. Efter konflikter sendes hun til København for at bo hos sin faster, enken fru Rigitze Grubbe ved Østergade/Pilestræde. Under svenskernes belejring 1658–59 oplever hun byens uro og kommer i berøring med hoffets kredse omkring kongens uægte sønner, Ulrik Frederik og Ulrik Christian Gyldenløve. Marie drages især af Ulrik Christian, som tiltvinger sig en brutal nærhed til hende, men han dør kort efter, og hun reagerer med sammenbrud og religiøs selvpineri, før hun igen føres ind i selskabslivet og knyttes til Ulrik Frederik.

Trods skandale om hans tidligere, ophævede ægteskab bliver Marie og Ulrik Frederik viet i stilhed 16. december 1660. Han rejser siden i spansk tjeneste og opsøger alkymisten Burrhi i Amsterdam, der advarer om en fare før hans 27. år knyttet til en kvindes hånd. Da Ulrik Frederik vender tilbage efter lang tid, er han fordrukken og hård, og et knivoptrin, hvor Marie i affekt hugger mod ham men kun rammer hans ærme, bliver et tegn på deres fjendtlige samliv. Ved hoffets ophold på Frederiksborg i 1663 uddybes Maries relation til svogeren Sti Høg, og i 1664 flytter hun med Ulrik Frederik til Akershus i Norge, hvor han er statholder. Ægteskabet forværres, ikke mindst da han åbent tager elskerinden Karen Fiol ind på slottet; Marie flygter om natten med skib tilbage til Danmark. Efter ophold på Tjele og i København fører faderen, Erik Grubbe, sag mod Ulrik Frederik; Marie medvirker udadtil, men skriver også privat til kongen med ønske om skilsmisse. Ved dom 14. oktober 1670 opløses ægteskabet, og hun får medgift og 12.000 rigsdaler tilbage.

Marie rejser sydpå med kammerpigen Lucie og Sti Høg som rejsemarskal. I Lübeck og videre mod syd indleder hun efter et voldeligt krooptrin i Lohendorf et forhold til Sti, men efter et halvt år i Paris ender det i bitterhed og skam. Hun slår sig ned i Nürnberg, hvor hun møder den unge, rige adelsmand Remigius, som tilbeder hende; han dør i en rideulykke, og hun falder i tung sorg. Hjemrejsen ender i økonomisk ruin, og foråret 1673 vender hun tilbage til Tjele.

I 1679 gifter Marie sig med justitsråd Palle Dyre i et hverdagspræget ægteskab uden fortrolighed. I 1680’erne indleder hun et bindende forhold til kusken og ladefogeden Søren, som svinger mellem hengivenhed, mistro og råhed. Affæren bliver gennemskuet af tyendet og fortsætter i praksis åbent, mens Erik Grubbe forgæves forsøger at standse den. Da Palle Dyre kommer hjem til jul, foregiver Søren et forhold til bryggerspigen Ane Trinderup, men i et optrin skyder han hende med rævehagl, så hun såres. Søren fanges og sættes i arrest i Skanderborg, bryder senere ud og holder til på Gassum Hede, hvor han igen opsøger Marie og modtager hjælp. I august 1690 beder Erik Grubbe kongen om at gøre Marie arveløs og få hende indespærret; dette afslås. Palle søger skilsmisse uden proces, får afslag, men ægtefolkene dømmes skilt 23. marts 1691, mens Marie holdes under bevogtning på Tjele indtil sagens afslutning. Erotiske bindinger, social skandale og magtkampe mellem familie, ægtefæller og tjenestefolk driver forløbet.
 [Relevance]",3
"Summary #1

Handlingen udspiller sig fra midten af 1600-tallet til begyndelsen af 1700-tallet. Marie Grubbe vokser op som adelsdatter på Tjele Hovedgård i Jylland i et miljø præget af rang, ære og social kontrol. Efter konflikter sendes hun til København for at bo hos sin faster, enken fru Rigitze Grubbe ved Østergade/Pilestræde. Under svenskernes belejring 1658–59 oplever hun byens uro og kommer i berøring med hoffets kredse omkring kongens uægte sønner, Ulrik Frederik og Ulrik Christian Gyldenløve. Marie drages især af Ulrik Christian, som tiltvinger sig en brutal nærhed til hende, men han dør kort efter, og hun reagerer med sammenbrud og religiøs selvpineri, før hun igen føres ind i selskabslivet og knyttes til Ulrik Frederik.

Trods skandale om hans tidligere, ophævede ægteskab bliver Marie og Ulrik Frederik viet i stilhed 16. december 1660. Han rejser siden i spansk tjeneste og opsøger alkymisten Burrhi i Amsterdam, der advarer om en fare før hans 27. år knyttet til en kvindes hånd. Da Ulrik Frederik vender tilbage efter lang tid, er han fordrukken og hård, og et knivoptrin, hvor Marie i affekt hugger mod ham men kun rammer hans ærme, bliver et tegn på deres fjendtlige samliv. Ved hoffets ophold på Frederiksborg i 1663 uddybes Maries relation til svogeren Sti Høg, og i 1664 flytter hun med Ulrik Frederik til Akershus i Norge, hvor han er statholder. Ægteskabet forværres, ikke mindst da han åbent tager elskerinden Karen Fiol ind på slottet; Marie flygter om natten med skib tilbage til Danmark. Efter ophold på Tjele og i København fører faderen, Erik Grubbe, sag mod Ulrik Frederik; Marie medvirker udadtil, men skriver også privat til kongen med ønske om skilsmisse. Ved dom 14. oktober 1670 opløses ægteskabet, og hun får medgift og 12.000 rigsdaler tilbage.

Marie rejser sydpå med kammerpigen Lucie og Sti Høg som rejsemarskal. I Lübeck og videre mod syd indleder hun efter et voldeligt krooptrin i Lohendorf et forhold til Sti, men efter et halvt år i Paris ender det i bitterhed og skam. Hun slår sig ned i Nürnberg, hvor hun møder den unge, rige adelsmand Remigius, som tilbeder hende; han dør i en rideulykke, og hun falder i tung sorg. Hjemrejsen ender i økonomisk ruin, og foråret 1673 vender hun tilbage til Tjele.

I 1679 gifter Marie sig med justitsråd Palle Dyre i et hverdagspræget ægteskab uden fortrolighed. I 1680’erne indleder hun et bindende forhold til kusken og ladefogeden Søren, som svinger mellem hengivenhed, mistro og råhed. Affæren bliver gennemskuet af tyendet og fortsætter i praksis åbent, mens Erik Grubbe forgæves forsøger at standse den. Da Palle Dyre kommer hjem til jul, foregiver Søren et forhold til bryggerspigen Ane Trinderup, men i et optrin skyder han hende med rævehagl, så hun såres. Søren fanges og sættes i arrest i Skanderborg, bryder senere ud og holder til på Gassum Hede, hvor han igen opsøger Marie og modtager hjælp. I august 1690 beder Erik Grubbe kongen om at gøre Marie arveløs og få hende indespærret; dette afslås. Palle søger skilsmisse uden proces, får afslag, men ægtefolkene dømmes skilt 23. marts 1691, mens Marie holdes under bevogtning på Tjele indtil sagens afslutning. Erotiske bindinger, social skandale og magtkampe mellem familie, ægtefæller og tjenestefolk driver forløbet.
 [Factuality]",3
"Summary #1

Handlingen udspiller sig fra midten af 1600-tallet til begyndelsen af 1700-tallet. Marie Grubbe vokser op som adelsdatter på Tjele Hovedgård i Jylland i et miljø præget af rang, ære og social kontrol. Efter konflikter sendes hun til København for at bo hos sin faster, enken fru Rigitze Grubbe ved Østergade/Pilestræde. Under svenskernes belejring 1658–59 oplever hun byens uro og kommer i berøring med hoffets kredse omkring kongens uægte sønner, Ulrik Frederik og Ulrik Christian Gyldenløve. Marie drages især af Ulrik Christian, som tiltvinger sig en brutal nærhed til hende, men han dør kort efter, og hun reagerer med sammenbrud og religiøs selvpineri, før hun igen føres ind i selskabslivet og knyttes til Ulrik Frederik.

Trods skandale om hans tidligere, ophævede ægteskab bliver Marie og Ulrik Frederik viet i stilhed 16. december 1660. Han rejser siden i spansk tjeneste og opsøger alkymisten Burrhi i Amsterdam, der advarer om en fare før hans 27. år knyttet til en kvindes hånd. Da Ulrik Frederik vender tilbage efter lang tid, er han fordrukken og hård, og et knivoptrin, hvor Marie i affekt hugger mod ham men kun rammer hans ærme, bliver et tegn på deres fjendtlige samliv. Ved hoffets ophold på Frederiksborg i 1663 uddybes Maries relation til svogeren Sti Høg, og i 1664 flytter hun med Ulrik Frederik til Akershus i Norge, hvor han er statholder. Ægteskabet forværres, ikke mindst da han åbent tager elskerinden Karen Fiol ind på slottet; Marie flygter om natten med skib tilbage til Danmark. Efter ophold på Tjele og i København fører faderen, Erik Grubbe, sag mod Ulrik Frederik; Marie medvirker udadtil, men skriver også privat til kongen med ønske om skilsmisse. Ved dom 14. oktober 1670 opløses ægteskabet, og hun får medgift og 12.000 rigsdaler tilbage.

Marie rejser sydpå med kammerpigen Lucie og Sti Høg som rejsemarskal. I Lübeck og videre mod syd indleder hun efter et voldeligt krooptrin i Lohendorf et forhold til Sti, men efter et halvt år i Paris ender det i bitterhed og skam. Hun slår sig ned i Nürnberg, hvor hun møder den unge, rige adelsmand Remigius, som tilbeder hende; han dør i en rideulykke, og hun falder i tung sorg. Hjemrejsen ender i økonomisk ruin, og foråret 1673 vender hun tilbage til Tjele.

I 1679 gifter Marie sig med justitsråd Palle Dyre i et hverdagspræget ægteskab uden fortrolighed. I 1680’erne indleder hun et bindende forhold til kusken og ladefogeden Søren, som svinger mellem hengivenhed, mistro og råhed. Affæren bliver gennemskuet af tyendet og fortsætter i praksis åbent, mens Erik Grubbe forgæves forsøger at standse den. Da Palle Dyre kommer hjem til jul, foregiver Søren et forhold til bryggerspigen Ane Trinderup, men i et optrin skyder han hende med rævehagl, så hun såres. Søren fanges og sættes i arrest i Skanderborg, bryder senere ud og holder til på Gassum Hede, hvor han igen opsøger Marie og modtager hjælp. I august 1690 beder Erik Grubbe kongen om at gøre Marie arveløs og få hende indespærret; dette afslås. Palle søger skilsmisse uden proces, får afslag, men ægtefolkene dømmes skilt 23. marts 1691, mens Marie holdes under bevogtning på Tjele indtil sagens afslutning. Erotiske bindinger, social skandale og magtkampe mellem familie, ægtefæller og tjenestefolk driver forløbet.
 [Time]",5
"Summary #1

Handlingen udspiller sig fra midten af 1600-tallet til begyndelsen af 1700-tallet. Marie Grubbe vokser op som adelsdatter på Tjele Hovedgård i Jylland i et miljø præget af rang, ære og social kontrol. Efter konflikter sendes hun til København for at bo hos sin faster, enken fru Rigitze Grubbe ved Østergade/Pilestræde. Under svenskernes belejring 1658–59 oplever hun byens uro og kommer i berøring med hoffets kredse omkring kongens uægte sønner, Ulrik Frederik og Ulrik Christian Gyldenløve. Marie drages især af Ulrik Christian, som tiltvinger sig en brutal nærhed til hende, men han dør kort efter, og hun reagerer med sammenbrud og religiøs selvpineri, før hun igen føres ind i selskabslivet og knyttes til Ulrik Frederik.

Trods skandale om hans tidligere, ophævede ægteskab bliver Marie og Ulrik Frederik viet i stilhed 16. december 1660. Han rejser siden i spansk tjeneste og opsøger alkymisten Burrhi i Amsterdam, der advarer om en fare før hans 27. år knyttet til en kvindes hånd. Da Ulrik Frederik vender tilbage efter lang tid, er han fordrukken og hård, og et knivoptrin, hvor Marie i affekt hugger mod ham men kun rammer hans ærme, bliver et tegn på deres fjendtlige samliv. Ved hoffets ophold på Frederiksborg i 1663 uddybes Maries relation til svogeren Sti Høg, og i 1664 flytter hun med Ulrik Frederik til Akershus i Norge, hvor han er statholder. Ægteskabet forværres, ikke mindst da han åbent tager elskerinden Karen Fiol ind på slottet; Marie flygter om natten med skib tilbage til Danmark. Efter ophold på Tjele og i København fører faderen, Erik Grubbe, sag mod Ulrik Frederik; Marie medvirker udadtil, men skriver også privat til kongen med ønske om skilsmisse. Ved dom 14. oktober 1670 opløses ægteskabet, og hun får medgift og 12.000 rigsdaler tilbage.

Marie rejser sydpå med kammerpigen Lucie og Sti Høg som rejsemarskal. I Lübeck og videre mod syd indleder hun efter et voldeligt krooptrin i Lohendorf et forhold til Sti, men efter et halvt år i Paris ender det i bitterhed og skam. Hun slår sig ned i Nürnberg, hvor hun møder den unge, rige adelsmand Remigius, som tilbeder hende; han dør i en rideulykke, og hun falder i tung sorg. Hjemrejsen ender i økonomisk ruin, og foråret 1673 vender hun tilbage til Tjele.

I 1679 gifter Marie sig med justitsråd Palle Dyre i et hverdagspræget ægteskab uden fortrolighed. I 1680’erne indleder hun et bindende forhold til kusken og ladefogeden Søren, som svinger mellem hengivenhed, mistro og råhed. Affæren bliver gennemskuet af tyendet og fortsætter i praksis åbent, mens Erik Grubbe forgæves forsøger at standse den. Da Palle Dyre kommer hjem til jul, foregiver Søren et forhold til bryggerspigen Ane Trinderup, men i et optrin skyder han hende med rævehagl, så hun såres. Søren fanges og sættes i arrest i Skanderborg, bryder senere ud og holder til på Gassum Hede, hvor han igen opsøger Marie og modtager hjælp. I august 1690 beder Erik Grubbe kongen om at gøre Marie arveløs og få hende indespærret; dette afslås. Palle søger skilsmisse uden proces, får afslag, men ægtefolkene dømmes skilt 23. marts 1691, mens Marie holdes under bevogtning på Tjele indtil sagens afslutning. Erotiske bindinger, social skandale og magtkampe mellem familie, ægtefæller og tjenestefolk driver forløbet.
 [Place]",5
"Summary #1

Handlingen udspiller sig fra midten af 1600-tallet til begyndelsen af 1700-tallet. Marie Grubbe vokser op som adelsdatter på Tjele Hovedgård i Jylland i et miljø præget af rang, ære og social kontrol. Efter konflikter sendes hun til København for at bo hos sin faster, enken fru Rigitze Grubbe ved Østergade/Pilestræde. Under svenskernes belejring 1658–59 oplever hun byens uro og kommer i berøring med hoffets kredse omkring kongens uægte sønner, Ulrik Frederik og Ulrik Christian Gyldenløve. Marie drages især af Ulrik Christian, som tiltvinger sig en brutal nærhed til hende, men han dør kort efter, og hun reagerer med sammenbrud og religiøs selvpineri, før hun igen føres ind i selskabslivet og knyttes til Ulrik Frederik.

Trods skandale om hans tidligere, ophævede ægteskab bliver Marie og Ulrik Frederik viet i stilhed 16. december 1660. Han rejser siden i spansk tjeneste og opsøger alkymisten Burrhi i Amsterdam, der advarer om en fare før hans 27. år knyttet til en kvindes hånd. Da Ulrik Frederik vender tilbage efter lang tid, er han fordrukken og hård, og et knivoptrin, hvor Marie i affekt hugger mod ham men kun rammer hans ærme, bliver et tegn på deres fjendtlige samliv. Ved hoffets ophold på Frederiksborg i 1663 uddybes Maries relation til svogeren Sti Høg, og i 1664 flytter hun med Ulrik Frederik til Akershus i Norge, hvor han er statholder. Ægteskabet forværres, ikke mindst da han åbent tager elskerinden Karen Fiol ind på slottet; Marie flygter om natten med skib tilbage til Danmark. Efter ophold på Tjele og i København fører faderen, Erik Grubbe, sag mod Ulrik Frederik; Marie medvirker udadtil, men skriver også privat til kongen med ønske om skilsmisse. Ved dom 14. oktober 1670 opløses ægteskabet, og hun får medgift og 12.000 rigsdaler tilbage.

Marie rejser sydpå med kammerpigen Lucie og Sti Høg som rejsemarskal. I Lübeck og videre mod syd indleder hun efter et voldeligt krooptrin i Lohendorf et forhold til Sti, men efter et halvt år i Paris ender det i bitterhed og skam. Hun slår sig ned i Nürnberg, hvor hun møder den unge, rige adelsmand Remigius, som tilbeder hende; han dør i en rideulykke, og hun falder i tung sorg. Hjemrejsen ender i økonomisk ruin, og foråret 1673 vender hun tilbage til Tjele.

I 1679 gifter Marie sig med justitsråd Palle Dyre i et hverdagspræget ægteskab uden fortrolighed. I 1680’erne indleder hun et bindende forhold til kusken og ladefogeden Søren, som svinger mellem hengivenhed, mistro og råhed. Affæren bliver gennemskuet af tyendet og fortsætter i praksis åbent, mens Erik Grubbe forgæves forsøger at standse den. Da Palle Dyre kommer hjem til jul, foregiver Søren et forhold til bryggerspigen Ane Trinderup, men i et optrin skyder han hende med rævehagl, så hun såres. Søren fanges og sættes i arrest i Skanderborg, bryder senere ud og holder til på Gassum Hede, hvor han igen opsøger Marie og modtager hjælp. I august 1690 beder Erik Grubbe kongen om at gøre Marie arveløs og få hende indespærret; dette afslås. Palle søger skilsmisse uden proces, får afslag, men ægtefolkene dømmes skilt 23. marts 1691, mens Marie holdes under bevogtning på Tjele indtil sagens afslutning. Erotiske bindinger, social skandale og magtkampe mellem familie, ægtefæller og tjenestefolk driver forløbet.
 [Characters]",5
"Summary #1

Handlingen udspiller sig fra midten af 1600-tallet til begyndelsen af 1700-tallet. Marie Grubbe vokser op som adelsdatter på Tjele Hovedgård i Jylland i et miljø præget af rang, ære og social kontrol. Efter konflikter sendes hun til København for at bo hos sin faster, enken fru Rigitze Grubbe ved Østergade/Pilestræde. Under svenskernes belejring 1658–59 oplever hun byens uro og kommer i berøring med hoffets kredse omkring kongens uægte sønner, Ulrik Frederik og Ulrik Christian Gyldenløve. Marie drages især af Ulrik Christian, som tiltvinger sig en brutal nærhed til hende, men han dør kort efter, og hun reagerer med sammenbrud og religiøs selvpineri, før hun igen føres ind i selskabslivet og knyttes til Ulrik Frederik.

Trods skandale om hans tidligere, ophævede ægteskab bliver Marie og Ulrik Frederik viet i stilhed 16. december 1660. Han rejser siden i spansk tjeneste og opsøger alkymisten Burrhi i Amsterdam, der advarer om en fare før hans 27. år knyttet til en kvindes hånd. Da Ulrik Frederik vender tilbage efter lang tid, er han fordrukken og hård, og et knivoptrin, hvor Marie i affekt hugger mod ham men kun rammer hans ærme, bliver et tegn på deres fjendtlige samliv. Ved hoffets ophold på Frederiksborg i 1663 uddybes Maries relation til svogeren Sti Høg, og i 1664 flytter hun med Ulrik Frederik til Akershus i Norge, hvor han er statholder. Ægteskabet forværres, ikke mindst da han åbent tager elskerinden Karen Fiol ind på slottet; Marie flygter om natten med skib tilbage til Danmark. Efter ophold på Tjele og i København fører faderen, Erik Grubbe, sag mod Ulrik Frederik; Marie medvirker udadtil, men skriver også privat til kongen med ønske om skilsmisse. Ved dom 14. oktober 1670 opløses ægteskabet, og hun får medgift og 12.000 rigsdaler tilbage.

Marie rejser sydpå med kammerpigen Lucie og Sti Høg som rejsemarskal. I Lübeck og videre mod syd indleder hun efter et voldeligt krooptrin i Lohendorf et forhold til Sti, men efter et halvt år i Paris ender det i bitterhed og skam. Hun slår sig ned i Nürnberg, hvor hun møder den unge, rige adelsmand Remigius, som tilbeder hende; han dør i en rideulykke, og hun falder i tung sorg. Hjemrejsen ender i økonomisk ruin, og foråret 1673 vender hun tilbage til Tjele.

I 1679 gifter Marie sig med justitsråd Palle Dyre i et hverdagspræget ægteskab uden fortrolighed. I 1680’erne indleder hun et bindende forhold til kusken og ladefogeden Søren, som svinger mellem hengivenhed, mistro og råhed. Affæren bliver gennemskuet af tyendet og fortsætter i praksis åbent, mens Erik Grubbe forgæves forsøger at standse den. Da Palle Dyre kommer hjem til jul, foregiver Søren et forhold til bryggerspigen Ane Trinderup, men i et optrin skyder han hende med rævehagl, så hun såres. Søren fanges og sættes i arrest i Skanderborg, bryder senere ud og holder til på Gassum Hede, hvor han igen opsøger Marie og modtager hjælp. I august 1690 beder Erik Grubbe kongen om at gøre Marie arveløs og få hende indespærret; dette afslås. Palle søger skilsmisse uden proces, får afslag, men ægtefolkene dømmes skilt 23. marts 1691, mens Marie holdes under bevogtning på Tjele indtil sagens afslutning. Erotiske bindinger, social skandale og magtkampe mellem familie, ægtefæller og tjenestefolk driver forløbet.
 [Plot]",5
"Summary #1

Handlingen udspiller sig fra midten af 1600-tallet til begyndelsen af 1700-tallet. Marie Grubbe vokser op som adelsdatter på Tjele Hovedgård i Jylland i et miljø præget af rang, ære og social kontrol. Efter konflikter sendes hun til København for at bo hos sin faster, enken fru Rigitze Grubbe ved Østergade/Pilestræde. Under svenskernes belejring 1658–59 oplever hun byens uro og kommer i berøring med hoffets kredse omkring kongens uægte sønner, Ulrik Frederik og Ulrik Christian Gyldenløve. Marie drages især af Ulrik Christian, som tiltvinger sig en brutal nærhed til hende, men han dør kort efter, og hun reagerer med sammenbrud og religiøs selvpineri, før hun igen føres ind i selskabslivet og knyttes til Ulrik Frederik.

Trods skandale om hans tidligere, ophævede ægteskab bliver Marie og Ulrik Frederik viet i stilhed 16. december 1660. Han rejser siden i spansk tjeneste og opsøger alkymisten Burrhi i Amsterdam, der advarer om en fare før hans 27. år knyttet til en kvindes hånd. Da Ulrik Frederik vender tilbage efter lang tid, er han fordrukken og hård, og et knivoptrin, hvor Marie i affekt hugger mod ham men kun rammer hans ærme, bliver et tegn på deres fjendtlige samliv. Ved hoffets ophold på Frederiksborg i 1663 uddybes Maries relation til svogeren Sti Høg, og i 1664 flytter hun med Ulrik Frederik til Akershus i Norge, hvor han er statholder. Ægteskabet forværres, ikke mindst da han åbent tager elskerinden Karen Fiol ind på slottet; Marie flygter om natten med skib tilbage til Danmark. Efter ophold på Tjele og i København fører faderen, Erik Grubbe, sag mod Ulrik Frederik; Marie medvirker udadtil, men skriver også privat til kongen med ønske om skilsmisse. Ved dom 14. oktober 1670 opløses ægteskabet, og hun får medgift og 12.000 rigsdaler tilbage.

Marie rejser sydpå med kammerpigen Lucie og Sti Høg som rejsemarskal. I Lübeck og videre mod syd indleder hun efter et voldeligt krooptrin i Lohendorf et forhold til Sti, men efter et halvt år i Paris ender det i bitterhed og skam. Hun slår sig ned i Nürnberg, hvor hun møder den unge, rige adelsmand Remigius, som tilbeder hende; han dør i en rideulykke, og hun falder i tung sorg. Hjemrejsen ender i økonomisk ruin, og foråret 1673 vender hun tilbage til Tjele.

I 1679 gifter Marie sig med justitsråd Palle Dyre i et hverdagspræget ægteskab uden fortrolighed. I 1680’erne indleder hun et bindende forhold til kusken og ladefogeden Søren, som svinger mellem hengivenhed, mistro og råhed. Affæren bliver gennemskuet af tyendet og fortsætter i praksis åbent, mens Erik Grubbe forgæves forsøger at standse den. Da Palle Dyre kommer hjem til jul, foregiver Søren et forhold til bryggerspigen Ane Trinderup, men i et optrin skyder han hende med rævehagl, så hun såres. Søren fanges og sættes i arrest i Skanderborg, bryder senere ud og holder til på Gassum Hede, hvor han igen opsøger Marie og modtager hjælp. I august 1690 beder Erik Grubbe kongen om at gøre Marie arveløs og få hende indespærret; dette afslås. Palle søger skilsmisse uden proces, får afslag, men ægtefolkene dømmes skilt 23. marts 1691, mens Marie holdes under bevogtning på Tjele indtil sagens afslutning. Erotiske bindinger, social skandale og magtkampe mellem familie, ægtefæller og tjenestefolk driver forløbet.
 [Themes]",4
"Summary #2

Romanen udspiller sig i 1600‑tallet og følger især Marie Grubbes liv fra hendes rolle som statholderske i Norge gennem skandale, skilsmisse, eksil og tilbagevenden til et tilsyneladende almindeligt bondeliv. Handlingen bevæger sig mellem steder som herregårdene Tjele og Kalø, København og hoffet ved Frederiksborg, Aggershus i Norge samt byer på hendes rejser i Europa — Lübeck, Nürnberg og Paris — og senere jyske egne og en færge på Falster. Centrale personer er Marie Grubbe, hendes far Erik Grubbe, hendes første mand Ulrik Frederik (statholder), den korte elsker Sti Høg, kammerpigen Lucie, hendes anden mand justitsråd Palle Dyre og i de senere afsnit kusket Søren Ladefoged, der senere bliver hendes tredje ægtefælle, samt et kor af tjenestefolk, hoffolk og embedsmænd.

Fortællingen åbner med Maries ægteskab med Ulrik Frederik, konflikter på Aggershus og hendes flugt, efterfulgt af Erik Grubbes indgriben ved hoffet og en skilsmisse, der endeligt stadfæstes af højesteret. Marie modtager sin medgift og rejser ud i Europa, hvor et kort og lidenskabeligt forhold til Sti Høg bryder sammen. Hjemvendt indgår hun et økonomisk og følelsesmæssigt anstrengt ægteskab med Palle Dyre; de første år præges af smålig karrighed, gensidig nag og Maries voksende tristesse, som også manifesterer sig i hendes fysiske forandring.

Senere træder Søren Ladefoged frem som en stærk, grov men hengiven skikkelse, hvis grove hengivenhed og vedvarende erklæringer vinder Maries følelser. Efter hemmeligholdelse bliver deres forhold hurtigt kendt blandt tjenestefolk og møder hån, jalousi og anspændte magtrelationer over for Erik Grubbe og Palle Dyre. Affæren kulminerer dramatisk, da Søren i et øjeblik af raseri eller panik skyder Ane Trinderup, en bryggerspige og hans slægtning; Ane overlever med skader. Søren arresteres, flygter og skjules i omegnen, mens Palle Dyre forsøger at dæmpe skandalen af hensyn til omkostninger og omdømme, og Erik Grubbe søger strengere sanktioner. Temaer i romanen omfatter sociale og kønsmæssige magtforhold, ægteskabets økonomi, skandale, skam og konsekvenserne af lidenskab og vold inden for et aristokratisk landsbymiljø. [Fluency]",3
"Summary #2

Romanen udspiller sig i 1600‑tallet og følger især Marie Grubbes liv fra hendes rolle som statholderske i Norge gennem skandale, skilsmisse, eksil og tilbagevenden til et tilsyneladende almindeligt bondeliv. Handlingen bevæger sig mellem steder som herregårdene Tjele og Kalø, København og hoffet ved Frederiksborg, Aggershus i Norge samt byer på hendes rejser i Europa — Lübeck, Nürnberg og Paris — og senere jyske egne og en færge på Falster. Centrale personer er Marie Grubbe, hendes far Erik Grubbe, hendes første mand Ulrik Frederik (statholder), den korte elsker Sti Høg, kammerpigen Lucie, hendes anden mand justitsråd Palle Dyre og i de senere afsnit kusket Søren Ladefoged, der senere bliver hendes tredje ægtefælle, samt et kor af tjenestefolk, hoffolk og embedsmænd.

Fortællingen åbner med Maries ægteskab med Ulrik Frederik, konflikter på Aggershus og hendes flugt, efterfulgt af Erik Grubbes indgriben ved hoffet og en skilsmisse, der endeligt stadfæstes af højesteret. Marie modtager sin medgift og rejser ud i Europa, hvor et kort og lidenskabeligt forhold til Sti Høg bryder sammen. Hjemvendt indgår hun et økonomisk og følelsesmæssigt anstrengt ægteskab med Palle Dyre; de første år præges af smålig karrighed, gensidig nag og Maries voksende tristesse, som også manifesterer sig i hendes fysiske forandring.

Senere træder Søren Ladefoged frem som en stærk, grov men hengiven skikkelse, hvis grove hengivenhed og vedvarende erklæringer vinder Maries følelser. Efter hemmeligholdelse bliver deres forhold hurtigt kendt blandt tjenestefolk og møder hån, jalousi og anspændte magtrelationer over for Erik Grubbe og Palle Dyre. Affæren kulminerer dramatisk, da Søren i et øjeblik af raseri eller panik skyder Ane Trinderup, en bryggerspige og hans slægtning; Ane overlever med skader. Søren arresteres, flygter og skjules i omegnen, mens Palle Dyre forsøger at dæmpe skandalen af hensyn til omkostninger og omdømme, og Erik Grubbe søger strengere sanktioner. Temaer i romanen omfatter sociale og kønsmæssige magtforhold, ægteskabets økonomi, skandale, skam og konsekvenserne af lidenskab og vold inden for et aristokratisk landsbymiljø. [Coherence]",3
"Summary #2

Romanen udspiller sig i 1600‑tallet og følger især Marie Grubbes liv fra hendes rolle som statholderske i Norge gennem skandale, skilsmisse, eksil og tilbagevenden til et tilsyneladende almindeligt bondeliv. Handlingen bevæger sig mellem steder som herregårdene Tjele og Kalø, København og hoffet ved Frederiksborg, Aggershus i Norge samt byer på hendes rejser i Europa — Lübeck, Nürnberg og Paris — og senere jyske egne og en færge på Falster. Centrale personer er Marie Grubbe, hendes far Erik Grubbe, hendes første mand Ulrik Frederik (statholder), den korte elsker Sti Høg, kammerpigen Lucie, hendes anden mand justitsråd Palle Dyre og i de senere afsnit kusket Søren Ladefoged, der senere bliver hendes tredje ægtefælle, samt et kor af tjenestefolk, hoffolk og embedsmænd.

Fortællingen åbner med Maries ægteskab med Ulrik Frederik, konflikter på Aggershus og hendes flugt, efterfulgt af Erik Grubbes indgriben ved hoffet og en skilsmisse, der endeligt stadfæstes af højesteret. Marie modtager sin medgift og rejser ud i Europa, hvor et kort og lidenskabeligt forhold til Sti Høg bryder sammen. Hjemvendt indgår hun et økonomisk og følelsesmæssigt anstrengt ægteskab med Palle Dyre; de første år præges af smålig karrighed, gensidig nag og Maries voksende tristesse, som også manifesterer sig i hendes fysiske forandring.

Senere træder Søren Ladefoged frem som en stærk, grov men hengiven skikkelse, hvis grove hengivenhed og vedvarende erklæringer vinder Maries følelser. Efter hemmeligholdelse bliver deres forhold hurtigt kendt blandt tjenestefolk og møder hån, jalousi og anspændte magtrelationer over for Erik Grubbe og Palle Dyre. Affæren kulminerer dramatisk, da Søren i et øjeblik af raseri eller panik skyder Ane Trinderup, en bryggerspige og hans slægtning; Ane overlever med skader. Søren arresteres, flygter og skjules i omegnen, mens Palle Dyre forsøger at dæmpe skandalen af hensyn til omkostninger og omdømme, og Erik Grubbe søger strengere sanktioner. Temaer i romanen omfatter sociale og kønsmæssige magtforhold, ægteskabets økonomi, skandale, skam og konsekvenserne af lidenskab og vold inden for et aristokratisk landsbymiljø. [Relevance]",3
"Summary #2

Romanen udspiller sig i 1600‑tallet og følger især Marie Grubbes liv fra hendes rolle som statholderske i Norge gennem skandale, skilsmisse, eksil og tilbagevenden til et tilsyneladende almindeligt bondeliv. Handlingen bevæger sig mellem steder som herregårdene Tjele og Kalø, København og hoffet ved Frederiksborg, Aggershus i Norge samt byer på hendes rejser i Europa — Lübeck, Nürnberg og Paris — og senere jyske egne og en færge på Falster. Centrale personer er Marie Grubbe, hendes far Erik Grubbe, hendes første mand Ulrik Frederik (statholder), den korte elsker Sti Høg, kammerpigen Lucie, hendes anden mand justitsråd Palle Dyre og i de senere afsnit kusket Søren Ladefoged, der senere bliver hendes tredje ægtefælle, samt et kor af tjenestefolk, hoffolk og embedsmænd.

Fortællingen åbner med Maries ægteskab med Ulrik Frederik, konflikter på Aggershus og hendes flugt, efterfulgt af Erik Grubbes indgriben ved hoffet og en skilsmisse, der endeligt stadfæstes af højesteret. Marie modtager sin medgift og rejser ud i Europa, hvor et kort og lidenskabeligt forhold til Sti Høg bryder sammen. Hjemvendt indgår hun et økonomisk og følelsesmæssigt anstrengt ægteskab med Palle Dyre; de første år præges af smålig karrighed, gensidig nag og Maries voksende tristesse, som også manifesterer sig i hendes fysiske forandring.

Senere træder Søren Ladefoged frem som en stærk, grov men hengiven skikkelse, hvis grove hengivenhed og vedvarende erklæringer vinder Maries følelser. Efter hemmeligholdelse bliver deres forhold hurtigt kendt blandt tjenestefolk og møder hån, jalousi og anspændte magtrelationer over for Erik Grubbe og Palle Dyre. Affæren kulminerer dramatisk, da Søren i et øjeblik af raseri eller panik skyder Ane Trinderup, en bryggerspige og hans slægtning; Ane overlever med skader. Søren arresteres, flygter og skjules i omegnen, mens Palle Dyre forsøger at dæmpe skandalen af hensyn til omkostninger og omdømme, og Erik Grubbe søger strengere sanktioner. Temaer i romanen omfatter sociale og kønsmæssige magtforhold, ægteskabets økonomi, skandale, skam og konsekvenserne af lidenskab og vold inden for et aristokratisk landsbymiljø. [Factuality]",3
"Summary #2

Romanen udspiller sig i 1600‑tallet og følger især Marie Grubbes liv fra hendes rolle som statholderske i Norge gennem skandale, skilsmisse, eksil og tilbagevenden til et tilsyneladende almindeligt bondeliv. Handlingen bevæger sig mellem steder som herregårdene Tjele og Kalø, København og hoffet ved Frederiksborg, Aggershus i Norge samt byer på hendes rejser i Europa — Lübeck, Nürnberg og Paris — og senere jyske egne og en færge på Falster. Centrale personer er Marie Grubbe, hendes far Erik Grubbe, hendes første mand Ulrik Frederik (statholder), den korte elsker Sti Høg, kammerpigen Lucie, hendes anden mand justitsråd Palle Dyre og i de senere afsnit kusket Søren Ladefoged, der senere bliver hendes tredje ægtefælle, samt et kor af tjenestefolk, hoffolk og embedsmænd.

Fortællingen åbner med Maries ægteskab med Ulrik Frederik, konflikter på Aggershus og hendes flugt, efterfulgt af Erik Grubbes indgriben ved hoffet og en skilsmisse, der endeligt stadfæstes af højesteret. Marie modtager sin medgift og rejser ud i Europa, hvor et kort og lidenskabeligt forhold til Sti Høg bryder sammen. Hjemvendt indgår hun et økonomisk og følelsesmæssigt anstrengt ægteskab med Palle Dyre; de første år præges af smålig karrighed, gensidig nag og Maries voksende tristesse, som også manifesterer sig i hendes fysiske forandring.

Senere træder Søren Ladefoged frem som en stærk, grov men hengiven skikkelse, hvis grove hengivenhed og vedvarende erklæringer vinder Maries følelser. Efter hemmeligholdelse bliver deres forhold hurtigt kendt blandt tjenestefolk og møder hån, jalousi og anspændte magtrelationer over for Erik Grubbe og Palle Dyre. Affæren kulminerer dramatisk, da Søren i et øjeblik af raseri eller panik skyder Ane Trinderup, en bryggerspige og hans slægtning; Ane overlever med skader. Søren arresteres, flygter og skjules i omegnen, mens Palle Dyre forsøger at dæmpe skandalen af hensyn til omkostninger og omdømme, og Erik Grubbe søger strengere sanktioner. Temaer i romanen omfatter sociale og kønsmæssige magtforhold, ægteskabets økonomi, skandale, skam og konsekvenserne af lidenskab og vold inden for et aristokratisk landsbymiljø. [Time ]",3
"Summary #2

Romanen udspiller sig i 1600‑tallet og følger især Marie Grubbes liv fra hendes rolle som statholderske i Norge gennem skandale, skilsmisse, eksil og tilbagevenden til et tilsyneladende almindeligt bondeliv. Handlingen bevæger sig mellem steder som herregårdene Tjele og Kalø, København og hoffet ved Frederiksborg, Aggershus i Norge samt byer på hendes rejser i Europa — Lübeck, Nürnberg og Paris — og senere jyske egne og en færge på Falster. Centrale personer er Marie Grubbe, hendes far Erik Grubbe, hendes første mand Ulrik Frederik (statholder), den korte elsker Sti Høg, kammerpigen Lucie, hendes anden mand justitsråd Palle Dyre og i de senere afsnit kusket Søren Ladefoged, der senere bliver hendes tredje ægtefælle, samt et kor af tjenestefolk, hoffolk og embedsmænd.

Fortællingen åbner med Maries ægteskab med Ulrik Frederik, konflikter på Aggershus og hendes flugt, efterfulgt af Erik Grubbes indgriben ved hoffet og en skilsmisse, der endeligt stadfæstes af højesteret. Marie modtager sin medgift og rejser ud i Europa, hvor et kort og lidenskabeligt forhold til Sti Høg bryder sammen. Hjemvendt indgår hun et økonomisk og følelsesmæssigt anstrengt ægteskab med Palle Dyre; de første år præges af smålig karrighed, gensidig nag og Maries voksende tristesse, som også manifesterer sig i hendes fysiske forandring.

Senere træder Søren Ladefoged frem som en stærk, grov men hengiven skikkelse, hvis grove hengivenhed og vedvarende erklæringer vinder Maries følelser. Efter hemmeligholdelse bliver deres forhold hurtigt kendt blandt tjenestefolk og møder hån, jalousi og anspændte magtrelationer over for Erik Grubbe og Palle Dyre. Affæren kulminerer dramatisk, da Søren i et øjeblik af raseri eller panik skyder Ane Trinderup, en bryggerspige og hans slægtning; Ane overlever med skader. Søren arresteres, flygter og skjules i omegnen, mens Palle Dyre forsøger at dæmpe skandalen af hensyn til omkostninger og omdømme, og Erik Grubbe søger strengere sanktioner. Temaer i romanen omfatter sociale og kønsmæssige magtforhold, ægteskabets økonomi, skandale, skam og konsekvenserne af lidenskab og vold inden for et aristokratisk landsbymiljø. [Place]",4
"Summary #2

Romanen udspiller sig i 1600‑tallet og følger især Marie Grubbes liv fra hendes rolle som statholderske i Norge gennem skandale, skilsmisse, eksil og tilbagevenden til et tilsyneladende almindeligt bondeliv. Handlingen bevæger sig mellem steder som herregårdene Tjele og Kalø, København og hoffet ved Frederiksborg, Aggershus i Norge samt byer på hendes rejser i Europa — Lübeck, Nürnberg og Paris — og senere jyske egne og en færge på Falster. Centrale personer er Marie Grubbe, hendes far Erik Grubbe, hendes første mand Ulrik Frederik (statholder), den korte elsker Sti Høg, kammerpigen Lucie, hendes anden mand justitsråd Palle Dyre og i de senere afsnit kusket Søren Ladefoged, der senere bliver hendes tredje ægtefælle, samt et kor af tjenestefolk, hoffolk og embedsmænd.

Fortællingen åbner med Maries ægteskab med Ulrik Frederik, konflikter på Aggershus og hendes flugt, efterfulgt af Erik Grubbes indgriben ved hoffet og en skilsmisse, der endeligt stadfæstes af højesteret. Marie modtager sin medgift og rejser ud i Europa, hvor et kort og lidenskabeligt forhold til Sti Høg bryder sammen. Hjemvendt indgår hun et økonomisk og følelsesmæssigt anstrengt ægteskab med Palle Dyre; de første år præges af smålig karrighed, gensidig nag og Maries voksende tristesse, som også manifesterer sig i hendes fysiske forandring.

Senere træder Søren Ladefoged frem som en stærk, grov men hengiven skikkelse, hvis grove hengivenhed og vedvarende erklæringer vinder Maries følelser. Efter hemmeligholdelse bliver deres forhold hurtigt kendt blandt tjenestefolk og møder hån, jalousi og anspændte magtrelationer over for Erik Grubbe og Palle Dyre. Affæren kulminerer dramatisk, da Søren i et øjeblik af raseri eller panik skyder Ane Trinderup, en bryggerspige og hans slægtning; Ane overlever med skader. Søren arresteres, flygter og skjules i omegnen, mens Palle Dyre forsøger at dæmpe skandalen af hensyn til omkostninger og omdømme, og Erik Grubbe søger strengere sanktioner. Temaer i romanen omfatter sociale og kønsmæssige magtforhold, ægteskabets økonomi, skandale, skam og konsekvenserne af lidenskab og vold inden for et aristokratisk landsbymiljø. [Characters]",3
"Summary #2

Romanen udspiller sig i 1600‑tallet og følger især Marie Grubbes liv fra hendes rolle som statholderske i Norge gennem skandale, skilsmisse, eksil og tilbagevenden til et tilsyneladende almindeligt bondeliv. Handlingen bevæger sig mellem steder som herregårdene Tjele og Kalø, København og hoffet ved Frederiksborg, Aggershus i Norge samt byer på hendes rejser i Europa — Lübeck, Nürnberg og Paris — og senere jyske egne og en færge på Falster. Centrale personer er Marie Grubbe, hendes far Erik Grubbe, hendes første mand Ulrik Frederik (statholder), den korte elsker Sti Høg, kammerpigen Lucie, hendes anden mand justitsråd Palle Dyre og i de senere afsnit kusket Søren Ladefoged, der senere bliver hendes tredje ægtefælle, samt et kor af tjenestefolk, hoffolk og embedsmænd.

Fortællingen åbner med Maries ægteskab med Ulrik Frederik, konflikter på Aggershus og hendes flugt, efterfulgt af Erik Grubbes indgriben ved hoffet og en skilsmisse, der endeligt stadfæstes af højesteret. Marie modtager sin medgift og rejser ud i Europa, hvor et kort og lidenskabeligt forhold til Sti Høg bryder sammen. Hjemvendt indgår hun et økonomisk og følelsesmæssigt anstrengt ægteskab med Palle Dyre; de første år præges af smålig karrighed, gensidig nag og Maries voksende tristesse, som også manifesterer sig i hendes fysiske forandring.

Senere træder Søren Ladefoged frem som en stærk, grov men hengiven skikkelse, hvis grove hengivenhed og vedvarende erklæringer vinder Maries følelser. Efter hemmeligholdelse bliver deres forhold hurtigt kendt blandt tjenestefolk og møder hån, jalousi og anspændte magtrelationer over for Erik Grubbe og Palle Dyre. Affæren kulminerer dramatisk, da Søren i et øjeblik af raseri eller panik skyder Ane Trinderup, en bryggerspige og hans slægtning; Ane overlever med skader. Søren arresteres, flygter og skjules i omegnen, mens Palle Dyre forsøger at dæmpe skandalen af hensyn til omkostninger og omdømme, og Erik Grubbe søger strengere sanktioner. Temaer i romanen omfatter sociale og kønsmæssige magtforhold, ægteskabets økonomi, skandale, skam og konsekvenserne af lidenskab og vold inden for et aristokratisk landsbymiljø. [Plot]",3
"Summary #2

Romanen udspiller sig i 1600‑tallet og følger især Marie Grubbes liv fra hendes rolle som statholderske i Norge gennem skandale, skilsmisse, eksil og tilbagevenden til et tilsyneladende almindeligt bondeliv. Handlingen bevæger sig mellem steder som herregårdene Tjele og Kalø, København og hoffet ved Frederiksborg, Aggershus i Norge samt byer på hendes rejser i Europa — Lübeck, Nürnberg og Paris — og senere jyske egne og en færge på Falster. Centrale personer er Marie Grubbe, hendes far Erik Grubbe, hendes første mand Ulrik Frederik (statholder), den korte elsker Sti Høg, kammerpigen Lucie, hendes anden mand justitsråd Palle Dyre og i de senere afsnit kusket Søren Ladefoged, der senere bliver hendes tredje ægtefælle, samt et kor af tjenestefolk, hoffolk og embedsmænd.

Fortællingen åbner med Maries ægteskab med Ulrik Frederik, konflikter på Aggershus og hendes flugt, efterfulgt af Erik Grubbes indgriben ved hoffet og en skilsmisse, der endeligt stadfæstes af højesteret. Marie modtager sin medgift og rejser ud i Europa, hvor et kort og lidenskabeligt forhold til Sti Høg bryder sammen. Hjemvendt indgår hun et økonomisk og følelsesmæssigt anstrengt ægteskab med Palle Dyre; de første år præges af smålig karrighed, gensidig nag og Maries voksende tristesse, som også manifesterer sig i hendes fysiske forandring.

Senere træder Søren Ladefoged frem som en stærk, grov men hengiven skikkelse, hvis grove hengivenhed og vedvarende erklæringer vinder Maries følelser. Efter hemmeligholdelse bliver deres forhold hurtigt kendt blandt tjenestefolk og møder hån, jalousi og anspændte magtrelationer over for Erik Grubbe og Palle Dyre. Affæren kulminerer dramatisk, da Søren i et øjeblik af raseri eller panik skyder Ane Trinderup, en bryggerspige og hans slægtning; Ane overlever med skader. Søren arresteres, flygter og skjules i omegnen, mens Palle Dyre forsøger at dæmpe skandalen af hensyn til omkostninger og omdømme, og Erik Grubbe søger strengere sanktioner. Temaer i romanen omfatter sociale og kønsmæssige magtforhold, ægteskabets økonomi, skandale, skam og konsekvenserne af lidenskab og vold inden for et aristokratisk landsbymiljø. [Themes]",3
"Summary #3

Sommeren 1657 på Tjele Hovedgaard oplever den fjortenårige Marie Grubbe krigserklæringen og vognulykken, der sender faderen Erik Grubbe til København og hende selv til faster Rigitze. I byen betragter hun livet fra vinduet, indtil generalløjtnant Ulrik Christian Gyldenløve en aften kysser hende i fasters stue; hans død 11. december efterlader hende i døs af længsel. Samtidig forlover Ulrik Frederik Gyldenløve sig med Sofie Urne, men deres hemmelige ægteskab ophæves ved kongelig ordre, og Sofie sendes til klostret i Itzehoe, mens Ulrik Frederik falder i druk og vanry. Efter sejren ved Nyborg i november 1659 vender han tilbage til hoffet som oberst tilhest.

Marie, nu sytten og asketisk efter Ulrik Christians død, trækkes sommeren 1659 ud i det sociale liv med voksentøj og danselære. Ved en søndagsspadsér på Petri Kirkegaard møder hun Ulrik Frederik igen; de forlover sig med Rigitzes og kongens billigelse og stilgifter i december 1660. Uden for hoffets gunst længes Ulrik Frederik efter krig og rejser i april 1661 til Spanien i fjorten måneder. I hans fravær opsluger ensomhed og længsel Marie; hun dvæler ved dødsdrift og selvskade, indtil han i august 1662 vender beruset og hædret hjem. Under et voldeligt genskabsmøde stikker hun efter ham med en brødkniv; skræmt af sin handling og hans kolde distance siver hendes kærlighed ud i ligegyldighed. Ulrik Frederik indleder et forhold til Karen Fiol; på Frederiksborg sommeren 1662 konfronterer Marie dem i haven, kaster en sten mod vinduet og trues med en nål, hvorefter hun tavser for hoffet og indvendigt bryder med ham.

Ved balletten «Die Waldlust» i september 1663 danser Marie som Diana og møder i en grotte Sti Høg, hvis tilbedelse hun belønner med et medlidenhedskys. I januar 1664 følger hun Ulrik Frederik til Aggershus som norsk statholderske; de lever adskilt, indtil han i «Daasen» en rå eftermiddag opsøger hende. Under en drukken samtale bekender hun sin døde kærlighed; i vildt raseri jager han hende ud, og samme nat flygter hun med en skipper til Danmark. Efter brevvekslinger indgives i maj 1667 en supplik til kong Christian V; ved højesteretsdom 14. oktober 1667 ophæves ægteskabet, og Marie får medgift og klenodier tilbage.

Umiddelbart efter rejser hun til Lübeck med kammerpigen Lucie og møder Sti Høg, der følger hende som rejsemarskalk gennem Tyskland. Deres kærlighed brister i Paris, da hans svaghed viser sig. Marie driver herefter om i Europa, indtil hun i Nürnberg møder den fromme adelsmand Remigius, hvis død i en rideulykke sender hende hjem til Tjele med tomme hænder. [Fluency]",3
"Summary #3

Sommeren 1657 på Tjele Hovedgaard oplever den fjortenårige Marie Grubbe krigserklæringen og vognulykken, der sender faderen Erik Grubbe til København og hende selv til faster Rigitze. I byen betragter hun livet fra vinduet, indtil generalløjtnant Ulrik Christian Gyldenløve en aften kysser hende i fasters stue; hans død 11. december efterlader hende i døs af længsel. Samtidig forlover Ulrik Frederik Gyldenløve sig med Sofie Urne, men deres hemmelige ægteskab ophæves ved kongelig ordre, og Sofie sendes til klostret i Itzehoe, mens Ulrik Frederik falder i druk og vanry. Efter sejren ved Nyborg i november 1659 vender han tilbage til hoffet som oberst tilhest.

Marie, nu sytten og asketisk efter Ulrik Christians død, trækkes sommeren 1659 ud i det sociale liv med voksentøj og danselære. Ved en søndagsspadsér på Petri Kirkegaard møder hun Ulrik Frederik igen; de forlover sig med Rigitzes og kongens billigelse og stilgifter i december 1660. Uden for hoffets gunst længes Ulrik Frederik efter krig og rejser i april 1661 til Spanien i fjorten måneder. I hans fravær opsluger ensomhed og længsel Marie; hun dvæler ved dødsdrift og selvskade, indtil han i august 1662 vender beruset og hædret hjem. Under et voldeligt genskabsmøde stikker hun efter ham med en brødkniv; skræmt af sin handling og hans kolde distance siver hendes kærlighed ud i ligegyldighed. Ulrik Frederik indleder et forhold til Karen Fiol; på Frederiksborg sommeren 1662 konfronterer Marie dem i haven, kaster en sten mod vinduet og trues med en nål, hvorefter hun tavser for hoffet og indvendigt bryder med ham.

Ved balletten «Die Waldlust» i september 1663 danser Marie som Diana og møder i en grotte Sti Høg, hvis tilbedelse hun belønner med et medlidenhedskys. I januar 1664 følger hun Ulrik Frederik til Aggershus som norsk statholderske; de lever adskilt, indtil han i «Daasen» en rå eftermiddag opsøger hende. Under en drukken samtale bekender hun sin døde kærlighed; i vildt raseri jager han hende ud, og samme nat flygter hun med en skipper til Danmark. Efter brevvekslinger indgives i maj 1667 en supplik til kong Christian V; ved højesteretsdom 14. oktober 1667 ophæves ægteskabet, og Marie får medgift og klenodier tilbage.

Umiddelbart efter rejser hun til Lübeck med kammerpigen Lucie og møder Sti Høg, der følger hende som rejsemarskalk gennem Tyskland. Deres kærlighed brister i Paris, da hans svaghed viser sig. Marie driver herefter om i Europa, indtil hun i Nürnberg møder den fromme adelsmand Remigius, hvis død i en rideulykke sender hende hjem til Tjele med tomme hænder. [Coherence]",3
"Summary #3

Sommeren 1657 på Tjele Hovedgaard oplever den fjortenårige Marie Grubbe krigserklæringen og vognulykken, der sender faderen Erik Grubbe til København og hende selv til faster Rigitze. I byen betragter hun livet fra vinduet, indtil generalløjtnant Ulrik Christian Gyldenløve en aften kysser hende i fasters stue; hans død 11. december efterlader hende i døs af længsel. Samtidig forlover Ulrik Frederik Gyldenløve sig med Sofie Urne, men deres hemmelige ægteskab ophæves ved kongelig ordre, og Sofie sendes til klostret i Itzehoe, mens Ulrik Frederik falder i druk og vanry. Efter sejren ved Nyborg i november 1659 vender han tilbage til hoffet som oberst tilhest.

Marie, nu sytten og asketisk efter Ulrik Christians død, trækkes sommeren 1659 ud i det sociale liv med voksentøj og danselære. Ved en søndagsspadsér på Petri Kirkegaard møder hun Ulrik Frederik igen; de forlover sig med Rigitzes og kongens billigelse og stilgifter i december 1660. Uden for hoffets gunst længes Ulrik Frederik efter krig og rejser i april 1661 til Spanien i fjorten måneder. I hans fravær opsluger ensomhed og længsel Marie; hun dvæler ved dødsdrift og selvskade, indtil han i august 1662 vender beruset og hædret hjem. Under et voldeligt genskabsmøde stikker hun efter ham med en brødkniv; skræmt af sin handling og hans kolde distance siver hendes kærlighed ud i ligegyldighed. Ulrik Frederik indleder et forhold til Karen Fiol; på Frederiksborg sommeren 1662 konfronterer Marie dem i haven, kaster en sten mod vinduet og trues med en nål, hvorefter hun tavser for hoffet og indvendigt bryder med ham.

Ved balletten «Die Waldlust» i september 1663 danser Marie som Diana og møder i en grotte Sti Høg, hvis tilbedelse hun belønner med et medlidenhedskys. I januar 1664 følger hun Ulrik Frederik til Aggershus som norsk statholderske; de lever adskilt, indtil han i «Daasen» en rå eftermiddag opsøger hende. Under en drukken samtale bekender hun sin døde kærlighed; i vildt raseri jager han hende ud, og samme nat flygter hun med en skipper til Danmark. Efter brevvekslinger indgives i maj 1667 en supplik til kong Christian V; ved højesteretsdom 14. oktober 1667 ophæves ægteskabet, og Marie får medgift og klenodier tilbage.

Umiddelbart efter rejser hun til Lübeck med kammerpigen Lucie og møder Sti Høg, der følger hende som rejsemarskalk gennem Tyskland. Deres kærlighed brister i Paris, da hans svaghed viser sig. Marie driver herefter om i Europa, indtil hun i Nürnberg møder den fromme adelsmand Remigius, hvis død i en rideulykke sender hende hjem til Tjele med tomme hænder. [Relevance]",3
"Summary #3

Sommeren 1657 på Tjele Hovedgaard oplever den fjortenårige Marie Grubbe krigserklæringen og vognulykken, der sender faderen Erik Grubbe til København og hende selv til faster Rigitze. I byen betragter hun livet fra vinduet, indtil generalløjtnant Ulrik Christian Gyldenløve en aften kysser hende i fasters stue; hans død 11. december efterlader hende i døs af længsel. Samtidig forlover Ulrik Frederik Gyldenløve sig med Sofie Urne, men deres hemmelige ægteskab ophæves ved kongelig ordre, og Sofie sendes til klostret i Itzehoe, mens Ulrik Frederik falder i druk og vanry. Efter sejren ved Nyborg i november 1659 vender han tilbage til hoffet som oberst tilhest.

Marie, nu sytten og asketisk efter Ulrik Christians død, trækkes sommeren 1659 ud i det sociale liv med voksentøj og danselære. Ved en søndagsspadsér på Petri Kirkegaard møder hun Ulrik Frederik igen; de forlover sig med Rigitzes og kongens billigelse og stilgifter i december 1660. Uden for hoffets gunst længes Ulrik Frederik efter krig og rejser i april 1661 til Spanien i fjorten måneder. I hans fravær opsluger ensomhed og længsel Marie; hun dvæler ved dødsdrift og selvskade, indtil han i august 1662 vender beruset og hædret hjem. Under et voldeligt genskabsmøde stikker hun efter ham med en brødkniv; skræmt af sin handling og hans kolde distance siver hendes kærlighed ud i ligegyldighed. Ulrik Frederik indleder et forhold til Karen Fiol; på Frederiksborg sommeren 1662 konfronterer Marie dem i haven, kaster en sten mod vinduet og trues med en nål, hvorefter hun tavser for hoffet og indvendigt bryder med ham.

Ved balletten «Die Waldlust» i september 1663 danser Marie som Diana og møder i en grotte Sti Høg, hvis tilbedelse hun belønner med et medlidenhedskys. I januar 1664 følger hun Ulrik Frederik til Aggershus som norsk statholderske; de lever adskilt, indtil han i «Daasen» en rå eftermiddag opsøger hende. Under en drukken samtale bekender hun sin døde kærlighed; i vildt raseri jager han hende ud, og samme nat flygter hun med en skipper til Danmark. Efter brevvekslinger indgives i maj 1667 en supplik til kong Christian V; ved højesteretsdom 14. oktober 1667 ophæves ægteskabet, og Marie får medgift og klenodier tilbage.

Umiddelbart efter rejser hun til Lübeck med kammerpigen Lucie og møder Sti Høg, der følger hende som rejsemarskalk gennem Tyskland. Deres kærlighed brister i Paris, da hans svaghed viser sig. Marie driver herefter om i Europa, indtil hun i Nürnberg møder den fromme adelsmand Remigius, hvis død i en rideulykke sender hende hjem til Tjele med tomme hænder. [Factuality]",3
"Summary #3

Sommeren 1657 på Tjele Hovedgaard oplever den fjortenårige Marie Grubbe krigserklæringen og vognulykken, der sender faderen Erik Grubbe til København og hende selv til faster Rigitze. I byen betragter hun livet fra vinduet, indtil generalløjtnant Ulrik Christian Gyldenløve en aften kysser hende i fasters stue; hans død 11. december efterlader hende i døs af længsel. Samtidig forlover Ulrik Frederik Gyldenløve sig med Sofie Urne, men deres hemmelige ægteskab ophæves ved kongelig ordre, og Sofie sendes til klostret i Itzehoe, mens Ulrik Frederik falder i druk og vanry. Efter sejren ved Nyborg i november 1659 vender han tilbage til hoffet som oberst tilhest.

Marie, nu sytten og asketisk efter Ulrik Christians død, trækkes sommeren 1659 ud i det sociale liv med voksentøj og danselære. Ved en søndagsspadsér på Petri Kirkegaard møder hun Ulrik Frederik igen; de forlover sig med Rigitzes og kongens billigelse og stilgifter i december 1660. Uden for hoffets gunst længes Ulrik Frederik efter krig og rejser i april 1661 til Spanien i fjorten måneder. I hans fravær opsluger ensomhed og længsel Marie; hun dvæler ved dødsdrift og selvskade, indtil han i august 1662 vender beruset og hædret hjem. Under et voldeligt genskabsmøde stikker hun efter ham med en brødkniv; skræmt af sin handling og hans kolde distance siver hendes kærlighed ud i ligegyldighed. Ulrik Frederik indleder et forhold til Karen Fiol; på Frederiksborg sommeren 1662 konfronterer Marie dem i haven, kaster en sten mod vinduet og trues med en nål, hvorefter hun tavser for hoffet og indvendigt bryder med ham.

Ved balletten «Die Waldlust» i september 1663 danser Marie som Diana og møder i en grotte Sti Høg, hvis tilbedelse hun belønner med et medlidenhedskys. I januar 1664 følger hun Ulrik Frederik til Aggershus som norsk statholderske; de lever adskilt, indtil han i «Daasen» en rå eftermiddag opsøger hende. Under en drukken samtale bekender hun sin døde kærlighed; i vildt raseri jager han hende ud, og samme nat flygter hun med en skipper til Danmark. Efter brevvekslinger indgives i maj 1667 en supplik til kong Christian V; ved højesteretsdom 14. oktober 1667 ophæves ægteskabet, og Marie får medgift og klenodier tilbage.

Umiddelbart efter rejser hun til Lübeck med kammerpigen Lucie og møder Sti Høg, der følger hende som rejsemarskalk gennem Tyskland. Deres kærlighed brister i Paris, da hans svaghed viser sig. Marie driver herefter om i Europa, indtil hun i Nürnberg møder den fromme adelsmand Remigius, hvis død i en rideulykke sender hende hjem til Tjele med tomme hænder. [Time]",5
"Summary #3

Sommeren 1657 på Tjele Hovedgaard oplever den fjortenårige Marie Grubbe krigserklæringen og vognulykken, der sender faderen Erik Grubbe til København og hende selv til faster Rigitze. I byen betragter hun livet fra vinduet, indtil generalløjtnant Ulrik Christian Gyldenløve en aften kysser hende i fasters stue; hans død 11. december efterlader hende i døs af længsel. Samtidig forlover Ulrik Frederik Gyldenløve sig med Sofie Urne, men deres hemmelige ægteskab ophæves ved kongelig ordre, og Sofie sendes til klostret i Itzehoe, mens Ulrik Frederik falder i druk og vanry. Efter sejren ved Nyborg i november 1659 vender han tilbage til hoffet som oberst tilhest.

Marie, nu sytten og asketisk efter Ulrik Christians død, trækkes sommeren 1659 ud i det sociale liv med voksentøj og danselære. Ved en søndagsspadsér på Petri Kirkegaard møder hun Ulrik Frederik igen; de forlover sig med Rigitzes og kongens billigelse og stilgifter i december 1660. Uden for hoffets gunst længes Ulrik Frederik efter krig og rejser i april 1661 til Spanien i fjorten måneder. I hans fravær opsluger ensomhed og længsel Marie; hun dvæler ved dødsdrift og selvskade, indtil han i august 1662 vender beruset og hædret hjem. Under et voldeligt genskabsmøde stikker hun efter ham med en brødkniv; skræmt af sin handling og hans kolde distance siver hendes kærlighed ud i ligegyldighed. Ulrik Frederik indleder et forhold til Karen Fiol; på Frederiksborg sommeren 1662 konfronterer Marie dem i haven, kaster en sten mod vinduet og trues med en nål, hvorefter hun tavser for hoffet og indvendigt bryder med ham.

Ved balletten «Die Waldlust» i september 1663 danser Marie som Diana og møder i en grotte Sti Høg, hvis tilbedelse hun belønner med et medlidenhedskys. I januar 1664 følger hun Ulrik Frederik til Aggershus som norsk statholderske; de lever adskilt, indtil han i «Daasen» en rå eftermiddag opsøger hende. Under en drukken samtale bekender hun sin døde kærlighed; i vildt raseri jager han hende ud, og samme nat flygter hun med en skipper til Danmark. Efter brevvekslinger indgives i maj 1667 en supplik til kong Christian V; ved højesteretsdom 14. oktober 1667 ophæves ægteskabet, og Marie får medgift og klenodier tilbage.

Umiddelbart efter rejser hun til Lübeck med kammerpigen Lucie og møder Sti Høg, der følger hende som rejsemarskalk gennem Tyskland. Deres kærlighed brister i Paris, da hans svaghed viser sig. Marie driver herefter om i Europa, indtil hun i Nürnberg møder den fromme adelsmand Remigius, hvis død i en rideulykke sender hende hjem til Tjele med tomme hænder. [Place]",5
"Summary #3

Sommeren 1657 på Tjele Hovedgaard oplever den fjortenårige Marie Grubbe krigserklæringen og vognulykken, der sender faderen Erik Grubbe til København og hende selv til faster Rigitze. I byen betragter hun livet fra vinduet, indtil generalløjtnant Ulrik Christian Gyldenløve en aften kysser hende i fasters stue; hans død 11. december efterlader hende i døs af længsel. Samtidig forlover Ulrik Frederik Gyldenløve sig med Sofie Urne, men deres hemmelige ægteskab ophæves ved kongelig ordre, og Sofie sendes til klostret i Itzehoe, mens Ulrik Frederik falder i druk og vanry. Efter sejren ved Nyborg i november 1659 vender han tilbage til hoffet som oberst tilhest.

Marie, nu sytten og asketisk efter Ulrik Christians død, trækkes sommeren 1659 ud i det sociale liv med voksentøj og danselære. Ved en søndagsspadsér på Petri Kirkegaard møder hun Ulrik Frederik igen; de forlover sig med Rigitzes og kongens billigelse og stilgifter i december 1660. Uden for hoffets gunst længes Ulrik Frederik efter krig og rejser i april 1661 til Spanien i fjorten måneder. I hans fravær opsluger ensomhed og længsel Marie; hun dvæler ved dødsdrift og selvskade, indtil han i august 1662 vender beruset og hædret hjem. Under et voldeligt genskabsmøde stikker hun efter ham med en brødkniv; skræmt af sin handling og hans kolde distance siver hendes kærlighed ud i ligegyldighed. Ulrik Frederik indleder et forhold til Karen Fiol; på Frederiksborg sommeren 1662 konfronterer Marie dem i haven, kaster en sten mod vinduet og trues med en nål, hvorefter hun tavser for hoffet og indvendigt bryder med ham.

Ved balletten «Die Waldlust» i september 1663 danser Marie som Diana og møder i en grotte Sti Høg, hvis tilbedelse hun belønner med et medlidenhedskys. I januar 1664 følger hun Ulrik Frederik til Aggershus som norsk statholderske; de lever adskilt, indtil han i «Daasen» en rå eftermiddag opsøger hende. Under en drukken samtale bekender hun sin døde kærlighed; i vildt raseri jager han hende ud, og samme nat flygter hun med en skipper til Danmark. Efter brevvekslinger indgives i maj 1667 en supplik til kong Christian V; ved højesteretsdom 14. oktober 1667 ophæves ægteskabet, og Marie får medgift og klenodier tilbage.

Umiddelbart efter rejser hun til Lübeck med kammerpigen Lucie og møder Sti Høg, der følger hende som rejsemarskalk gennem Tyskland. Deres kærlighed brister i Paris, da hans svaghed viser sig. Marie driver herefter om i Europa, indtil hun i Nürnberg møder den fromme adelsmand Remigius, hvis død i en rideulykke sender hende hjem til Tjele med tomme hænder. [Characters]",3
"Summary #3

Sommeren 1657 på Tjele Hovedgaard oplever den fjortenårige Marie Grubbe krigserklæringen og vognulykken, der sender faderen Erik Grubbe til København og hende selv til faster Rigitze. I byen betragter hun livet fra vinduet, indtil generalløjtnant Ulrik Christian Gyldenløve en aften kysser hende i fasters stue; hans død 11. december efterlader hende i døs af længsel. Samtidig forlover Ulrik Frederik Gyldenløve sig med Sofie Urne, men deres hemmelige ægteskab ophæves ved kongelig ordre, og Sofie sendes til klostret i Itzehoe, mens Ulrik Frederik falder i druk og vanry. Efter sejren ved Nyborg i november 1659 vender han tilbage til hoffet som oberst tilhest.

Marie, nu sytten og asketisk efter Ulrik Christians død, trækkes sommeren 1659 ud i det sociale liv med voksentøj og danselære. Ved en søndagsspadsér på Petri Kirkegaard møder hun Ulrik Frederik igen; de forlover sig med Rigitzes og kongens billigelse og stilgifter i december 1660. Uden for hoffets gunst længes Ulrik Frederik efter krig og rejser i april 1661 til Spanien i fjorten måneder. I hans fravær opsluger ensomhed og længsel Marie; hun dvæler ved dødsdrift og selvskade, indtil han i august 1662 vender beruset og hædret hjem. Under et voldeligt genskabsmøde stikker hun efter ham med en brødkniv; skræmt af sin handling og hans kolde distance siver hendes kærlighed ud i ligegyldighed. Ulrik Frederik indleder et forhold til Karen Fiol; på Frederiksborg sommeren 1662 konfronterer Marie dem i haven, kaster en sten mod vinduet og trues med en nål, hvorefter hun tavser for hoffet og indvendigt bryder med ham.

Ved balletten «Die Waldlust» i september 1663 danser Marie som Diana og møder i en grotte Sti Høg, hvis tilbedelse hun belønner med et medlidenhedskys. I januar 1664 følger hun Ulrik Frederik til Aggershus som norsk statholderske; de lever adskilt, indtil han i «Daasen» en rå eftermiddag opsøger hende. Under en drukken samtale bekender hun sin døde kærlighed; i vildt raseri jager han hende ud, og samme nat flygter hun med en skipper til Danmark. Efter brevvekslinger indgives i maj 1667 en supplik til kong Christian V; ved højesteretsdom 14. oktober 1667 ophæves ægteskabet, og Marie får medgift og klenodier tilbage.

Umiddelbart efter rejser hun til Lübeck med kammerpigen Lucie og møder Sti Høg, der følger hende som rejsemarskalk gennem Tyskland. Deres kærlighed brister i Paris, da hans svaghed viser sig. Marie driver herefter om i Europa, indtil hun i Nürnberg møder den fromme adelsmand Remigius, hvis død i en rideulykke sender hende hjem til Tjele med tomme hænder. [Plot]",3
"Summary #3

Sommeren 1657 på Tjele Hovedgaard oplever den fjortenårige Marie Grubbe krigserklæringen og vognulykken, der sender faderen Erik Grubbe til København og hende selv til faster Rigitze. I byen betragter hun livet fra vinduet, indtil generalløjtnant Ulrik Christian Gyldenløve en aften kysser hende i fasters stue; hans død 11. december efterlader hende i døs af længsel. Samtidig forlover Ulrik Frederik Gyldenløve sig med Sofie Urne, men deres hemmelige ægteskab ophæves ved kongelig ordre, og Sofie sendes til klostret i Itzehoe, mens Ulrik Frederik falder i druk og vanry. Efter sejren ved Nyborg i november 1659 vender han tilbage til hoffet som oberst tilhest.

Marie, nu sytten og asketisk efter Ulrik Christians død, trækkes sommeren 1659 ud i det sociale liv med voksentøj og danselære. Ved en søndagsspadsér på Petri Kirkegaard møder hun Ulrik Frederik igen; de forlover sig med Rigitzes og kongens billigelse og stilgifter i december 1660. Uden for hoffets gunst længes Ulrik Frederik efter krig og rejser i april 1661 til Spanien i fjorten måneder. I hans fravær opsluger ensomhed og længsel Marie; hun dvæler ved dødsdrift og selvskade, indtil han i august 1662 vender beruset og hædret hjem. Under et voldeligt genskabsmøde stikker hun efter ham med en brødkniv; skræmt af sin handling og hans kolde distance siver hendes kærlighed ud i ligegyldighed. Ulrik Frederik indleder et forhold til Karen Fiol; på Frederiksborg sommeren 1662 konfronterer Marie dem i haven, kaster en sten mod vinduet og trues med en nål, hvorefter hun tavser for hoffet og indvendigt bryder med ham.

Ved balletten «Die Waldlust» i september 1663 danser Marie som Diana og møder i en grotte Sti Høg, hvis tilbedelse hun belønner med et medlidenhedskys. I januar 1664 følger hun Ulrik Frederik til Aggershus som norsk statholderske; de lever adskilt, indtil han i «Daasen» en rå eftermiddag opsøger hende. Under en drukken samtale bekender hun sin døde kærlighed; i vildt raseri jager han hende ud, og samme nat flygter hun med en skipper til Danmark. Efter brevvekslinger indgives i maj 1667 en supplik til kong Christian V; ved højesteretsdom 14. oktober 1667 ophæves ægteskabet, og Marie får medgift og klenodier tilbage.

Umiddelbart efter rejser hun til Lübeck med kammerpigen Lucie og møder Sti Høg, der følger hende som rejsemarskalk gennem Tyskland. Deres kærlighed brister i Paris, da hans svaghed viser sig. Marie driver herefter om i Europa, indtil hun i Nürnberg møder den fromme adelsmand Remigius, hvis død i en rideulykke sender hende hjem til Tjele med tomme hænder. [Themes]",2
novel_id,Niels Lyhne
"Summary #1

Den realistisk-historiske roman foregår i 1800-tallets danske provins og i København og følger slægterne Bliderne og Lyhnerne. Bartholine Blider, en følsom og digtglad bondepige, føler sig fremmed i sin jævne familie og drømmer om at leve gennem poesien. Den unge student Lyhne fra Lønborggaard forelsker sig i hende, og de gifter sig, men ægteskabet skranter: han længes efter hverdagens ro, hun taber sine illusioner og trækker sig tilbage i bitterhed. Deres søn Niels vokser op mellem moderens eventyr og faderens jordbundne fornuft og udvikler en urolig fantasi sammen med veninden Frithiof.

Da Niels er tolv, ankommer huslæreren Hr. Bigum og Lyhnes søster Edele fra København. Edeles mondæne arrogance og afvisning af Bigums kærlighed gør indtryk på Niels. Edeles død under kirsebærblomsterne knuser hans barnetro og vækker oprør mod Gud. Et halvt år senere kommer fætter Erik i lære på gården; hans jordnære natur vinder magt over Niels og Frithiof, og den fælles fantasihistorie opgives. Niels undertrykker sin hemmelige kærlighed til Erik, der sendes til Kunstakademiet i København.

I hovedstaden møder Niels gennem Erik den livlige enke Fru Boye, hvis atelier er centrum for unge kunstnere og frisindede diskussioner om sensualitet og idealisme. Niels føler sig draget af hendes udstråling og frigjorte livssyn og viger bort fra sine puritanske slægtninge. En forårsaften hos Fru Boye erkender han sin kærlighed til hende, kysser hendes hånd og går ud i natten med ny sikkerhed. [Fluency]",3
"Summary #1

Den realistisk-historiske roman foregår i 1800-tallets danske provins og i København og følger slægterne Bliderne og Lyhnerne. Bartholine Blider, en følsom og digtglad bondepige, føler sig fremmed i sin jævne familie og drømmer om at leve gennem poesien. Den unge student Lyhne fra Lønborggaard forelsker sig i hende, og de gifter sig, men ægteskabet skranter: han længes efter hverdagens ro, hun taber sine illusioner og trækker sig tilbage i bitterhed. Deres søn Niels vokser op mellem moderens eventyr og faderens jordbundne fornuft og udvikler en urolig fantasi sammen med veninden Frithiof.

Da Niels er tolv, ankommer huslæreren Hr. Bigum og Lyhnes søster Edele fra København. Edeles mondæne arrogance og afvisning af Bigums kærlighed gør indtryk på Niels. Edeles død under kirsebærblomsterne knuser hans barnetro og vækker oprør mod Gud. Et halvt år senere kommer fætter Erik i lære på gården; hans jordnære natur vinder magt over Niels og Frithiof, og den fælles fantasihistorie opgives. Niels undertrykker sin hemmelige kærlighed til Erik, der sendes til Kunstakademiet i København.

I hovedstaden møder Niels gennem Erik den livlige enke Fru Boye, hvis atelier er centrum for unge kunstnere og frisindede diskussioner om sensualitet og idealisme. Niels føler sig draget af hendes udstråling og frigjorte livssyn og viger bort fra sine puritanske slægtninge. En forårsaften hos Fru Boye erkender han sin kærlighed til hende, kysser hendes hånd og går ud i natten med ny sikkerhed. [Coherence]",3
"Summary #1

Den realistisk-historiske roman foregår i 1800-tallets danske provins og i København og følger slægterne Bliderne og Lyhnerne. Bartholine Blider, en følsom og digtglad bondepige, føler sig fremmed i sin jævne familie og drømmer om at leve gennem poesien. Den unge student Lyhne fra Lønborggaard forelsker sig i hende, og de gifter sig, men ægteskabet skranter: han længes efter hverdagens ro, hun taber sine illusioner og trækker sig tilbage i bitterhed. Deres søn Niels vokser op mellem moderens eventyr og faderens jordbundne fornuft og udvikler en urolig fantasi sammen med veninden Frithiof.

Da Niels er tolv, ankommer huslæreren Hr. Bigum og Lyhnes søster Edele fra København. Edeles mondæne arrogance og afvisning af Bigums kærlighed gør indtryk på Niels. Edeles død under kirsebærblomsterne knuser hans barnetro og vækker oprør mod Gud. Et halvt år senere kommer fætter Erik i lære på gården; hans jordnære natur vinder magt over Niels og Frithiof, og den fælles fantasihistorie opgives. Niels undertrykker sin hemmelige kærlighed til Erik, der sendes til Kunstakademiet i København.

I hovedstaden møder Niels gennem Erik den livlige enke Fru Boye, hvis atelier er centrum for unge kunstnere og frisindede diskussioner om sensualitet og idealisme. Niels føler sig draget af hendes udstråling og frigjorte livssyn og viger bort fra sine puritanske slægtninge. En forårsaften hos Fru Boye erkender han sin kærlighed til hende, kysser hendes hånd og går ud i natten med ny sikkerhed. [Relevance]",2
"Summary #1

Den realistisk-historiske roman foregår i 1800-tallets danske provins og i København og følger slægterne Bliderne og Lyhnerne. Bartholine Blider, en følsom og digtglad bondepige, føler sig fremmed i sin jævne familie og drømmer om at leve gennem poesien. Den unge student Lyhne fra Lønborggaard forelsker sig i hende, og de gifter sig, men ægteskabet skranter: han længes efter hverdagens ro, hun taber sine illusioner og trækker sig tilbage i bitterhed. Deres søn Niels vokser op mellem moderens eventyr og faderens jordbundne fornuft og udvikler en urolig fantasi sammen med veninden Frithiof.

Da Niels er tolv, ankommer huslæreren Hr. Bigum og Lyhnes søster Edele fra København. Edeles mondæne arrogance og afvisning af Bigums kærlighed gør indtryk på Niels. Edeles død under kirsebærblomsterne knuser hans barnetro og vækker oprør mod Gud. Et halvt år senere kommer fætter Erik i lære på gården; hans jordnære natur vinder magt over Niels og Frithiof, og den fælles fantasihistorie opgives. Niels undertrykker sin hemmelige kærlighed til Erik, der sendes til Kunstakademiet i København.

I hovedstaden møder Niels gennem Erik den livlige enke Fru Boye, hvis atelier er centrum for unge kunstnere og frisindede diskussioner om sensualitet og idealisme. Niels føler sig draget af hendes udstråling og frigjorte livssyn og viger bort fra sine puritanske slægtninge. En forårsaften hos Fru Boye erkender han sin kærlighed til hende, kysser hendes hånd og går ud i natten med ny sikkerhed. [Factuality]",3
"Summary #1

Den realistisk-historiske roman foregår i 1800-tallets danske provins og i København og følger slægterne Bliderne og Lyhnerne. Bartholine Blider, en følsom og digtglad bondepige, føler sig fremmed i sin jævne familie og drømmer om at leve gennem poesien. Den unge student Lyhne fra Lønborggaard forelsker sig i hende, og de gifter sig, men ægteskabet skranter: han længes efter hverdagens ro, hun taber sine illusioner og trækker sig tilbage i bitterhed. Deres søn Niels vokser op mellem moderens eventyr og faderens jordbundne fornuft og udvikler en urolig fantasi sammen med veninden Frithiof.

Da Niels er tolv, ankommer huslæreren Hr. Bigum og Lyhnes søster Edele fra København. Edeles mondæne arrogance og afvisning af Bigums kærlighed gør indtryk på Niels. Edeles død under kirsebærblomsterne knuser hans barnetro og vækker oprør mod Gud. Et halvt år senere kommer fætter Erik i lære på gården; hans jordnære natur vinder magt over Niels og Frithiof, og den fælles fantasihistorie opgives. Niels undertrykker sin hemmelige kærlighed til Erik, der sendes til Kunstakademiet i København.

I hovedstaden møder Niels gennem Erik den livlige enke Fru Boye, hvis atelier er centrum for unge kunstnere og frisindede diskussioner om sensualitet og idealisme. Niels føler sig draget af hendes udstråling og frigjorte livssyn og viger bort fra sine puritanske slægtninge. En forårsaften hos Fru Boye erkender han sin kærlighed til hende, kysser hendes hånd og går ud i natten med ny sikkerhed. [Time]",4
"Summary #1

Den realistisk-historiske roman foregår i 1800-tallets danske provins og i København og følger slægterne Bliderne og Lyhnerne. Bartholine Blider, en følsom og digtglad bondepige, føler sig fremmed i sin jævne familie og drømmer om at leve gennem poesien. Den unge student Lyhne fra Lønborggaard forelsker sig i hende, og de gifter sig, men ægteskabet skranter: han længes efter hverdagens ro, hun taber sine illusioner og trækker sig tilbage i bitterhed. Deres søn Niels vokser op mellem moderens eventyr og faderens jordbundne fornuft og udvikler en urolig fantasi sammen med veninden Frithiof.

Da Niels er tolv, ankommer huslæreren Hr. Bigum og Lyhnes søster Edele fra København. Edeles mondæne arrogance og afvisning af Bigums kærlighed gør indtryk på Niels. Edeles død under kirsebærblomsterne knuser hans barnetro og vækker oprør mod Gud. Et halvt år senere kommer fætter Erik i lære på gården; hans jordnære natur vinder magt over Niels og Frithiof, og den fælles fantasihistorie opgives. Niels undertrykker sin hemmelige kærlighed til Erik, der sendes til Kunstakademiet i København.

I hovedstaden møder Niels gennem Erik den livlige enke Fru Boye, hvis atelier er centrum for unge kunstnere og frisindede diskussioner om sensualitet og idealisme. Niels føler sig draget af hendes udstråling og frigjorte livssyn og viger bort fra sine puritanske slægtninge. En forårsaften hos Fru Boye erkender han sin kærlighed til hende, kysser hendes hånd og går ud i natten med ny sikkerhed. [Place]",4
"Summary #1

Den realistisk-historiske roman foregår i 1800-tallets danske provins og i København og følger slægterne Bliderne og Lyhnerne. Bartholine Blider, en følsom og digtglad bondepige, føler sig fremmed i sin jævne familie og drømmer om at leve gennem poesien. Den unge student Lyhne fra Lønborggaard forelsker sig i hende, og de gifter sig, men ægteskabet skranter: han længes efter hverdagens ro, hun taber sine illusioner og trækker sig tilbage i bitterhed. Deres søn Niels vokser op mellem moderens eventyr og faderens jordbundne fornuft og udvikler en urolig fantasi sammen med veninden Frithiof.

Da Niels er tolv, ankommer huslæreren Hr. Bigum og Lyhnes søster Edele fra København. Edeles mondæne arrogance og afvisning af Bigums kærlighed gør indtryk på Niels. Edeles død under kirsebærblomsterne knuser hans barnetro og vækker oprør mod Gud. Et halvt år senere kommer fætter Erik i lære på gården; hans jordnære natur vinder magt over Niels og Frithiof, og den fælles fantasihistorie opgives. Niels undertrykker sin hemmelige kærlighed til Erik, der sendes til Kunstakademiet i København.

I hovedstaden møder Niels gennem Erik den livlige enke Fru Boye, hvis atelier er centrum for unge kunstnere og frisindede diskussioner om sensualitet og idealisme. Niels føler sig draget af hendes udstråling og frigjorte livssyn og viger bort fra sine puritanske slægtninge. En forårsaften hos Fru Boye erkender han sin kærlighed til hende, kysser hendes hånd og går ud i natten med ny sikkerhed. [Characters]",2
"Summary #1

Den realistisk-historiske roman foregår i 1800-tallets danske provins og i København og følger slægterne Bliderne og Lyhnerne. Bartholine Blider, en følsom og digtglad bondepige, føler sig fremmed i sin jævne familie og drømmer om at leve gennem poesien. Den unge student Lyhne fra Lønborggaard forelsker sig i hende, og de gifter sig, men ægteskabet skranter: han længes efter hverdagens ro, hun taber sine illusioner og trækker sig tilbage i bitterhed. Deres søn Niels vokser op mellem moderens eventyr og faderens jordbundne fornuft og udvikler en urolig fantasi sammen med veninden Frithiof.

Da Niels er tolv, ankommer huslæreren Hr. Bigum og Lyhnes søster Edele fra København. Edeles mondæne arrogance og afvisning af Bigums kærlighed gør indtryk på Niels. Edeles død under kirsebærblomsterne knuser hans barnetro og vækker oprør mod Gud. Et halvt år senere kommer fætter Erik i lære på gården; hans jordnære natur vinder magt over Niels og Frithiof, og den fælles fantasihistorie opgives. Niels undertrykker sin hemmelige kærlighed til Erik, der sendes til Kunstakademiet i København.

I hovedstaden møder Niels gennem Erik den livlige enke Fru Boye, hvis atelier er centrum for unge kunstnere og frisindede diskussioner om sensualitet og idealisme. Niels føler sig draget af hendes udstråling og frigjorte livssyn og viger bort fra sine puritanske slægtninge. En forårsaften hos Fru Boye erkender han sin kærlighed til hende, kysser hendes hånd og går ud i natten med ny sikkerhed. [Plot]",2
"Summary #1

Den realistisk-historiske roman foregår i 1800-tallets danske provins og i København og følger slægterne Bliderne og Lyhnerne. Bartholine Blider, en følsom og digtglad bondepige, føler sig fremmed i sin jævne familie og drømmer om at leve gennem poesien. Den unge student Lyhne fra Lønborggaard forelsker sig i hende, og de gifter sig, men ægteskabet skranter: han længes efter hverdagens ro, hun taber sine illusioner og trækker sig tilbage i bitterhed. Deres søn Niels vokser op mellem moderens eventyr og faderens jordbundne fornuft og udvikler en urolig fantasi sammen med veninden Frithiof.

Da Niels er tolv, ankommer huslæreren Hr. Bigum og Lyhnes søster Edele fra København. Edeles mondæne arrogance og afvisning af Bigums kærlighed gør indtryk på Niels. Edeles død under kirsebærblomsterne knuser hans barnetro og vækker oprør mod Gud. Et halvt år senere kommer fætter Erik i lære på gården; hans jordnære natur vinder magt over Niels og Frithiof, og den fælles fantasihistorie opgives. Niels undertrykker sin hemmelige kærlighed til Erik, der sendes til Kunstakademiet i København.

I hovedstaden møder Niels gennem Erik den livlige enke Fru Boye, hvis atelier er centrum for unge kunstnere og frisindede diskussioner om sensualitet og idealisme. Niels føler sig draget af hendes udstråling og frigjorte livssyn og viger bort fra sine puritanske slægtninge. En forårsaften hos Fru Boye erkender han sin kærlighed til hende, kysser hendes hånd og går ud i natten med ny sikkerhed. [Themes]",2
"Summary #2

Romanen foregår i et dansk, provinsielt herregårds- og bymiljø i anden halvdel af 1800-tallet med Lønborggaard som omdrejningspunkt, senere især København og ophold i Europa, blandt andet i Clarens ved Genfersøen og i Riva ved Gardasøen. I slægten Blider følger fortællingen især Niels Lyhnes liv fra barndom til død og skildrer en vedvarende konflikt mellem romantiske forestillinger om “storhed” og en mere nøgtern livsholdning samt en tilbagevendende kamp mellem tro og gudsfornægtelse.

Bartholine Blider gifter sig med herremanden Lyhne på Lønborggaard, men ægteskabet præges af hendes længsel og hans voksende jordbundethed. De får sønnen Niels, hvis barndom bliver præget af forældrenes uenigheder og hans eget drømmeri. Sammen med præstens søn Frithiof Petersen opbygger han en fantasiverden. Huslæreren hr. Bigum ansættes, og Lyhnes søster Edele kommer fra København for helbredets skyld. Niels forelsker sig i Edele, men hun afviser både ham og Bigum; hendes sygdom forværres, og hun dør på Lønborggaard. Niels beder om et mirakel uden at få svar, og dødsfaldet bliver et brud med hans barndomstro. Slægtningen Erik Refstrup flytter ind og gør med sin fornuft og hån drengenes fantasiliv umuligt; Niels knytter sig stærkt til ham. I København opdages Eriks talent af billedhuggeren Mikkelsen, og Erik rejser til Akademiet, mens Niels efterlades med en tomhed, han forsøger at bekæmpe gennem disciplin og studier.

Som ung i København indleder Niels et forhold til den ældre Fru Boye, præget af spil, tilbageholdenhed og ensomhed; venskabet med Frithiof går i stykker, mens forbindelsen til Erik består. Han kaldes hjem, men faderen dør før han når frem, og skyldfølelsen følger ham. Moderen bliver siden alvorligt syg, betror ham sin livslange længsel og skuffelse, og de rejser til Clarens, hvor hun dør. Tilbage i København opsøger han Fru Boye, men hun forlover sig og gifter sig; deres sidste møde ender voldsomt. Juleaften møder Niels doktor Hjerrild, der bliver hans nærmeste fortrolige, og deres samtaler kredser om kristendom, ateisme og muligheden for et etisk liv uden Gud.

En sommer i Fjordby forelsker Niels sig i sin kusine Fennimore, men hun gifter sig med Erik. Tre år senere bor de på Marianelund ved Mariagerfjord, hvor Erik klager over kunstnerisk ufrugtbarhed. Niels kommer dertil og ser et ægteskab i opløsning: Erik søger mod drik og spil, Fennimore er desillusioneret. Niels bosætter sig på den anden side af fjorden og ror dagligt over; han og Fennimore indleder et hemmeligt forhold, der gradvist udhules af løgn og skyld. Erik dør i Aalborg efter en løbsk køretur, og i chok vender Fennimore sig mod Niels, fordømmer ham og afviser ham; han rejser i selvforagt, og hun forlader stedet næste morgen.

Niels flakker næsten to år rundt i udlandet. I Riva, isoleret af kolera i egnen, knytter han sig til den berømte operasangerinde Madame Odéro, som er forbudt at synge; deres fortrolighed ender, da hun bryder forbuddet og rejser brat, og Niels vender hjem til Lønborggaard. Omtrent et år driver han gården og finder ro i det fysiske arbejde. Han lærer kancelliråd Skinnerup i Varde at kende og gifter sig med dennes syttenårige datter Gerda; deres ægteskab skildres som enkelt og lykkeligt, men Niels tøver med at dele sine gudsfornægtende synspunkter, indtil hun kræver fuld åbenhed.

Da deres barn rammes af voldsomme kramper, bryder Niels i desperation ud i bøn, selv om han opfatter troen som en drøm; barnet dør, og noget går i stykker i ham. I efteråret vandrer han i bittert tungsind på det nu tomme Lønborggaard. Da kongen dør og krigen truer, melder han sig som frivillig; den hårde militærhverdag opleves som en lettelse, men i marts bliver han skudt i brystet, og kuglen bliver siddende i højre lunge. På lazarettet plejes han af Hjerrild; Niels afviser præst, veksler mellem livslængsel og en følelse af sjælens grundlæggende ensomhed, og dør efter smerter, betændelse og delirium som krigsoffer, mens Hjerrild bliver tilbage med sin egen tanke om værdien af ikke at omvende sig i sidste øjeblik. [Fluency]",4
"Summary #2

Romanen foregår i et dansk, provinsielt herregårds- og bymiljø i anden halvdel af 1800-tallet med Lønborggaard som omdrejningspunkt, senere især København og ophold i Europa, blandt andet i Clarens ved Genfersøen og i Riva ved Gardasøen. I slægten Blider følger fortællingen især Niels Lyhnes liv fra barndom til død og skildrer en vedvarende konflikt mellem romantiske forestillinger om “storhed” og en mere nøgtern livsholdning samt en tilbagevendende kamp mellem tro og gudsfornægtelse.

Bartholine Blider gifter sig med herremanden Lyhne på Lønborggaard, men ægteskabet præges af hendes længsel og hans voksende jordbundethed. De får sønnen Niels, hvis barndom bliver præget af forældrenes uenigheder og hans eget drømmeri. Sammen med præstens søn Frithiof Petersen opbygger han en fantasiverden. Huslæreren hr. Bigum ansættes, og Lyhnes søster Edele kommer fra København for helbredets skyld. Niels forelsker sig i Edele, men hun afviser både ham og Bigum; hendes sygdom forværres, og hun dør på Lønborggaard. Niels beder om et mirakel uden at få svar, og dødsfaldet bliver et brud med hans barndomstro. Slægtningen Erik Refstrup flytter ind og gør med sin fornuft og hån drengenes fantasiliv umuligt; Niels knytter sig stærkt til ham. I København opdages Eriks talent af billedhuggeren Mikkelsen, og Erik rejser til Akademiet, mens Niels efterlades med en tomhed, han forsøger at bekæmpe gennem disciplin og studier.

Som ung i København indleder Niels et forhold til den ældre Fru Boye, præget af spil, tilbageholdenhed og ensomhed; venskabet med Frithiof går i stykker, mens forbindelsen til Erik består. Han kaldes hjem, men faderen dør før han når frem, og skyldfølelsen følger ham. Moderen bliver siden alvorligt syg, betror ham sin livslange længsel og skuffelse, og de rejser til Clarens, hvor hun dør. Tilbage i København opsøger han Fru Boye, men hun forlover sig og gifter sig; deres sidste møde ender voldsomt. Juleaften møder Niels doktor Hjerrild, der bliver hans nærmeste fortrolige, og deres samtaler kredser om kristendom, ateisme og muligheden for et etisk liv uden Gud.

En sommer i Fjordby forelsker Niels sig i sin kusine Fennimore, men hun gifter sig med Erik. Tre år senere bor de på Marianelund ved Mariagerfjord, hvor Erik klager over kunstnerisk ufrugtbarhed. Niels kommer dertil og ser et ægteskab i opløsning: Erik søger mod drik og spil, Fennimore er desillusioneret. Niels bosætter sig på den anden side af fjorden og ror dagligt over; han og Fennimore indleder et hemmeligt forhold, der gradvist udhules af løgn og skyld. Erik dør i Aalborg efter en løbsk køretur, og i chok vender Fennimore sig mod Niels, fordømmer ham og afviser ham; han rejser i selvforagt, og hun forlader stedet næste morgen.

Niels flakker næsten to år rundt i udlandet. I Riva, isoleret af kolera i egnen, knytter han sig til den berømte operasangerinde Madame Odéro, som er forbudt at synge; deres fortrolighed ender, da hun bryder forbuddet og rejser brat, og Niels vender hjem til Lønborggaard. Omtrent et år driver han gården og finder ro i det fysiske arbejde. Han lærer kancelliråd Skinnerup i Varde at kende og gifter sig med dennes syttenårige datter Gerda; deres ægteskab skildres som enkelt og lykkeligt, men Niels tøver med at dele sine gudsfornægtende synspunkter, indtil hun kræver fuld åbenhed.

Da deres barn rammes af voldsomme kramper, bryder Niels i desperation ud i bøn, selv om han opfatter troen som en drøm; barnet dør, og noget går i stykker i ham. I efteråret vandrer han i bittert tungsind på det nu tomme Lønborggaard. Da kongen dør og krigen truer, melder han sig som frivillig; den hårde militærhverdag opleves som en lettelse, men i marts bliver han skudt i brystet, og kuglen bliver siddende i højre lunge. På lazarettet plejes han af Hjerrild; Niels afviser præst, veksler mellem livslængsel og en følelse af sjælens grundlæggende ensomhed, og dør efter smerter, betændelse og delirium som krigsoffer, mens Hjerrild bliver tilbage med sin egen tanke om værdien af ikke at omvende sig i sidste øjeblik. [Coherence]",4
"Summary #2

Romanen foregår i et dansk, provinsielt herregårds- og bymiljø i anden halvdel af 1800-tallet med Lønborggaard som omdrejningspunkt, senere især København og ophold i Europa, blandt andet i Clarens ved Genfersøen og i Riva ved Gardasøen. I slægten Blider følger fortællingen især Niels Lyhnes liv fra barndom til død og skildrer en vedvarende konflikt mellem romantiske forestillinger om “storhed” og en mere nøgtern livsholdning samt en tilbagevendende kamp mellem tro og gudsfornægtelse.

Bartholine Blider gifter sig med herremanden Lyhne på Lønborggaard, men ægteskabet præges af hendes længsel og hans voksende jordbundethed. De får sønnen Niels, hvis barndom bliver præget af forældrenes uenigheder og hans eget drømmeri. Sammen med præstens søn Frithiof Petersen opbygger han en fantasiverden. Huslæreren hr. Bigum ansættes, og Lyhnes søster Edele kommer fra København for helbredets skyld. Niels forelsker sig i Edele, men hun afviser både ham og Bigum; hendes sygdom forværres, og hun dør på Lønborggaard. Niels beder om et mirakel uden at få svar, og dødsfaldet bliver et brud med hans barndomstro. Slægtningen Erik Refstrup flytter ind og gør med sin fornuft og hån drengenes fantasiliv umuligt; Niels knytter sig stærkt til ham. I København opdages Eriks talent af billedhuggeren Mikkelsen, og Erik rejser til Akademiet, mens Niels efterlades med en tomhed, han forsøger at bekæmpe gennem disciplin og studier.

Som ung i København indleder Niels et forhold til den ældre Fru Boye, præget af spil, tilbageholdenhed og ensomhed; venskabet med Frithiof går i stykker, mens forbindelsen til Erik består. Han kaldes hjem, men faderen dør før han når frem, og skyldfølelsen følger ham. Moderen bliver siden alvorligt syg, betror ham sin livslange længsel og skuffelse, og de rejser til Clarens, hvor hun dør. Tilbage i København opsøger han Fru Boye, men hun forlover sig og gifter sig; deres sidste møde ender voldsomt. Juleaften møder Niels doktor Hjerrild, der bliver hans nærmeste fortrolige, og deres samtaler kredser om kristendom, ateisme og muligheden for et etisk liv uden Gud.

En sommer i Fjordby forelsker Niels sig i sin kusine Fennimore, men hun gifter sig med Erik. Tre år senere bor de på Marianelund ved Mariagerfjord, hvor Erik klager over kunstnerisk ufrugtbarhed. Niels kommer dertil og ser et ægteskab i opløsning: Erik søger mod drik og spil, Fennimore er desillusioneret. Niels bosætter sig på den anden side af fjorden og ror dagligt over; han og Fennimore indleder et hemmeligt forhold, der gradvist udhules af løgn og skyld. Erik dør i Aalborg efter en løbsk køretur, og i chok vender Fennimore sig mod Niels, fordømmer ham og afviser ham; han rejser i selvforagt, og hun forlader stedet næste morgen.

Niels flakker næsten to år rundt i udlandet. I Riva, isoleret af kolera i egnen, knytter han sig til den berømte operasangerinde Madame Odéro, som er forbudt at synge; deres fortrolighed ender, da hun bryder forbuddet og rejser brat, og Niels vender hjem til Lønborggaard. Omtrent et år driver han gården og finder ro i det fysiske arbejde. Han lærer kancelliråd Skinnerup i Varde at kende og gifter sig med dennes syttenårige datter Gerda; deres ægteskab skildres som enkelt og lykkeligt, men Niels tøver med at dele sine gudsfornægtende synspunkter, indtil hun kræver fuld åbenhed.

Da deres barn rammes af voldsomme kramper, bryder Niels i desperation ud i bøn, selv om han opfatter troen som en drøm; barnet dør, og noget går i stykker i ham. I efteråret vandrer han i bittert tungsind på det nu tomme Lønborggaard. Da kongen dør og krigen truer, melder han sig som frivillig; den hårde militærhverdag opleves som en lettelse, men i marts bliver han skudt i brystet, og kuglen bliver siddende i højre lunge. På lazarettet plejes han af Hjerrild; Niels afviser præst, veksler mellem livslængsel og en følelse af sjælens grundlæggende ensomhed, og dør efter smerter, betændelse og delirium som krigsoffer, mens Hjerrild bliver tilbage med sin egen tanke om værdien af ikke at omvende sig i sidste øjeblik. [Relevance]",5
"Summary #2

Romanen foregår i et dansk, provinsielt herregårds- og bymiljø i anden halvdel af 1800-tallet med Lønborggaard som omdrejningspunkt, senere især København og ophold i Europa, blandt andet i Clarens ved Genfersøen og i Riva ved Gardasøen. I slægten Blider følger fortællingen især Niels Lyhnes liv fra barndom til død og skildrer en vedvarende konflikt mellem romantiske forestillinger om “storhed” og en mere nøgtern livsholdning samt en tilbagevendende kamp mellem tro og gudsfornægtelse.

Bartholine Blider gifter sig med herremanden Lyhne på Lønborggaard, men ægteskabet præges af hendes længsel og hans voksende jordbundethed. De får sønnen Niels, hvis barndom bliver præget af forældrenes uenigheder og hans eget drømmeri. Sammen med præstens søn Frithiof Petersen opbygger han en fantasiverden. Huslæreren hr. Bigum ansættes, og Lyhnes søster Edele kommer fra København for helbredets skyld. Niels forelsker sig i Edele, men hun afviser både ham og Bigum; hendes sygdom forværres, og hun dør på Lønborggaard. Niels beder om et mirakel uden at få svar, og dødsfaldet bliver et brud med hans barndomstro. Slægtningen Erik Refstrup flytter ind og gør med sin fornuft og hån drengenes fantasiliv umuligt; Niels knytter sig stærkt til ham. I København opdages Eriks talent af billedhuggeren Mikkelsen, og Erik rejser til Akademiet, mens Niels efterlades med en tomhed, han forsøger at bekæmpe gennem disciplin og studier.

Som ung i København indleder Niels et forhold til den ældre Fru Boye, præget af spil, tilbageholdenhed og ensomhed; venskabet med Frithiof går i stykker, mens forbindelsen til Erik består. Han kaldes hjem, men faderen dør før han når frem, og skyldfølelsen følger ham. Moderen bliver siden alvorligt syg, betror ham sin livslange længsel og skuffelse, og de rejser til Clarens, hvor hun dør. Tilbage i København opsøger han Fru Boye, men hun forlover sig og gifter sig; deres sidste møde ender voldsomt. Juleaften møder Niels doktor Hjerrild, der bliver hans nærmeste fortrolige, og deres samtaler kredser om kristendom, ateisme og muligheden for et etisk liv uden Gud.

En sommer i Fjordby forelsker Niels sig i sin kusine Fennimore, men hun gifter sig med Erik. Tre år senere bor de på Marianelund ved Mariagerfjord, hvor Erik klager over kunstnerisk ufrugtbarhed. Niels kommer dertil og ser et ægteskab i opløsning: Erik søger mod drik og spil, Fennimore er desillusioneret. Niels bosætter sig på den anden side af fjorden og ror dagligt over; han og Fennimore indleder et hemmeligt forhold, der gradvist udhules af løgn og skyld. Erik dør i Aalborg efter en løbsk køretur, og i chok vender Fennimore sig mod Niels, fordømmer ham og afviser ham; han rejser i selvforagt, og hun forlader stedet næste morgen.

Niels flakker næsten to år rundt i udlandet. I Riva, isoleret af kolera i egnen, knytter han sig til den berømte operasangerinde Madame Odéro, som er forbudt at synge; deres fortrolighed ender, da hun bryder forbuddet og rejser brat, og Niels vender hjem til Lønborggaard. Omtrent et år driver han gården og finder ro i det fysiske arbejde. Han lærer kancelliråd Skinnerup i Varde at kende og gifter sig med dennes syttenårige datter Gerda; deres ægteskab skildres som enkelt og lykkeligt, men Niels tøver med at dele sine gudsfornægtende synspunkter, indtil hun kræver fuld åbenhed.

Da deres barn rammes af voldsomme kramper, bryder Niels i desperation ud i bøn, selv om han opfatter troen som en drøm; barnet dør, og noget går i stykker i ham. I efteråret vandrer han i bittert tungsind på det nu tomme Lønborggaard. Da kongen dør og krigen truer, melder han sig som frivillig; den hårde militærhverdag opleves som en lettelse, men i marts bliver han skudt i brystet, og kuglen bliver siddende i højre lunge. På lazarettet plejes han af Hjerrild; Niels afviser præst, veksler mellem livslængsel og en følelse af sjælens grundlæggende ensomhed, og dør efter smerter, betændelse og delirium som krigsoffer, mens Hjerrild bliver tilbage med sin egen tanke om værdien af ikke at omvende sig i sidste øjeblik. [Factuality]",4
"Summary #2

Romanen foregår i et dansk, provinsielt herregårds- og bymiljø i anden halvdel af 1800-tallet med Lønborggaard som omdrejningspunkt, senere især København og ophold i Europa, blandt andet i Clarens ved Genfersøen og i Riva ved Gardasøen. I slægten Blider følger fortællingen især Niels Lyhnes liv fra barndom til død og skildrer en vedvarende konflikt mellem romantiske forestillinger om “storhed” og en mere nøgtern livsholdning samt en tilbagevendende kamp mellem tro og gudsfornægtelse.

Bartholine Blider gifter sig med herremanden Lyhne på Lønborggaard, men ægteskabet præges af hendes længsel og hans voksende jordbundethed. De får sønnen Niels, hvis barndom bliver præget af forældrenes uenigheder og hans eget drømmeri. Sammen med præstens søn Frithiof Petersen opbygger han en fantasiverden. Huslæreren hr. Bigum ansættes, og Lyhnes søster Edele kommer fra København for helbredets skyld. Niels forelsker sig i Edele, men hun afviser både ham og Bigum; hendes sygdom forværres, og hun dør på Lønborggaard. Niels beder om et mirakel uden at få svar, og dødsfaldet bliver et brud med hans barndomstro. Slægtningen Erik Refstrup flytter ind og gør med sin fornuft og hån drengenes fantasiliv umuligt; Niels knytter sig stærkt til ham. I København opdages Eriks talent af billedhuggeren Mikkelsen, og Erik rejser til Akademiet, mens Niels efterlades med en tomhed, han forsøger at bekæmpe gennem disciplin og studier.

Som ung i København indleder Niels et forhold til den ældre Fru Boye, præget af spil, tilbageholdenhed og ensomhed; venskabet med Frithiof går i stykker, mens forbindelsen til Erik består. Han kaldes hjem, men faderen dør før han når frem, og skyldfølelsen følger ham. Moderen bliver siden alvorligt syg, betror ham sin livslange længsel og skuffelse, og de rejser til Clarens, hvor hun dør. Tilbage i København opsøger han Fru Boye, men hun forlover sig og gifter sig; deres sidste møde ender voldsomt. Juleaften møder Niels doktor Hjerrild, der bliver hans nærmeste fortrolige, og deres samtaler kredser om kristendom, ateisme og muligheden for et etisk liv uden Gud.

En sommer i Fjordby forelsker Niels sig i sin kusine Fennimore, men hun gifter sig med Erik. Tre år senere bor de på Marianelund ved Mariagerfjord, hvor Erik klager over kunstnerisk ufrugtbarhed. Niels kommer dertil og ser et ægteskab i opløsning: Erik søger mod drik og spil, Fennimore er desillusioneret. Niels bosætter sig på den anden side af fjorden og ror dagligt over; han og Fennimore indleder et hemmeligt forhold, der gradvist udhules af løgn og skyld. Erik dør i Aalborg efter en løbsk køretur, og i chok vender Fennimore sig mod Niels, fordømmer ham og afviser ham; han rejser i selvforagt, og hun forlader stedet næste morgen.

Niels flakker næsten to år rundt i udlandet. I Riva, isoleret af kolera i egnen, knytter han sig til den berømte operasangerinde Madame Odéro, som er forbudt at synge; deres fortrolighed ender, da hun bryder forbuddet og rejser brat, og Niels vender hjem til Lønborggaard. Omtrent et år driver han gården og finder ro i det fysiske arbejde. Han lærer kancelliråd Skinnerup i Varde at kende og gifter sig med dennes syttenårige datter Gerda; deres ægteskab skildres som enkelt og lykkeligt, men Niels tøver med at dele sine gudsfornægtende synspunkter, indtil hun kræver fuld åbenhed.

Da deres barn rammes af voldsomme kramper, bryder Niels i desperation ud i bøn, selv om han opfatter troen som en drøm; barnet dør, og noget går i stykker i ham. I efteråret vandrer han i bittert tungsind på det nu tomme Lønborggaard. Da kongen dør og krigen truer, melder han sig som frivillig; den hårde militærhverdag opleves som en lettelse, men i marts bliver han skudt i brystet, og kuglen bliver siddende i højre lunge. På lazarettet plejes han af Hjerrild; Niels afviser præst, veksler mellem livslængsel og en følelse af sjælens grundlæggende ensomhed, og dør efter smerter, betændelse og delirium som krigsoffer, mens Hjerrild bliver tilbage med sin egen tanke om værdien af ikke at omvende sig i sidste øjeblik. [Time ]",4
"Summary #2

Romanen foregår i et dansk, provinsielt herregårds- og bymiljø i anden halvdel af 1800-tallet med Lønborggaard som omdrejningspunkt, senere især København og ophold i Europa, blandt andet i Clarens ved Genfersøen og i Riva ved Gardasøen. I slægten Blider følger fortællingen især Niels Lyhnes liv fra barndom til død og skildrer en vedvarende konflikt mellem romantiske forestillinger om “storhed” og en mere nøgtern livsholdning samt en tilbagevendende kamp mellem tro og gudsfornægtelse.

Bartholine Blider gifter sig med herremanden Lyhne på Lønborggaard, men ægteskabet præges af hendes længsel og hans voksende jordbundethed. De får sønnen Niels, hvis barndom bliver præget af forældrenes uenigheder og hans eget drømmeri. Sammen med præstens søn Frithiof Petersen opbygger han en fantasiverden. Huslæreren hr. Bigum ansættes, og Lyhnes søster Edele kommer fra København for helbredets skyld. Niels forelsker sig i Edele, men hun afviser både ham og Bigum; hendes sygdom forværres, og hun dør på Lønborggaard. Niels beder om et mirakel uden at få svar, og dødsfaldet bliver et brud med hans barndomstro. Slægtningen Erik Refstrup flytter ind og gør med sin fornuft og hån drengenes fantasiliv umuligt; Niels knytter sig stærkt til ham. I København opdages Eriks talent af billedhuggeren Mikkelsen, og Erik rejser til Akademiet, mens Niels efterlades med en tomhed, han forsøger at bekæmpe gennem disciplin og studier.

Som ung i København indleder Niels et forhold til den ældre Fru Boye, præget af spil, tilbageholdenhed og ensomhed; venskabet med Frithiof går i stykker, mens forbindelsen til Erik består. Han kaldes hjem, men faderen dør før han når frem, og skyldfølelsen følger ham. Moderen bliver siden alvorligt syg, betror ham sin livslange længsel og skuffelse, og de rejser til Clarens, hvor hun dør. Tilbage i København opsøger han Fru Boye, men hun forlover sig og gifter sig; deres sidste møde ender voldsomt. Juleaften møder Niels doktor Hjerrild, der bliver hans nærmeste fortrolige, og deres samtaler kredser om kristendom, ateisme og muligheden for et etisk liv uden Gud.

En sommer i Fjordby forelsker Niels sig i sin kusine Fennimore, men hun gifter sig med Erik. Tre år senere bor de på Marianelund ved Mariagerfjord, hvor Erik klager over kunstnerisk ufrugtbarhed. Niels kommer dertil og ser et ægteskab i opløsning: Erik søger mod drik og spil, Fennimore er desillusioneret. Niels bosætter sig på den anden side af fjorden og ror dagligt over; han og Fennimore indleder et hemmeligt forhold, der gradvist udhules af løgn og skyld. Erik dør i Aalborg efter en løbsk køretur, og i chok vender Fennimore sig mod Niels, fordømmer ham og afviser ham; han rejser i selvforagt, og hun forlader stedet næste morgen.

Niels flakker næsten to år rundt i udlandet. I Riva, isoleret af kolera i egnen, knytter han sig til den berømte operasangerinde Madame Odéro, som er forbudt at synge; deres fortrolighed ender, da hun bryder forbuddet og rejser brat, og Niels vender hjem til Lønborggaard. Omtrent et år driver han gården og finder ro i det fysiske arbejde. Han lærer kancelliråd Skinnerup i Varde at kende og gifter sig med dennes syttenårige datter Gerda; deres ægteskab skildres som enkelt og lykkeligt, men Niels tøver med at dele sine gudsfornægtende synspunkter, indtil hun kræver fuld åbenhed.

Da deres barn rammes af voldsomme kramper, bryder Niels i desperation ud i bøn, selv om han opfatter troen som en drøm; barnet dør, og noget går i stykker i ham. I efteråret vandrer han i bittert tungsind på det nu tomme Lønborggaard. Da kongen dør og krigen truer, melder han sig som frivillig; den hårde militærhverdag opleves som en lettelse, men i marts bliver han skudt i brystet, og kuglen bliver siddende i højre lunge. På lazarettet plejes han af Hjerrild; Niels afviser præst, veksler mellem livslængsel og en følelse af sjælens grundlæggende ensomhed, og dør efter smerter, betændelse og delirium som krigsoffer, mens Hjerrild bliver tilbage med sin egen tanke om værdien af ikke at omvende sig i sidste øjeblik. [Place]",5
"Summary #2

Romanen foregår i et dansk, provinsielt herregårds- og bymiljø i anden halvdel af 1800-tallet med Lønborggaard som omdrejningspunkt, senere især København og ophold i Europa, blandt andet i Clarens ved Genfersøen og i Riva ved Gardasøen. I slægten Blider følger fortællingen især Niels Lyhnes liv fra barndom til død og skildrer en vedvarende konflikt mellem romantiske forestillinger om “storhed” og en mere nøgtern livsholdning samt en tilbagevendende kamp mellem tro og gudsfornægtelse.

Bartholine Blider gifter sig med herremanden Lyhne på Lønborggaard, men ægteskabet præges af hendes længsel og hans voksende jordbundethed. De får sønnen Niels, hvis barndom bliver præget af forældrenes uenigheder og hans eget drømmeri. Sammen med præstens søn Frithiof Petersen opbygger han en fantasiverden. Huslæreren hr. Bigum ansættes, og Lyhnes søster Edele kommer fra København for helbredets skyld. Niels forelsker sig i Edele, men hun afviser både ham og Bigum; hendes sygdom forværres, og hun dør på Lønborggaard. Niels beder om et mirakel uden at få svar, og dødsfaldet bliver et brud med hans barndomstro. Slægtningen Erik Refstrup flytter ind og gør med sin fornuft og hån drengenes fantasiliv umuligt; Niels knytter sig stærkt til ham. I København opdages Eriks talent af billedhuggeren Mikkelsen, og Erik rejser til Akademiet, mens Niels efterlades med en tomhed, han forsøger at bekæmpe gennem disciplin og studier.

Som ung i København indleder Niels et forhold til den ældre Fru Boye, præget af spil, tilbageholdenhed og ensomhed; venskabet med Frithiof går i stykker, mens forbindelsen til Erik består. Han kaldes hjem, men faderen dør før han når frem, og skyldfølelsen følger ham. Moderen bliver siden alvorligt syg, betror ham sin livslange længsel og skuffelse, og de rejser til Clarens, hvor hun dør. Tilbage i København opsøger han Fru Boye, men hun forlover sig og gifter sig; deres sidste møde ender voldsomt. Juleaften møder Niels doktor Hjerrild, der bliver hans nærmeste fortrolige, og deres samtaler kredser om kristendom, ateisme og muligheden for et etisk liv uden Gud.

En sommer i Fjordby forelsker Niels sig i sin kusine Fennimore, men hun gifter sig med Erik. Tre år senere bor de på Marianelund ved Mariagerfjord, hvor Erik klager over kunstnerisk ufrugtbarhed. Niels kommer dertil og ser et ægteskab i opløsning: Erik søger mod drik og spil, Fennimore er desillusioneret. Niels bosætter sig på den anden side af fjorden og ror dagligt over; han og Fennimore indleder et hemmeligt forhold, der gradvist udhules af løgn og skyld. Erik dør i Aalborg efter en løbsk køretur, og i chok vender Fennimore sig mod Niels, fordømmer ham og afviser ham; han rejser i selvforagt, og hun forlader stedet næste morgen.

Niels flakker næsten to år rundt i udlandet. I Riva, isoleret af kolera i egnen, knytter han sig til den berømte operasangerinde Madame Odéro, som er forbudt at synge; deres fortrolighed ender, da hun bryder forbuddet og rejser brat, og Niels vender hjem til Lønborggaard. Omtrent et år driver han gården og finder ro i det fysiske arbejde. Han lærer kancelliråd Skinnerup i Varde at kende og gifter sig med dennes syttenårige datter Gerda; deres ægteskab skildres som enkelt og lykkeligt, men Niels tøver med at dele sine gudsfornægtende synspunkter, indtil hun kræver fuld åbenhed.

Da deres barn rammes af voldsomme kramper, bryder Niels i desperation ud i bøn, selv om han opfatter troen som en drøm; barnet dør, og noget går i stykker i ham. I efteråret vandrer han i bittert tungsind på det nu tomme Lønborggaard. Da kongen dør og krigen truer, melder han sig som frivillig; den hårde militærhverdag opleves som en lettelse, men i marts bliver han skudt i brystet, og kuglen bliver siddende i højre lunge. På lazarettet plejes han af Hjerrild; Niels afviser præst, veksler mellem livslængsel og en følelse af sjælens grundlæggende ensomhed, og dør efter smerter, betændelse og delirium som krigsoffer, mens Hjerrild bliver tilbage med sin egen tanke om værdien af ikke at omvende sig i sidste øjeblik. [Characters]",5
"Summary #2

Romanen foregår i et dansk, provinsielt herregårds- og bymiljø i anden halvdel af 1800-tallet med Lønborggaard som omdrejningspunkt, senere især København og ophold i Europa, blandt andet i Clarens ved Genfersøen og i Riva ved Gardasøen. I slægten Blider følger fortællingen især Niels Lyhnes liv fra barndom til død og skildrer en vedvarende konflikt mellem romantiske forestillinger om “storhed” og en mere nøgtern livsholdning samt en tilbagevendende kamp mellem tro og gudsfornægtelse.

Bartholine Blider gifter sig med herremanden Lyhne på Lønborggaard, men ægteskabet præges af hendes længsel og hans voksende jordbundethed. De får sønnen Niels, hvis barndom bliver præget af forældrenes uenigheder og hans eget drømmeri. Sammen med præstens søn Frithiof Petersen opbygger han en fantasiverden. Huslæreren hr. Bigum ansættes, og Lyhnes søster Edele kommer fra København for helbredets skyld. Niels forelsker sig i Edele, men hun afviser både ham og Bigum; hendes sygdom forværres, og hun dør på Lønborggaard. Niels beder om et mirakel uden at få svar, og dødsfaldet bliver et brud med hans barndomstro. Slægtningen Erik Refstrup flytter ind og gør med sin fornuft og hån drengenes fantasiliv umuligt; Niels knytter sig stærkt til ham. I København opdages Eriks talent af billedhuggeren Mikkelsen, og Erik rejser til Akademiet, mens Niels efterlades med en tomhed, han forsøger at bekæmpe gennem disciplin og studier.

Som ung i København indleder Niels et forhold til den ældre Fru Boye, præget af spil, tilbageholdenhed og ensomhed; venskabet med Frithiof går i stykker, mens forbindelsen til Erik består. Han kaldes hjem, men faderen dør før han når frem, og skyldfølelsen følger ham. Moderen bliver siden alvorligt syg, betror ham sin livslange længsel og skuffelse, og de rejser til Clarens, hvor hun dør. Tilbage i København opsøger han Fru Boye, men hun forlover sig og gifter sig; deres sidste møde ender voldsomt. Juleaften møder Niels doktor Hjerrild, der bliver hans nærmeste fortrolige, og deres samtaler kredser om kristendom, ateisme og muligheden for et etisk liv uden Gud.

En sommer i Fjordby forelsker Niels sig i sin kusine Fennimore, men hun gifter sig med Erik. Tre år senere bor de på Marianelund ved Mariagerfjord, hvor Erik klager over kunstnerisk ufrugtbarhed. Niels kommer dertil og ser et ægteskab i opløsning: Erik søger mod drik og spil, Fennimore er desillusioneret. Niels bosætter sig på den anden side af fjorden og ror dagligt over; han og Fennimore indleder et hemmeligt forhold, der gradvist udhules af løgn og skyld. Erik dør i Aalborg efter en løbsk køretur, og i chok vender Fennimore sig mod Niels, fordømmer ham og afviser ham; han rejser i selvforagt, og hun forlader stedet næste morgen.

Niels flakker næsten to år rundt i udlandet. I Riva, isoleret af kolera i egnen, knytter han sig til den berømte operasangerinde Madame Odéro, som er forbudt at synge; deres fortrolighed ender, da hun bryder forbuddet og rejser brat, og Niels vender hjem til Lønborggaard. Omtrent et år driver han gården og finder ro i det fysiske arbejde. Han lærer kancelliråd Skinnerup i Varde at kende og gifter sig med dennes syttenårige datter Gerda; deres ægteskab skildres som enkelt og lykkeligt, men Niels tøver med at dele sine gudsfornægtende synspunkter, indtil hun kræver fuld åbenhed.

Da deres barn rammes af voldsomme kramper, bryder Niels i desperation ud i bøn, selv om han opfatter troen som en drøm; barnet dør, og noget går i stykker i ham. I efteråret vandrer han i bittert tungsind på det nu tomme Lønborggaard. Da kongen dør og krigen truer, melder han sig som frivillig; den hårde militærhverdag opleves som en lettelse, men i marts bliver han skudt i brystet, og kuglen bliver siddende i højre lunge. På lazarettet plejes han af Hjerrild; Niels afviser præst, veksler mellem livslængsel og en følelse af sjælens grundlæggende ensomhed, og dør efter smerter, betændelse og delirium som krigsoffer, mens Hjerrild bliver tilbage med sin egen tanke om værdien af ikke at omvende sig i sidste øjeblik. [Plot]",5
"Summary #2

Romanen foregår i et dansk, provinsielt herregårds- og bymiljø i anden halvdel af 1800-tallet med Lønborggaard som omdrejningspunkt, senere især København og ophold i Europa, blandt andet i Clarens ved Genfersøen og i Riva ved Gardasøen. I slægten Blider følger fortællingen især Niels Lyhnes liv fra barndom til død og skildrer en vedvarende konflikt mellem romantiske forestillinger om “storhed” og en mere nøgtern livsholdning samt en tilbagevendende kamp mellem tro og gudsfornægtelse.

Bartholine Blider gifter sig med herremanden Lyhne på Lønborggaard, men ægteskabet præges af hendes længsel og hans voksende jordbundethed. De får sønnen Niels, hvis barndom bliver præget af forældrenes uenigheder og hans eget drømmeri. Sammen med præstens søn Frithiof Petersen opbygger han en fantasiverden. Huslæreren hr. Bigum ansættes, og Lyhnes søster Edele kommer fra København for helbredets skyld. Niels forelsker sig i Edele, men hun afviser både ham og Bigum; hendes sygdom forværres, og hun dør på Lønborggaard. Niels beder om et mirakel uden at få svar, og dødsfaldet bliver et brud med hans barndomstro. Slægtningen Erik Refstrup flytter ind og gør med sin fornuft og hån drengenes fantasiliv umuligt; Niels knytter sig stærkt til ham. I København opdages Eriks talent af billedhuggeren Mikkelsen, og Erik rejser til Akademiet, mens Niels efterlades med en tomhed, han forsøger at bekæmpe gennem disciplin og studier.

Som ung i København indleder Niels et forhold til den ældre Fru Boye, præget af spil, tilbageholdenhed og ensomhed; venskabet med Frithiof går i stykker, mens forbindelsen til Erik består. Han kaldes hjem, men faderen dør før han når frem, og skyldfølelsen følger ham. Moderen bliver siden alvorligt syg, betror ham sin livslange længsel og skuffelse, og de rejser til Clarens, hvor hun dør. Tilbage i København opsøger han Fru Boye, men hun forlover sig og gifter sig; deres sidste møde ender voldsomt. Juleaften møder Niels doktor Hjerrild, der bliver hans nærmeste fortrolige, og deres samtaler kredser om kristendom, ateisme og muligheden for et etisk liv uden Gud.

En sommer i Fjordby forelsker Niels sig i sin kusine Fennimore, men hun gifter sig med Erik. Tre år senere bor de på Marianelund ved Mariagerfjord, hvor Erik klager over kunstnerisk ufrugtbarhed. Niels kommer dertil og ser et ægteskab i opløsning: Erik søger mod drik og spil, Fennimore er desillusioneret. Niels bosætter sig på den anden side af fjorden og ror dagligt over; han og Fennimore indleder et hemmeligt forhold, der gradvist udhules af løgn og skyld. Erik dør i Aalborg efter en løbsk køretur, og i chok vender Fennimore sig mod Niels, fordømmer ham og afviser ham; han rejser i selvforagt, og hun forlader stedet næste morgen.

Niels flakker næsten to år rundt i udlandet. I Riva, isoleret af kolera i egnen, knytter han sig til den berømte operasangerinde Madame Odéro, som er forbudt at synge; deres fortrolighed ender, da hun bryder forbuddet og rejser brat, og Niels vender hjem til Lønborggaard. Omtrent et år driver han gården og finder ro i det fysiske arbejde. Han lærer kancelliråd Skinnerup i Varde at kende og gifter sig med dennes syttenårige datter Gerda; deres ægteskab skildres som enkelt og lykkeligt, men Niels tøver med at dele sine gudsfornægtende synspunkter, indtil hun kræver fuld åbenhed.

Da deres barn rammes af voldsomme kramper, bryder Niels i desperation ud i bøn, selv om han opfatter troen som en drøm; barnet dør, og noget går i stykker i ham. I efteråret vandrer han i bittert tungsind på det nu tomme Lønborggaard. Da kongen dør og krigen truer, melder han sig som frivillig; den hårde militærhverdag opleves som en lettelse, men i marts bliver han skudt i brystet, og kuglen bliver siddende i højre lunge. På lazarettet plejes han af Hjerrild; Niels afviser præst, veksler mellem livslængsel og en følelse af sjælens grundlæggende ensomhed, og dør efter smerter, betændelse og delirium som krigsoffer, mens Hjerrild bliver tilbage med sin egen tanke om værdien af ikke at omvende sig i sidste øjeblik. [Themes]",5
"Summary #3

Romanen udspiller sig i 1800-tallets provins- og storbymiljøer med centrale lokaliteter som Lønborggaard, Clarens ved Genfersøen, København, Fjordby og Marianelund ved Mariagerfjord. Handlingen følger først Bartholine Lyhnes familie og især sønnen Niels Lyhne samt kunstnervennerne Erik Refstrup og Fennimore. Efter Bartholines sygdom og død vender Niels tilbage fra provinsen til København og indgår i salonlivet omkring Fru Boye; et mytologiserende forelskelsesforhold til Fru Boye ender i brud og efterlader ham ensom og intellektuelt splittet. Diskussioner med Doktor Hjerrild tegner hans intellektuelle baggrund. Tre år senere vender Erik tilbage som ægtemand på Marianelund med sin unge hustru Fennimore; Eriks apati, drikkeri og fravær står i kontrast til hans idérus, og ægteskabet forfalder.

Niels rejser til Marianelund for at støtte Erik, genopbygger et nært forhold til Fennimore, og deres fortrolighed udvikler sig over tid til en hemmelig kærlighed præget af stjålne kærtegn, skyld og daglig fornedrelse. Efter en periode med intens lykke trænger tvivl og skam ind i forholdet. Eriks død i en vognulykke under et ophold i Aalborg fører til Fennimores fortvivlelse, stærke anger og religiøse søgen, mens Niels reagerer med sorg, selvforagt og erkendelse af sin medvirken i forfaldet. Fennimore forlader stedet, og Niels tager på lange udlandsrejser, plaget af tvivl om sit talent og sin livsretning. Ved Gardasøen knytter han midlertidigt venskab med operasangerinden Madame Odéro, hvorefter han vender tilbage til Danmark og slår sig ned på Lønborggaard.

Der indgår han socialt i omegnen, gifter sig med Gerda og får en søn; ægteskabet begynder lykkeligt, men begge dør kort efter af sygdom. Disse tab underminer hans tro på sig selv og idealet om at bære livet i overensstemmelse med en høj sag, og han melder sig som frivillig i krigen. Efter en natlig scene med barnets død, hvor han oplever en religiøs bønhandling som et syndefald fra hans tidligere ateistiske overbevisning, går Niels igennem vedvarende forandring. Såret i krigen rammer ham i lungen; indlagt på lazaret plages han af smerte, isolation og erindringer om Gerda. Han afviser præstens hjælp, bliver delirøs under tiltagende betændelse og dør efter to døgns lidelse. Romanen kredser gennem forløbet om skyld og skam, kærlighedens dobbelte virkninger som både frelse og fordærv, kunstnerisk svaghed og identitetskrise, sorg og søgen efter mening. [Fluency]",3
"Summary #3

Romanen udspiller sig i 1800-tallets provins- og storbymiljøer med centrale lokaliteter som Lønborggaard, Clarens ved Genfersøen, København, Fjordby og Marianelund ved Mariagerfjord. Handlingen følger først Bartholine Lyhnes familie og især sønnen Niels Lyhne samt kunstnervennerne Erik Refstrup og Fennimore. Efter Bartholines sygdom og død vender Niels tilbage fra provinsen til København og indgår i salonlivet omkring Fru Boye; et mytologiserende forelskelsesforhold til Fru Boye ender i brud og efterlader ham ensom og intellektuelt splittet. Diskussioner med Doktor Hjerrild tegner hans intellektuelle baggrund. Tre år senere vender Erik tilbage som ægtemand på Marianelund med sin unge hustru Fennimore; Eriks apati, drikkeri og fravær står i kontrast til hans idérus, og ægteskabet forfalder.

Niels rejser til Marianelund for at støtte Erik, genopbygger et nært forhold til Fennimore, og deres fortrolighed udvikler sig over tid til en hemmelig kærlighed præget af stjålne kærtegn, skyld og daglig fornedrelse. Efter en periode med intens lykke trænger tvivl og skam ind i forholdet. Eriks død i en vognulykke under et ophold i Aalborg fører til Fennimores fortvivlelse, stærke anger og religiøse søgen, mens Niels reagerer med sorg, selvforagt og erkendelse af sin medvirken i forfaldet. Fennimore forlader stedet, og Niels tager på lange udlandsrejser, plaget af tvivl om sit talent og sin livsretning. Ved Gardasøen knytter han midlertidigt venskab med operasangerinden Madame Odéro, hvorefter han vender tilbage til Danmark og slår sig ned på Lønborggaard.

Der indgår han socialt i omegnen, gifter sig med Gerda og får en søn; ægteskabet begynder lykkeligt, men begge dør kort efter af sygdom. Disse tab underminer hans tro på sig selv og idealet om at bære livet i overensstemmelse med en høj sag, og han melder sig som frivillig i krigen. Efter en natlig scene med barnets død, hvor han oplever en religiøs bønhandling som et syndefald fra hans tidligere ateistiske overbevisning, går Niels igennem vedvarende forandring. Såret i krigen rammer ham i lungen; indlagt på lazaret plages han af smerte, isolation og erindringer om Gerda. Han afviser præstens hjælp, bliver delirøs under tiltagende betændelse og dør efter to døgns lidelse. Romanen kredser gennem forløbet om skyld og skam, kærlighedens dobbelte virkninger som både frelse og fordærv, kunstnerisk svaghed og identitetskrise, sorg og søgen efter mening. [Coherence]",3
"Summary #3

Romanen udspiller sig i 1800-tallets provins- og storbymiljøer med centrale lokaliteter som Lønborggaard, Clarens ved Genfersøen, København, Fjordby og Marianelund ved Mariagerfjord. Handlingen følger først Bartholine Lyhnes familie og især sønnen Niels Lyhne samt kunstnervennerne Erik Refstrup og Fennimore. Efter Bartholines sygdom og død vender Niels tilbage fra provinsen til København og indgår i salonlivet omkring Fru Boye; et mytologiserende forelskelsesforhold til Fru Boye ender i brud og efterlader ham ensom og intellektuelt splittet. Diskussioner med Doktor Hjerrild tegner hans intellektuelle baggrund. Tre år senere vender Erik tilbage som ægtemand på Marianelund med sin unge hustru Fennimore; Eriks apati, drikkeri og fravær står i kontrast til hans idérus, og ægteskabet forfalder.

Niels rejser til Marianelund for at støtte Erik, genopbygger et nært forhold til Fennimore, og deres fortrolighed udvikler sig over tid til en hemmelig kærlighed præget af stjålne kærtegn, skyld og daglig fornedrelse. Efter en periode med intens lykke trænger tvivl og skam ind i forholdet. Eriks død i en vognulykke under et ophold i Aalborg fører til Fennimores fortvivlelse, stærke anger og religiøse søgen, mens Niels reagerer med sorg, selvforagt og erkendelse af sin medvirken i forfaldet. Fennimore forlader stedet, og Niels tager på lange udlandsrejser, plaget af tvivl om sit talent og sin livsretning. Ved Gardasøen knytter han midlertidigt venskab med operasangerinden Madame Odéro, hvorefter han vender tilbage til Danmark og slår sig ned på Lønborggaard.

Der indgår han socialt i omegnen, gifter sig med Gerda og får en søn; ægteskabet begynder lykkeligt, men begge dør kort efter af sygdom. Disse tab underminer hans tro på sig selv og idealet om at bære livet i overensstemmelse med en høj sag, og han melder sig som frivillig i krigen. Efter en natlig scene med barnets død, hvor han oplever en religiøs bønhandling som et syndefald fra hans tidligere ateistiske overbevisning, går Niels igennem vedvarende forandring. Såret i krigen rammer ham i lungen; indlagt på lazaret plages han af smerte, isolation og erindringer om Gerda. Han afviser præstens hjælp, bliver delirøs under tiltagende betændelse og dør efter to døgns lidelse. Romanen kredser gennem forløbet om skyld og skam, kærlighedens dobbelte virkninger som både frelse og fordærv, kunstnerisk svaghed og identitetskrise, sorg og søgen efter mening. [Relevance]",4
"Summary #3

Romanen udspiller sig i 1800-tallets provins- og storbymiljøer med centrale lokaliteter som Lønborggaard, Clarens ved Genfersøen, København, Fjordby og Marianelund ved Mariagerfjord. Handlingen følger først Bartholine Lyhnes familie og især sønnen Niels Lyhne samt kunstnervennerne Erik Refstrup og Fennimore. Efter Bartholines sygdom og død vender Niels tilbage fra provinsen til København og indgår i salonlivet omkring Fru Boye; et mytologiserende forelskelsesforhold til Fru Boye ender i brud og efterlader ham ensom og intellektuelt splittet. Diskussioner med Doktor Hjerrild tegner hans intellektuelle baggrund. Tre år senere vender Erik tilbage som ægtemand på Marianelund med sin unge hustru Fennimore; Eriks apati, drikkeri og fravær står i kontrast til hans idérus, og ægteskabet forfalder.

Niels rejser til Marianelund for at støtte Erik, genopbygger et nært forhold til Fennimore, og deres fortrolighed udvikler sig over tid til en hemmelig kærlighed præget af stjålne kærtegn, skyld og daglig fornedrelse. Efter en periode med intens lykke trænger tvivl og skam ind i forholdet. Eriks død i en vognulykke under et ophold i Aalborg fører til Fennimores fortvivlelse, stærke anger og religiøse søgen, mens Niels reagerer med sorg, selvforagt og erkendelse af sin medvirken i forfaldet. Fennimore forlader stedet, og Niels tager på lange udlandsrejser, plaget af tvivl om sit talent og sin livsretning. Ved Gardasøen knytter han midlertidigt venskab med operasangerinden Madame Odéro, hvorefter han vender tilbage til Danmark og slår sig ned på Lønborggaard.

Der indgår han socialt i omegnen, gifter sig med Gerda og får en søn; ægteskabet begynder lykkeligt, men begge dør kort efter af sygdom. Disse tab underminer hans tro på sig selv og idealet om at bære livet i overensstemmelse med en høj sag, og han melder sig som frivillig i krigen. Efter en natlig scene med barnets død, hvor han oplever en religiøs bønhandling som et syndefald fra hans tidligere ateistiske overbevisning, går Niels igennem vedvarende forandring. Såret i krigen rammer ham i lungen; indlagt på lazaret plages han af smerte, isolation og erindringer om Gerda. Han afviser præstens hjælp, bliver delirøs under tiltagende betændelse og dør efter to døgns lidelse. Romanen kredser gennem forløbet om skyld og skam, kærlighedens dobbelte virkninger som både frelse og fordærv, kunstnerisk svaghed og identitetskrise, sorg og søgen efter mening. [Factuality]",4
"Summary #3

Romanen udspiller sig i 1800-tallets provins- og storbymiljøer med centrale lokaliteter som Lønborggaard, Clarens ved Genfersøen, København, Fjordby og Marianelund ved Mariagerfjord. Handlingen følger først Bartholine Lyhnes familie og især sønnen Niels Lyhne samt kunstnervennerne Erik Refstrup og Fennimore. Efter Bartholines sygdom og død vender Niels tilbage fra provinsen til København og indgår i salonlivet omkring Fru Boye; et mytologiserende forelskelsesforhold til Fru Boye ender i brud og efterlader ham ensom og intellektuelt splittet. Diskussioner med Doktor Hjerrild tegner hans intellektuelle baggrund. Tre år senere vender Erik tilbage som ægtemand på Marianelund med sin unge hustru Fennimore; Eriks apati, drikkeri og fravær står i kontrast til hans idérus, og ægteskabet forfalder.

Niels rejser til Marianelund for at støtte Erik, genopbygger et nært forhold til Fennimore, og deres fortrolighed udvikler sig over tid til en hemmelig kærlighed præget af stjålne kærtegn, skyld og daglig fornedrelse. Efter en periode med intens lykke trænger tvivl og skam ind i forholdet. Eriks død i en vognulykke under et ophold i Aalborg fører til Fennimores fortvivlelse, stærke anger og religiøse søgen, mens Niels reagerer med sorg, selvforagt og erkendelse af sin medvirken i forfaldet. Fennimore forlader stedet, og Niels tager på lange udlandsrejser, plaget af tvivl om sit talent og sin livsretning. Ved Gardasøen knytter han midlertidigt venskab med operasangerinden Madame Odéro, hvorefter han vender tilbage til Danmark og slår sig ned på Lønborggaard.

Der indgår han socialt i omegnen, gifter sig med Gerda og får en søn; ægteskabet begynder lykkeligt, men begge dør kort efter af sygdom. Disse tab underminer hans tro på sig selv og idealet om at bære livet i overensstemmelse med en høj sag, og han melder sig som frivillig i krigen. Efter en natlig scene med barnets død, hvor han oplever en religiøs bønhandling som et syndefald fra hans tidligere ateistiske overbevisning, går Niels igennem vedvarende forandring. Såret i krigen rammer ham i lungen; indlagt på lazaret plages han af smerte, isolation og erindringer om Gerda. Han afviser præstens hjælp, bliver delirøs under tiltagende betændelse og dør efter to døgns lidelse. Romanen kredser gennem forløbet om skyld og skam, kærlighedens dobbelte virkninger som både frelse og fordærv, kunstnerisk svaghed og identitetskrise, sorg og søgen efter mening. [Time]",4
"Summary #3

Romanen udspiller sig i 1800-tallets provins- og storbymiljøer med centrale lokaliteter som Lønborggaard, Clarens ved Genfersøen, København, Fjordby og Marianelund ved Mariagerfjord. Handlingen følger først Bartholine Lyhnes familie og især sønnen Niels Lyhne samt kunstnervennerne Erik Refstrup og Fennimore. Efter Bartholines sygdom og død vender Niels tilbage fra provinsen til København og indgår i salonlivet omkring Fru Boye; et mytologiserende forelskelsesforhold til Fru Boye ender i brud og efterlader ham ensom og intellektuelt splittet. Diskussioner med Doktor Hjerrild tegner hans intellektuelle baggrund. Tre år senere vender Erik tilbage som ægtemand på Marianelund med sin unge hustru Fennimore; Eriks apati, drikkeri og fravær står i kontrast til hans idérus, og ægteskabet forfalder.

Niels rejser til Marianelund for at støtte Erik, genopbygger et nært forhold til Fennimore, og deres fortrolighed udvikler sig over tid til en hemmelig kærlighed præget af stjålne kærtegn, skyld og daglig fornedrelse. Efter en periode med intens lykke trænger tvivl og skam ind i forholdet. Eriks død i en vognulykke under et ophold i Aalborg fører til Fennimores fortvivlelse, stærke anger og religiøse søgen, mens Niels reagerer med sorg, selvforagt og erkendelse af sin medvirken i forfaldet. Fennimore forlader stedet, og Niels tager på lange udlandsrejser, plaget af tvivl om sit talent og sin livsretning. Ved Gardasøen knytter han midlertidigt venskab med operasangerinden Madame Odéro, hvorefter han vender tilbage til Danmark og slår sig ned på Lønborggaard.

Der indgår han socialt i omegnen, gifter sig med Gerda og får en søn; ægteskabet begynder lykkeligt, men begge dør kort efter af sygdom. Disse tab underminer hans tro på sig selv og idealet om at bære livet i overensstemmelse med en høj sag, og han melder sig som frivillig i krigen. Efter en natlig scene med barnets død, hvor han oplever en religiøs bønhandling som et syndefald fra hans tidligere ateistiske overbevisning, går Niels igennem vedvarende forandring. Såret i krigen rammer ham i lungen; indlagt på lazaret plages han af smerte, isolation og erindringer om Gerda. Han afviser præstens hjælp, bliver delirøs under tiltagende betændelse og dør efter to døgns lidelse. Romanen kredser gennem forløbet om skyld og skam, kærlighedens dobbelte virkninger som både frelse og fordærv, kunstnerisk svaghed og identitetskrise, sorg og søgen efter mening. [Place]",4
"Summary #3

Romanen udspiller sig i 1800-tallets provins- og storbymiljøer med centrale lokaliteter som Lønborggaard, Clarens ved Genfersøen, København, Fjordby og Marianelund ved Mariagerfjord. Handlingen følger først Bartholine Lyhnes familie og især sønnen Niels Lyhne samt kunstnervennerne Erik Refstrup og Fennimore. Efter Bartholines sygdom og død vender Niels tilbage fra provinsen til København og indgår i salonlivet omkring Fru Boye; et mytologiserende forelskelsesforhold til Fru Boye ender i brud og efterlader ham ensom og intellektuelt splittet. Diskussioner med Doktor Hjerrild tegner hans intellektuelle baggrund. Tre år senere vender Erik tilbage som ægtemand på Marianelund med sin unge hustru Fennimore; Eriks apati, drikkeri og fravær står i kontrast til hans idérus, og ægteskabet forfalder.

Niels rejser til Marianelund for at støtte Erik, genopbygger et nært forhold til Fennimore, og deres fortrolighed udvikler sig over tid til en hemmelig kærlighed præget af stjålne kærtegn, skyld og daglig fornedrelse. Efter en periode med intens lykke trænger tvivl og skam ind i forholdet. Eriks død i en vognulykke under et ophold i Aalborg fører til Fennimores fortvivlelse, stærke anger og religiøse søgen, mens Niels reagerer med sorg, selvforagt og erkendelse af sin medvirken i forfaldet. Fennimore forlader stedet, og Niels tager på lange udlandsrejser, plaget af tvivl om sit talent og sin livsretning. Ved Gardasøen knytter han midlertidigt venskab med operasangerinden Madame Odéro, hvorefter han vender tilbage til Danmark og slår sig ned på Lønborggaard.

Der indgår han socialt i omegnen, gifter sig med Gerda og får en søn; ægteskabet begynder lykkeligt, men begge dør kort efter af sygdom. Disse tab underminer hans tro på sig selv og idealet om at bære livet i overensstemmelse med en høj sag, og han melder sig som frivillig i krigen. Efter en natlig scene med barnets død, hvor han oplever en religiøs bønhandling som et syndefald fra hans tidligere ateistiske overbevisning, går Niels igennem vedvarende forandring. Såret i krigen rammer ham i lungen; indlagt på lazaret plages han af smerte, isolation og erindringer om Gerda. Han afviser præstens hjælp, bliver delirøs under tiltagende betændelse og dør efter to døgns lidelse. Romanen kredser gennem forløbet om skyld og skam, kærlighedens dobbelte virkninger som både frelse og fordærv, kunstnerisk svaghed og identitetskrise, sorg og søgen efter mening. [Characters]",4
"Summary #3

Romanen udspiller sig i 1800-tallets provins- og storbymiljøer med centrale lokaliteter som Lønborggaard, Clarens ved Genfersøen, København, Fjordby og Marianelund ved Mariagerfjord. Handlingen følger først Bartholine Lyhnes familie og især sønnen Niels Lyhne samt kunstnervennerne Erik Refstrup og Fennimore. Efter Bartholines sygdom og død vender Niels tilbage fra provinsen til København og indgår i salonlivet omkring Fru Boye; et mytologiserende forelskelsesforhold til Fru Boye ender i brud og efterlader ham ensom og intellektuelt splittet. Diskussioner med Doktor Hjerrild tegner hans intellektuelle baggrund. Tre år senere vender Erik tilbage som ægtemand på Marianelund med sin unge hustru Fennimore; Eriks apati, drikkeri og fravær står i kontrast til hans idérus, og ægteskabet forfalder.

Niels rejser til Marianelund for at støtte Erik, genopbygger et nært forhold til Fennimore, og deres fortrolighed udvikler sig over tid til en hemmelig kærlighed præget af stjålne kærtegn, skyld og daglig fornedrelse. Efter en periode med intens lykke trænger tvivl og skam ind i forholdet. Eriks død i en vognulykke under et ophold i Aalborg fører til Fennimores fortvivlelse, stærke anger og religiøse søgen, mens Niels reagerer med sorg, selvforagt og erkendelse af sin medvirken i forfaldet. Fennimore forlader stedet, og Niels tager på lange udlandsrejser, plaget af tvivl om sit talent og sin livsretning. Ved Gardasøen knytter han midlertidigt venskab med operasangerinden Madame Odéro, hvorefter han vender tilbage til Danmark og slår sig ned på Lønborggaard.

Der indgår han socialt i omegnen, gifter sig med Gerda og får en søn; ægteskabet begynder lykkeligt, men begge dør kort efter af sygdom. Disse tab underminer hans tro på sig selv og idealet om at bære livet i overensstemmelse med en høj sag, og han melder sig som frivillig i krigen. Efter en natlig scene med barnets død, hvor han oplever en religiøs bønhandling som et syndefald fra hans tidligere ateistiske overbevisning, går Niels igennem vedvarende forandring. Såret i krigen rammer ham i lungen; indlagt på lazaret plages han af smerte, isolation og erindringer om Gerda. Han afviser præstens hjælp, bliver delirøs under tiltagende betændelse og dør efter to døgns lidelse. Romanen kredser gennem forløbet om skyld og skam, kærlighedens dobbelte virkninger som både frelse og fordærv, kunstnerisk svaghed og identitetskrise, sorg og søgen efter mening. [Plot]",4
"Summary #3

Romanen udspiller sig i 1800-tallets provins- og storbymiljøer med centrale lokaliteter som Lønborggaard, Clarens ved Genfersøen, København, Fjordby og Marianelund ved Mariagerfjord. Handlingen følger først Bartholine Lyhnes familie og især sønnen Niels Lyhne samt kunstnervennerne Erik Refstrup og Fennimore. Efter Bartholines sygdom og død vender Niels tilbage fra provinsen til København og indgår i salonlivet omkring Fru Boye; et mytologiserende forelskelsesforhold til Fru Boye ender i brud og efterlader ham ensom og intellektuelt splittet. Diskussioner med Doktor Hjerrild tegner hans intellektuelle baggrund. Tre år senere vender Erik tilbage som ægtemand på Marianelund med sin unge hustru Fennimore; Eriks apati, drikkeri og fravær står i kontrast til hans idérus, og ægteskabet forfalder.

Niels rejser til Marianelund for at støtte Erik, genopbygger et nært forhold til Fennimore, og deres fortrolighed udvikler sig over tid til en hemmelig kærlighed præget af stjålne kærtegn, skyld og daglig fornedrelse. Efter en periode med intens lykke trænger tvivl og skam ind i forholdet. Eriks død i en vognulykke under et ophold i Aalborg fører til Fennimores fortvivlelse, stærke anger og religiøse søgen, mens Niels reagerer med sorg, selvforagt og erkendelse af sin medvirken i forfaldet. Fennimore forlader stedet, og Niels tager på lange udlandsrejser, plaget af tvivl om sit talent og sin livsretning. Ved Gardasøen knytter han midlertidigt venskab med operasangerinden Madame Odéro, hvorefter han vender tilbage til Danmark og slår sig ned på Lønborggaard.

Der indgår han socialt i omegnen, gifter sig med Gerda og får en søn; ægteskabet begynder lykkeligt, men begge dør kort efter af sygdom. Disse tab underminer hans tro på sig selv og idealet om at bære livet i overensstemmelse med en høj sag, og han melder sig som frivillig i krigen. Efter en natlig scene med barnets død, hvor han oplever en religiøs bønhandling som et syndefald fra hans tidligere ateistiske overbevisning, går Niels igennem vedvarende forandring. Såret i krigen rammer ham i lungen; indlagt på lazaret plages han af smerte, isolation og erindringer om Gerda. Han afviser præstens hjælp, bliver delirøs under tiltagende betændelse og dør efter to døgns lidelse. Romanen kredser gennem forløbet om skyld og skam, kærlighedens dobbelte virkninger som både frelse og fordærv, kunstnerisk svaghed og identitetskrise, sorg og søgen efter mening. [Themes]",4
novel_id,Tine
"Summary #1

Romanen foregår i en dansk landsby på heden omkring tiden for Frederik d. 7.’s død og de efterfølgende kampe ved Dannevirke og Isted. Handlingen centrerer sig om degnens husholdning på Skovridergaarden og naboinstitutionerne — skolen, kirken, kroen og baronens gods — og skildrer, hvordan krigen trænger ind i det daglige liv: sårede vogntog, soldatindkvartering og flygtningestrømme fylder landskabet og gårdens rum.

Fortællingens centrum er Tine, degnens datter, som plejer sin syge far Bølling, organiserer pleje i skolestuen og hjælper læger og sårede. Madam Bølling fører husets drift. Skovrider Berg er en ung officer, som får følelsesmæssig kontakt til Tine; flere officerer — herunder Lieutenant Appel — samt baronen, lokale embedsmænd og korrespondenter optræder i gården og på skolen. Skolen omdannes til felthospital, kirkegård og kirketaarn bruges som udsigt og tilflugt, kroen og laden fungerer som samlingssteder, og marker og veje beskrives som scener for vogntog med sårede og døde.

Efterhånden øges presset: lasarettet fyldes, natlige brande og granatglød ses i horisonten, og frygten for tilbagetog stiger. Bølling får delirium og insisterer på at gå op i kirketaarnet for at se ""ilden""; familien følger ham op, hvor de skuer de brændende bygninger. I tårnets scene møder Tine Skovrider Berg, og de har et øjebliks nærhed. Senere rykker regimentet ud. Tine søger efter dem, hun holder af, går blandt kirkegård og hospitaler og finder til sidst en døende mand. Presset kulminerer, og Tine går ud til dammen på Skovridergaardens grund og drukner sig; hendes lig trækkes op og bringes ind i huset til vask og klargøring.

Efterfølgende skildres de umiddelbare reaktioner: Madam Bølling og landsbyens kvinder organiserer ligklædning og båren, ritualer og praktisk forberedelse foregår i huset. Præster, provst og biskop møder op; salmer, bønner og andagt markerer en offentlig, ceremoniel behandling af døden midt i krigens rum. Romanen viser dermed materielle ødelæggelser og de nære sociale følger af krigen: tab, ritualer omkring død og begravelse, kvindernes omsorgsarbejde og fællesskabets håndtering af sorg. [Fluency]",3
"Summary #1

Romanen foregår i en dansk landsby på heden omkring tiden for Frederik d. 7.’s død og de efterfølgende kampe ved Dannevirke og Isted. Handlingen centrerer sig om degnens husholdning på Skovridergaarden og naboinstitutionerne — skolen, kirken, kroen og baronens gods — og skildrer, hvordan krigen trænger ind i det daglige liv: sårede vogntog, soldatindkvartering og flygtningestrømme fylder landskabet og gårdens rum.

Fortællingens centrum er Tine, degnens datter, som plejer sin syge far Bølling, organiserer pleje i skolestuen og hjælper læger og sårede. Madam Bølling fører husets drift. Skovrider Berg er en ung officer, som får følelsesmæssig kontakt til Tine; flere officerer — herunder Lieutenant Appel — samt baronen, lokale embedsmænd og korrespondenter optræder i gården og på skolen. Skolen omdannes til felthospital, kirkegård og kirketaarn bruges som udsigt og tilflugt, kroen og laden fungerer som samlingssteder, og marker og veje beskrives som scener for vogntog med sårede og døde.

Efterhånden øges presset: lasarettet fyldes, natlige brande og granatglød ses i horisonten, og frygten for tilbagetog stiger. Bølling får delirium og insisterer på at gå op i kirketaarnet for at se ""ilden""; familien følger ham op, hvor de skuer de brændende bygninger. I tårnets scene møder Tine Skovrider Berg, og de har et øjebliks nærhed. Senere rykker regimentet ud. Tine søger efter dem, hun holder af, går blandt kirkegård og hospitaler og finder til sidst en døende mand. Presset kulminerer, og Tine går ud til dammen på Skovridergaardens grund og drukner sig; hendes lig trækkes op og bringes ind i huset til vask og klargøring.

Efterfølgende skildres de umiddelbare reaktioner: Madam Bølling og landsbyens kvinder organiserer ligklædning og båren, ritualer og praktisk forberedelse foregår i huset. Præster, provst og biskop møder op; salmer, bønner og andagt markerer en offentlig, ceremoniel behandling af døden midt i krigens rum. Romanen viser dermed materielle ødelæggelser og de nære sociale følger af krigen: tab, ritualer omkring død og begravelse, kvindernes omsorgsarbejde og fællesskabets håndtering af sorg. [Coherence]",3
"Summary #1

Romanen foregår i en dansk landsby på heden omkring tiden for Frederik d. 7.’s død og de efterfølgende kampe ved Dannevirke og Isted. Handlingen centrerer sig om degnens husholdning på Skovridergaarden og naboinstitutionerne — skolen, kirken, kroen og baronens gods — og skildrer, hvordan krigen trænger ind i det daglige liv: sårede vogntog, soldatindkvartering og flygtningestrømme fylder landskabet og gårdens rum.

Fortællingens centrum er Tine, degnens datter, som plejer sin syge far Bølling, organiserer pleje i skolestuen og hjælper læger og sårede. Madam Bølling fører husets drift. Skovrider Berg er en ung officer, som får følelsesmæssig kontakt til Tine; flere officerer — herunder Lieutenant Appel — samt baronen, lokale embedsmænd og korrespondenter optræder i gården og på skolen. Skolen omdannes til felthospital, kirkegård og kirketaarn bruges som udsigt og tilflugt, kroen og laden fungerer som samlingssteder, og marker og veje beskrives som scener for vogntog med sårede og døde.

Efterhånden øges presset: lasarettet fyldes, natlige brande og granatglød ses i horisonten, og frygten for tilbagetog stiger. Bølling får delirium og insisterer på at gå op i kirketaarnet for at se ""ilden""; familien følger ham op, hvor de skuer de brændende bygninger. I tårnets scene møder Tine Skovrider Berg, og de har et øjebliks nærhed. Senere rykker regimentet ud. Tine søger efter dem, hun holder af, går blandt kirkegård og hospitaler og finder til sidst en døende mand. Presset kulminerer, og Tine går ud til dammen på Skovridergaardens grund og drukner sig; hendes lig trækkes op og bringes ind i huset til vask og klargøring.

Efterfølgende skildres de umiddelbare reaktioner: Madam Bølling og landsbyens kvinder organiserer ligklædning og båren, ritualer og praktisk forberedelse foregår i huset. Præster, provst og biskop møder op; salmer, bønner og andagt markerer en offentlig, ceremoniel behandling af døden midt i krigens rum. Romanen viser dermed materielle ødelæggelser og de nære sociale følger af krigen: tab, ritualer omkring død og begravelse, kvindernes omsorgsarbejde og fællesskabets håndtering af sorg. [Relevance]",2
"Summary #1

Romanen foregår i en dansk landsby på heden omkring tiden for Frederik d. 7.’s død og de efterfølgende kampe ved Dannevirke og Isted. Handlingen centrerer sig om degnens husholdning på Skovridergaarden og naboinstitutionerne — skolen, kirken, kroen og baronens gods — og skildrer, hvordan krigen trænger ind i det daglige liv: sårede vogntog, soldatindkvartering og flygtningestrømme fylder landskabet og gårdens rum.

Fortællingens centrum er Tine, degnens datter, som plejer sin syge far Bølling, organiserer pleje i skolestuen og hjælper læger og sårede. Madam Bølling fører husets drift. Skovrider Berg er en ung officer, som får følelsesmæssig kontakt til Tine; flere officerer — herunder Lieutenant Appel — samt baronen, lokale embedsmænd og korrespondenter optræder i gården og på skolen. Skolen omdannes til felthospital, kirkegård og kirketaarn bruges som udsigt og tilflugt, kroen og laden fungerer som samlingssteder, og marker og veje beskrives som scener for vogntog med sårede og døde.

Efterhånden øges presset: lasarettet fyldes, natlige brande og granatglød ses i horisonten, og frygten for tilbagetog stiger. Bølling får delirium og insisterer på at gå op i kirketaarnet for at se ""ilden""; familien følger ham op, hvor de skuer de brændende bygninger. I tårnets scene møder Tine Skovrider Berg, og de har et øjebliks nærhed. Senere rykker regimentet ud. Tine søger efter dem, hun holder af, går blandt kirkegård og hospitaler og finder til sidst en døende mand. Presset kulminerer, og Tine går ud til dammen på Skovridergaardens grund og drukner sig; hendes lig trækkes op og bringes ind i huset til vask og klargøring.

Efterfølgende skildres de umiddelbare reaktioner: Madam Bølling og landsbyens kvinder organiserer ligklædning og båren, ritualer og praktisk forberedelse foregår i huset. Præster, provst og biskop møder op; salmer, bønner og andagt markerer en offentlig, ceremoniel behandling af døden midt i krigens rum. Romanen viser dermed materielle ødelæggelser og de nære sociale følger af krigen: tab, ritualer omkring død og begravelse, kvindernes omsorgsarbejde og fællesskabets håndtering af sorg. [Factuality]",2
"Summary #1

Romanen foregår i en dansk landsby på heden omkring tiden for Frederik d. 7.’s død og de efterfølgende kampe ved Dannevirke og Isted. Handlingen centrerer sig om degnens husholdning på Skovridergaarden og naboinstitutionerne — skolen, kirken, kroen og baronens gods — og skildrer, hvordan krigen trænger ind i det daglige liv: sårede vogntog, soldatindkvartering og flygtningestrømme fylder landskabet og gårdens rum.

Fortællingens centrum er Tine, degnens datter, som plejer sin syge far Bølling, organiserer pleje i skolestuen og hjælper læger og sårede. Madam Bølling fører husets drift. Skovrider Berg er en ung officer, som får følelsesmæssig kontakt til Tine; flere officerer — herunder Lieutenant Appel — samt baronen, lokale embedsmænd og korrespondenter optræder i gården og på skolen. Skolen omdannes til felthospital, kirkegård og kirketaarn bruges som udsigt og tilflugt, kroen og laden fungerer som samlingssteder, og marker og veje beskrives som scener for vogntog med sårede og døde.

Efterhånden øges presset: lasarettet fyldes, natlige brande og granatglød ses i horisonten, og frygten for tilbagetog stiger. Bølling får delirium og insisterer på at gå op i kirketaarnet for at se ""ilden""; familien følger ham op, hvor de skuer de brændende bygninger. I tårnets scene møder Tine Skovrider Berg, og de har et øjebliks nærhed. Senere rykker regimentet ud. Tine søger efter dem, hun holder af, går blandt kirkegård og hospitaler og finder til sidst en døende mand. Presset kulminerer, og Tine går ud til dammen på Skovridergaardens grund og drukner sig; hendes lig trækkes op og bringes ind i huset til vask og klargøring.

Efterfølgende skildres de umiddelbare reaktioner: Madam Bølling og landsbyens kvinder organiserer ligklædning og båren, ritualer og praktisk forberedelse foregår i huset. Præster, provst og biskop møder op; salmer, bønner og andagt markerer en offentlig, ceremoniel behandling af døden midt i krigens rum. Romanen viser dermed materielle ødelæggelser og de nære sociale følger af krigen: tab, ritualer omkring død og begravelse, kvindernes omsorgsarbejde og fællesskabets håndtering af sorg. [Time]",4
"Summary #1

Romanen foregår i en dansk landsby på heden omkring tiden for Frederik d. 7.’s død og de efterfølgende kampe ved Dannevirke og Isted. Handlingen centrerer sig om degnens husholdning på Skovridergaarden og naboinstitutionerne — skolen, kirken, kroen og baronens gods — og skildrer, hvordan krigen trænger ind i det daglige liv: sårede vogntog, soldatindkvartering og flygtningestrømme fylder landskabet og gårdens rum.

Fortællingens centrum er Tine, degnens datter, som plejer sin syge far Bølling, organiserer pleje i skolestuen og hjælper læger og sårede. Madam Bølling fører husets drift. Skovrider Berg er en ung officer, som får følelsesmæssig kontakt til Tine; flere officerer — herunder Lieutenant Appel — samt baronen, lokale embedsmænd og korrespondenter optræder i gården og på skolen. Skolen omdannes til felthospital, kirkegård og kirketaarn bruges som udsigt og tilflugt, kroen og laden fungerer som samlingssteder, og marker og veje beskrives som scener for vogntog med sårede og døde.

Efterhånden øges presset: lasarettet fyldes, natlige brande og granatglød ses i horisonten, og frygten for tilbagetog stiger. Bølling får delirium og insisterer på at gå op i kirketaarnet for at se ""ilden""; familien følger ham op, hvor de skuer de brændende bygninger. I tårnets scene møder Tine Skovrider Berg, og de har et øjebliks nærhed. Senere rykker regimentet ud. Tine søger efter dem, hun holder af, går blandt kirkegård og hospitaler og finder til sidst en døende mand. Presset kulminerer, og Tine går ud til dammen på Skovridergaardens grund og drukner sig; hendes lig trækkes op og bringes ind i huset til vask og klargøring.

Efterfølgende skildres de umiddelbare reaktioner: Madam Bølling og landsbyens kvinder organiserer ligklædning og båren, ritualer og praktisk forberedelse foregår i huset. Præster, provst og biskop møder op; salmer, bønner og andagt markerer en offentlig, ceremoniel behandling af døden midt i krigens rum. Romanen viser dermed materielle ødelæggelser og de nære sociale følger af krigen: tab, ritualer omkring død og begravelse, kvindernes omsorgsarbejde og fællesskabets håndtering af sorg. [Place]",3
"Summary #1

Romanen foregår i en dansk landsby på heden omkring tiden for Frederik d. 7.’s død og de efterfølgende kampe ved Dannevirke og Isted. Handlingen centrerer sig om degnens husholdning på Skovridergaarden og naboinstitutionerne — skolen, kirken, kroen og baronens gods — og skildrer, hvordan krigen trænger ind i det daglige liv: sårede vogntog, soldatindkvartering og flygtningestrømme fylder landskabet og gårdens rum.

Fortællingens centrum er Tine, degnens datter, som plejer sin syge far Bølling, organiserer pleje i skolestuen og hjælper læger og sårede. Madam Bølling fører husets drift. Skovrider Berg er en ung officer, som får følelsesmæssig kontakt til Tine; flere officerer — herunder Lieutenant Appel — samt baronen, lokale embedsmænd og korrespondenter optræder i gården og på skolen. Skolen omdannes til felthospital, kirkegård og kirketaarn bruges som udsigt og tilflugt, kroen og laden fungerer som samlingssteder, og marker og veje beskrives som scener for vogntog med sårede og døde.

Efterhånden øges presset: lasarettet fyldes, natlige brande og granatglød ses i horisonten, og frygten for tilbagetog stiger. Bølling får delirium og insisterer på at gå op i kirketaarnet for at se ""ilden""; familien følger ham op, hvor de skuer de brændende bygninger. I tårnets scene møder Tine Skovrider Berg, og de har et øjebliks nærhed. Senere rykker regimentet ud. Tine søger efter dem, hun holder af, går blandt kirkegård og hospitaler og finder til sidst en døende mand. Presset kulminerer, og Tine går ud til dammen på Skovridergaardens grund og drukner sig; hendes lig trækkes op og bringes ind i huset til vask og klargøring.

Efterfølgende skildres de umiddelbare reaktioner: Madam Bølling og landsbyens kvinder organiserer ligklædning og båren, ritualer og praktisk forberedelse foregår i huset. Præster, provst og biskop møder op; salmer, bønner og andagt markerer en offentlig, ceremoniel behandling af døden midt i krigens rum. Romanen viser dermed materielle ødelæggelser og de nære sociale følger af krigen: tab, ritualer omkring død og begravelse, kvindernes omsorgsarbejde og fællesskabets håndtering af sorg. [Characters]",5
"Summary #1

Romanen foregår i en dansk landsby på heden omkring tiden for Frederik d. 7.’s død og de efterfølgende kampe ved Dannevirke og Isted. Handlingen centrerer sig om degnens husholdning på Skovridergaarden og naboinstitutionerne — skolen, kirken, kroen og baronens gods — og skildrer, hvordan krigen trænger ind i det daglige liv: sårede vogntog, soldatindkvartering og flygtningestrømme fylder landskabet og gårdens rum.

Fortællingens centrum er Tine, degnens datter, som plejer sin syge far Bølling, organiserer pleje i skolestuen og hjælper læger og sårede. Madam Bølling fører husets drift. Skovrider Berg er en ung officer, som får følelsesmæssig kontakt til Tine; flere officerer — herunder Lieutenant Appel — samt baronen, lokale embedsmænd og korrespondenter optræder i gården og på skolen. Skolen omdannes til felthospital, kirkegård og kirketaarn bruges som udsigt og tilflugt, kroen og laden fungerer som samlingssteder, og marker og veje beskrives som scener for vogntog med sårede og døde.

Efterhånden øges presset: lasarettet fyldes, natlige brande og granatglød ses i horisonten, og frygten for tilbagetog stiger. Bølling får delirium og insisterer på at gå op i kirketaarnet for at se ""ilden""; familien følger ham op, hvor de skuer de brændende bygninger. I tårnets scene møder Tine Skovrider Berg, og de har et øjebliks nærhed. Senere rykker regimentet ud. Tine søger efter dem, hun holder af, går blandt kirkegård og hospitaler og finder til sidst en døende mand. Presset kulminerer, og Tine går ud til dammen på Skovridergaardens grund og drukner sig; hendes lig trækkes op og bringes ind i huset til vask og klargøring.

Efterfølgende skildres de umiddelbare reaktioner: Madam Bølling og landsbyens kvinder organiserer ligklædning og båren, ritualer og praktisk forberedelse foregår i huset. Præster, provst og biskop møder op; salmer, bønner og andagt markerer en offentlig, ceremoniel behandling af døden midt i krigens rum. Romanen viser dermed materielle ødelæggelser og de nære sociale følger af krigen: tab, ritualer omkring død og begravelse, kvindernes omsorgsarbejde og fællesskabets håndtering af sorg. [Plot]",3
"Summary #1

Romanen foregår i en dansk landsby på heden omkring tiden for Frederik d. 7.’s død og de efterfølgende kampe ved Dannevirke og Isted. Handlingen centrerer sig om degnens husholdning på Skovridergaarden og naboinstitutionerne — skolen, kirken, kroen og baronens gods — og skildrer, hvordan krigen trænger ind i det daglige liv: sårede vogntog, soldatindkvartering og flygtningestrømme fylder landskabet og gårdens rum.

Fortællingens centrum er Tine, degnens datter, som plejer sin syge far Bølling, organiserer pleje i skolestuen og hjælper læger og sårede. Madam Bølling fører husets drift. Skovrider Berg er en ung officer, som får følelsesmæssig kontakt til Tine; flere officerer — herunder Lieutenant Appel — samt baronen, lokale embedsmænd og korrespondenter optræder i gården og på skolen. Skolen omdannes til felthospital, kirkegård og kirketaarn bruges som udsigt og tilflugt, kroen og laden fungerer som samlingssteder, og marker og veje beskrives som scener for vogntog med sårede og døde.

Efterhånden øges presset: lasarettet fyldes, natlige brande og granatglød ses i horisonten, og frygten for tilbagetog stiger. Bølling får delirium og insisterer på at gå op i kirketaarnet for at se ""ilden""; familien følger ham op, hvor de skuer de brændende bygninger. I tårnets scene møder Tine Skovrider Berg, og de har et øjebliks nærhed. Senere rykker regimentet ud. Tine søger efter dem, hun holder af, går blandt kirkegård og hospitaler og finder til sidst en døende mand. Presset kulminerer, og Tine går ud til dammen på Skovridergaardens grund og drukner sig; hendes lig trækkes op og bringes ind i huset til vask og klargøring.

Efterfølgende skildres de umiddelbare reaktioner: Madam Bølling og landsbyens kvinder organiserer ligklædning og båren, ritualer og praktisk forberedelse foregår i huset. Præster, provst og biskop møder op; salmer, bønner og andagt markerer en offentlig, ceremoniel behandling af døden midt i krigens rum. Romanen viser dermed materielle ødelæggelser og de nære sociale følger af krigen: tab, ritualer omkring død og begravelse, kvindernes omsorgsarbejde og fællesskabets håndtering af sorg. [Themes]",3
"Summary #2

Handlingen udspiller sig i et jysk landsbysogn i tiden lige før og under første del af Treårskrigen 1864. Tine Bølling, degnedatter fra Skolen ved kirken, følger livet på den nærliggende Skovridergaard, hvor den unge skovrider H.R. Berg bor med sin livlige hustru Marie og deres lille søn Herluf. Gennem hverdagens rytmer – skovture, slagtning, sang og kortspil – knyttes Tine tæt til familien og til det trygge, selvberedte bondesamfund, hvor købstadsfolk om sommeren fylder gårdene og nyheder om kongens død og krigsindkaldelser først når sognet gennem aviserne.

Da Berg møder ind, forlader Marie og Herluf gården; Tine og de gamle tjenere flytter ind i det kolde ”blå kammer” for at holde huset klart. Snart ruller de første sårede vogne gennem landsbyen, og Dybbøls kanoner høres i det fjerne. Efter danskernes overraskende tilbagetrækning fra Dannevirke bryder fortvivlelsen løs: telegrammer læses højt, glas kastes mod kongebilledet, og biskop Dahl må bede om ro. Tine hjælper ved vejen med vand og trøst, indtil beskeden om Berg uskadt kommer hjem bringer kortvarig lettelse.

Berg vender tilbage til en overfyldt gård, men han er fraværende og tavs; kun om natten søger han Tine under Maries portræt. Mens faderen hjemme i Skolen gradvis mister forstanden og vil op i tårnet for at se ”jorden brænde”, fyldes Skovridergaarden af flygtninge, og Tine går mellem dem med mælk og brød. Efter nederlaget ved Als vandrer hun ud for at møde de hjemvendte soldater, men Berg passerer hende uden at se; hun dækker bord med stjernedug og hans livret, men han spiser uden appetit og forsvinder igen blandt officerer.

I Skolestuen dør den unge Appel i sin mors arme; Tine hjælper til, mens kanonerne tier og nye rekrutter synger. Hun bliver tilbage i det tomme hus, hvor minder, jagthunde og den stadig mere fraværende Berg er de eneste rester af den verden, krigen har revet itu. [Fluency]",4
"Summary #2

Handlingen udspiller sig i et jysk landsbysogn i tiden lige før og under første del af Treårskrigen 1864. Tine Bølling, degnedatter fra Skolen ved kirken, følger livet på den nærliggende Skovridergaard, hvor den unge skovrider H.R. Berg bor med sin livlige hustru Marie og deres lille søn Herluf. Gennem hverdagens rytmer – skovture, slagtning, sang og kortspil – knyttes Tine tæt til familien og til det trygge, selvberedte bondesamfund, hvor købstadsfolk om sommeren fylder gårdene og nyheder om kongens død og krigsindkaldelser først når sognet gennem aviserne.

Da Berg møder ind, forlader Marie og Herluf gården; Tine og de gamle tjenere flytter ind i det kolde ”blå kammer” for at holde huset klart. Snart ruller de første sårede vogne gennem landsbyen, og Dybbøls kanoner høres i det fjerne. Efter danskernes overraskende tilbagetrækning fra Dannevirke bryder fortvivlelsen løs: telegrammer læses højt, glas kastes mod kongebilledet, og biskop Dahl må bede om ro. Tine hjælper ved vejen med vand og trøst, indtil beskeden om Berg uskadt kommer hjem bringer kortvarig lettelse.

Berg vender tilbage til en overfyldt gård, men han er fraværende og tavs; kun om natten søger han Tine under Maries portræt. Mens faderen hjemme i Skolen gradvis mister forstanden og vil op i tårnet for at se ”jorden brænde”, fyldes Skovridergaarden af flygtninge, og Tine går mellem dem med mælk og brød. Efter nederlaget ved Als vandrer hun ud for at møde de hjemvendte soldater, men Berg passerer hende uden at se; hun dækker bord med stjernedug og hans livret, men han spiser uden appetit og forsvinder igen blandt officerer.

I Skolestuen dør den unge Appel i sin mors arme; Tine hjælper til, mens kanonerne tier og nye rekrutter synger. Hun bliver tilbage i det tomme hus, hvor minder, jagthunde og den stadig mere fraværende Berg er de eneste rester af den verden, krigen har revet itu. [Coherence]",4
"Summary #2

Handlingen udspiller sig i et jysk landsbysogn i tiden lige før og under første del af Treårskrigen 1864. Tine Bølling, degnedatter fra Skolen ved kirken, følger livet på den nærliggende Skovridergaard, hvor den unge skovrider H.R. Berg bor med sin livlige hustru Marie og deres lille søn Herluf. Gennem hverdagens rytmer – skovture, slagtning, sang og kortspil – knyttes Tine tæt til familien og til det trygge, selvberedte bondesamfund, hvor købstadsfolk om sommeren fylder gårdene og nyheder om kongens død og krigsindkaldelser først når sognet gennem aviserne.

Da Berg møder ind, forlader Marie og Herluf gården; Tine og de gamle tjenere flytter ind i det kolde ”blå kammer” for at holde huset klart. Snart ruller de første sårede vogne gennem landsbyen, og Dybbøls kanoner høres i det fjerne. Efter danskernes overraskende tilbagetrækning fra Dannevirke bryder fortvivlelsen løs: telegrammer læses højt, glas kastes mod kongebilledet, og biskop Dahl må bede om ro. Tine hjælper ved vejen med vand og trøst, indtil beskeden om Berg uskadt kommer hjem bringer kortvarig lettelse.

Berg vender tilbage til en overfyldt gård, men han er fraværende og tavs; kun om natten søger han Tine under Maries portræt. Mens faderen hjemme i Skolen gradvis mister forstanden og vil op i tårnet for at se ”jorden brænde”, fyldes Skovridergaarden af flygtninge, og Tine går mellem dem med mælk og brød. Efter nederlaget ved Als vandrer hun ud for at møde de hjemvendte soldater, men Berg passerer hende uden at se; hun dækker bord med stjernedug og hans livret, men han spiser uden appetit og forsvinder igen blandt officerer.

I Skolestuen dør den unge Appel i sin mors arme; Tine hjælper til, mens kanonerne tier og nye rekrutter synger. Hun bliver tilbage i det tomme hus, hvor minder, jagthunde og den stadig mere fraværende Berg er de eneste rester af den verden, krigen har revet itu. [Relevance]",3
"Summary #2

Handlingen udspiller sig i et jysk landsbysogn i tiden lige før og under første del af Treårskrigen 1864. Tine Bølling, degnedatter fra Skolen ved kirken, følger livet på den nærliggende Skovridergaard, hvor den unge skovrider H.R. Berg bor med sin livlige hustru Marie og deres lille søn Herluf. Gennem hverdagens rytmer – skovture, slagtning, sang og kortspil – knyttes Tine tæt til familien og til det trygge, selvberedte bondesamfund, hvor købstadsfolk om sommeren fylder gårdene og nyheder om kongens død og krigsindkaldelser først når sognet gennem aviserne.

Da Berg møder ind, forlader Marie og Herluf gården; Tine og de gamle tjenere flytter ind i det kolde ”blå kammer” for at holde huset klart. Snart ruller de første sårede vogne gennem landsbyen, og Dybbøls kanoner høres i det fjerne. Efter danskernes overraskende tilbagetrækning fra Dannevirke bryder fortvivlelsen løs: telegrammer læses højt, glas kastes mod kongebilledet, og biskop Dahl må bede om ro. Tine hjælper ved vejen med vand og trøst, indtil beskeden om Berg uskadt kommer hjem bringer kortvarig lettelse.

Berg vender tilbage til en overfyldt gård, men han er fraværende og tavs; kun om natten søger han Tine under Maries portræt. Mens faderen hjemme i Skolen gradvis mister forstanden og vil op i tårnet for at se ”jorden brænde”, fyldes Skovridergaarden af flygtninge, og Tine går mellem dem med mælk og brød. Efter nederlaget ved Als vandrer hun ud for at møde de hjemvendte soldater, men Berg passerer hende uden at se; hun dækker bord med stjernedug og hans livret, men han spiser uden appetit og forsvinder igen blandt officerer.

I Skolestuen dør den unge Appel i sin mors arme; Tine hjælper til, mens kanonerne tier og nye rekrutter synger. Hun bliver tilbage i det tomme hus, hvor minder, jagthunde og den stadig mere fraværende Berg er de eneste rester af den verden, krigen har revet itu. [Factuality]",3
"Summary #2

Handlingen udspiller sig i et jysk landsbysogn i tiden lige før og under første del af Treårskrigen 1864. Tine Bølling, degnedatter fra Skolen ved kirken, følger livet på den nærliggende Skovridergaard, hvor den unge skovrider H.R. Berg bor med sin livlige hustru Marie og deres lille søn Herluf. Gennem hverdagens rytmer – skovture, slagtning, sang og kortspil – knyttes Tine tæt til familien og til det trygge, selvberedte bondesamfund, hvor købstadsfolk om sommeren fylder gårdene og nyheder om kongens død og krigsindkaldelser først når sognet gennem aviserne.

Da Berg møder ind, forlader Marie og Herluf gården; Tine og de gamle tjenere flytter ind i det kolde ”blå kammer” for at holde huset klart. Snart ruller de første sårede vogne gennem landsbyen, og Dybbøls kanoner høres i det fjerne. Efter danskernes overraskende tilbagetrækning fra Dannevirke bryder fortvivlelsen løs: telegrammer læses højt, glas kastes mod kongebilledet, og biskop Dahl må bede om ro. Tine hjælper ved vejen med vand og trøst, indtil beskeden om Berg uskadt kommer hjem bringer kortvarig lettelse.

Berg vender tilbage til en overfyldt gård, men han er fraværende og tavs; kun om natten søger han Tine under Maries portræt. Mens faderen hjemme i Skolen gradvis mister forstanden og vil op i tårnet for at se ”jorden brænde”, fyldes Skovridergaarden af flygtninge, og Tine går mellem dem med mælk og brød. Efter nederlaget ved Als vandrer hun ud for at møde de hjemvendte soldater, men Berg passerer hende uden at se; hun dækker bord med stjernedug og hans livret, men han spiser uden appetit og forsvinder igen blandt officerer.

I Skolestuen dør den unge Appel i sin mors arme; Tine hjælper til, mens kanonerne tier og nye rekrutter synger. Hun bliver tilbage i det tomme hus, hvor minder, jagthunde og den stadig mere fraværende Berg er de eneste rester af den verden, krigen har revet itu. [Time ]",5
"Summary #2

Handlingen udspiller sig i et jysk landsbysogn i tiden lige før og under første del af Treårskrigen 1864. Tine Bølling, degnedatter fra Skolen ved kirken, følger livet på den nærliggende Skovridergaard, hvor den unge skovrider H.R. Berg bor med sin livlige hustru Marie og deres lille søn Herluf. Gennem hverdagens rytmer – skovture, slagtning, sang og kortspil – knyttes Tine tæt til familien og til det trygge, selvberedte bondesamfund, hvor købstadsfolk om sommeren fylder gårdene og nyheder om kongens død og krigsindkaldelser først når sognet gennem aviserne.

Da Berg møder ind, forlader Marie og Herluf gården; Tine og de gamle tjenere flytter ind i det kolde ”blå kammer” for at holde huset klart. Snart ruller de første sårede vogne gennem landsbyen, og Dybbøls kanoner høres i det fjerne. Efter danskernes overraskende tilbagetrækning fra Dannevirke bryder fortvivlelsen løs: telegrammer læses højt, glas kastes mod kongebilledet, og biskop Dahl må bede om ro. Tine hjælper ved vejen med vand og trøst, indtil beskeden om Berg uskadt kommer hjem bringer kortvarig lettelse.

Berg vender tilbage til en overfyldt gård, men han er fraværende og tavs; kun om natten søger han Tine under Maries portræt. Mens faderen hjemme i Skolen gradvis mister forstanden og vil op i tårnet for at se ”jorden brænde”, fyldes Skovridergaarden af flygtninge, og Tine går mellem dem med mælk og brød. Efter nederlaget ved Als vandrer hun ud for at møde de hjemvendte soldater, men Berg passerer hende uden at se; hun dækker bord med stjernedug og hans livret, men han spiser uden appetit og forsvinder igen blandt officerer.

I Skolestuen dør den unge Appel i sin mors arme; Tine hjælper til, mens kanonerne tier og nye rekrutter synger. Hun bliver tilbage i det tomme hus, hvor minder, jagthunde og den stadig mere fraværende Berg er de eneste rester af den verden, krigen har revet itu. [Place]",5
"Summary #2

Handlingen udspiller sig i et jysk landsbysogn i tiden lige før og under første del af Treårskrigen 1864. Tine Bølling, degnedatter fra Skolen ved kirken, følger livet på den nærliggende Skovridergaard, hvor den unge skovrider H.R. Berg bor med sin livlige hustru Marie og deres lille søn Herluf. Gennem hverdagens rytmer – skovture, slagtning, sang og kortspil – knyttes Tine tæt til familien og til det trygge, selvberedte bondesamfund, hvor købstadsfolk om sommeren fylder gårdene og nyheder om kongens død og krigsindkaldelser først når sognet gennem aviserne.

Da Berg møder ind, forlader Marie og Herluf gården; Tine og de gamle tjenere flytter ind i det kolde ”blå kammer” for at holde huset klart. Snart ruller de første sårede vogne gennem landsbyen, og Dybbøls kanoner høres i det fjerne. Efter danskernes overraskende tilbagetrækning fra Dannevirke bryder fortvivlelsen løs: telegrammer læses højt, glas kastes mod kongebilledet, og biskop Dahl må bede om ro. Tine hjælper ved vejen med vand og trøst, indtil beskeden om Berg uskadt kommer hjem bringer kortvarig lettelse.

Berg vender tilbage til en overfyldt gård, men han er fraværende og tavs; kun om natten søger han Tine under Maries portræt. Mens faderen hjemme i Skolen gradvis mister forstanden og vil op i tårnet for at se ”jorden brænde”, fyldes Skovridergaarden af flygtninge, og Tine går mellem dem med mælk og brød. Efter nederlaget ved Als vandrer hun ud for at møde de hjemvendte soldater, men Berg passerer hende uden at se; hun dækker bord med stjernedug og hans livret, men han spiser uden appetit og forsvinder igen blandt officerer.

I Skolestuen dør den unge Appel i sin mors arme; Tine hjælper til, mens kanonerne tier og nye rekrutter synger. Hun bliver tilbage i det tomme hus, hvor minder, jagthunde og den stadig mere fraværende Berg er de eneste rester af den verden, krigen har revet itu. [Characters]",5
"Summary #2

Handlingen udspiller sig i et jysk landsbysogn i tiden lige før og under første del af Treårskrigen 1864. Tine Bølling, degnedatter fra Skolen ved kirken, følger livet på den nærliggende Skovridergaard, hvor den unge skovrider H.R. Berg bor med sin livlige hustru Marie og deres lille søn Herluf. Gennem hverdagens rytmer – skovture, slagtning, sang og kortspil – knyttes Tine tæt til familien og til det trygge, selvberedte bondesamfund, hvor købstadsfolk om sommeren fylder gårdene og nyheder om kongens død og krigsindkaldelser først når sognet gennem aviserne.

Da Berg møder ind, forlader Marie og Herluf gården; Tine og de gamle tjenere flytter ind i det kolde ”blå kammer” for at holde huset klart. Snart ruller de første sårede vogne gennem landsbyen, og Dybbøls kanoner høres i det fjerne. Efter danskernes overraskende tilbagetrækning fra Dannevirke bryder fortvivlelsen løs: telegrammer læses højt, glas kastes mod kongebilledet, og biskop Dahl må bede om ro. Tine hjælper ved vejen med vand og trøst, indtil beskeden om Berg uskadt kommer hjem bringer kortvarig lettelse.

Berg vender tilbage til en overfyldt gård, men han er fraværende og tavs; kun om natten søger han Tine under Maries portræt. Mens faderen hjemme i Skolen gradvis mister forstanden og vil op i tårnet for at se ”jorden brænde”, fyldes Skovridergaarden af flygtninge, og Tine går mellem dem med mælk og brød. Efter nederlaget ved Als vandrer hun ud for at møde de hjemvendte soldater, men Berg passerer hende uden at se; hun dækker bord med stjernedug og hans livret, men han spiser uden appetit og forsvinder igen blandt officerer.

I Skolestuen dør den unge Appel i sin mors arme; Tine hjælper til, mens kanonerne tier og nye rekrutter synger. Hun bliver tilbage i det tomme hus, hvor minder, jagthunde og den stadig mere fraværende Berg er de eneste rester af den verden, krigen har revet itu. [Plot]",3
"Summary #2

Handlingen udspiller sig i et jysk landsbysogn i tiden lige før og under første del af Treårskrigen 1864. Tine Bølling, degnedatter fra Skolen ved kirken, følger livet på den nærliggende Skovridergaard, hvor den unge skovrider H.R. Berg bor med sin livlige hustru Marie og deres lille søn Herluf. Gennem hverdagens rytmer – skovture, slagtning, sang og kortspil – knyttes Tine tæt til familien og til det trygge, selvberedte bondesamfund, hvor købstadsfolk om sommeren fylder gårdene og nyheder om kongens død og krigsindkaldelser først når sognet gennem aviserne.

Da Berg møder ind, forlader Marie og Herluf gården; Tine og de gamle tjenere flytter ind i det kolde ”blå kammer” for at holde huset klart. Snart ruller de første sårede vogne gennem landsbyen, og Dybbøls kanoner høres i det fjerne. Efter danskernes overraskende tilbagetrækning fra Dannevirke bryder fortvivlelsen løs: telegrammer læses højt, glas kastes mod kongebilledet, og biskop Dahl må bede om ro. Tine hjælper ved vejen med vand og trøst, indtil beskeden om Berg uskadt kommer hjem bringer kortvarig lettelse.

Berg vender tilbage til en overfyldt gård, men han er fraværende og tavs; kun om natten søger han Tine under Maries portræt. Mens faderen hjemme i Skolen gradvis mister forstanden og vil op i tårnet for at se ”jorden brænde”, fyldes Skovridergaarden af flygtninge, og Tine går mellem dem med mælk og brød. Efter nederlaget ved Als vandrer hun ud for at møde de hjemvendte soldater, men Berg passerer hende uden at se; hun dækker bord med stjernedug og hans livret, men han spiser uden appetit og forsvinder igen blandt officerer.

I Skolestuen dør den unge Appel i sin mors arme; Tine hjælper til, mens kanonerne tier og nye rekrutter synger. Hun bliver tilbage i det tomme hus, hvor minder, jagthunde og den stadig mere fraværende Berg er de eneste rester af den verden, krigen har revet itu. [Themes]",2
"Summary #3

Handlingen foregår på Als i Sønderjylland under krigen i 1864, med omdrejningspunkt i og omkring degneboligen og skolen, kirken og kirkegården, kroen og Skovridergården samt veje, marker og skove tæt ved Dybbølstillingen; Ulkebøl optræder, og Sønderborg omtales. Hovedpersonen er Tine Bølling, degnens datter, som i længere tid har haft sin daglige gang på Skovridergården hos skovrider og løjtnant Henrik Berg, hans hustru Marie (Fru Berg) og deres lille søn Herluf. Omkring dem ses bl.a. de gamle Bøllings, tjenestefolk som Sofie og Maren, krofolkene Madam Henrichsen og datteren Tinka, den énarmede baron Staub, provsten og andre præster samt biskoppen, doktor Fangel og flere officerer, herunder sekondløjtnant Appel og løjtnant Løvenhjelm, samt tilrejsende korrespondenter.

Da krigen nærmer sig øen, sendes Fru Berg og Herluf bort i nat og storm, og Skovridergården ryddes delvist, mens Tine og Sofie forsøger at holde stedet i gang. I “Dannevirkedagene” samles lokale og tilrejsende i en patriotisk stemning hos baron Staub, men den bryder sammen, da degn Bølling bringer telegrammet om, at hæren har forladt Dannevirke. Efter tilbagetoget præges hverdagen af indkvartering, forplejning, alarmer og vedvarende bombardement; lange tog af sårede passerer, og Tine engageres i hjælpearbejdet, bl.a. ved at indrette et sygested i skolen. Her ligger Appel dødeligt såret, og Tine er til stede ved hans død.

Samtidig skærpes Tines tilknytning til Berg under fruens fravær. Efter en voldsom officersfest tiltager nedslidningen, og degn Bølling bliver mere syg og forvirret; lægen omtaler en blodknude på hjernen. Under et natligt anfald vil han op i kirketårnet for at se “hvordan jorden brænder”, og Tine, moderen og Tinka følger ham gennem uvejr, mens brande og granater ses i det fjerne. Ved tårnet kysser Berg Tine i skjul og fører hende siden til Skovridergården, hvor han tager hende. Dagen efter passerer regimentet uden at han ser hende, og da han senere kommer til hendes kammer, oplever hun mødet som “koldt og dødt”.

Rygter om rømning og krigens ødelæggelser kulminerer, da Tine og Berg ser et hærget landskab; Berg plages af skyld og skriver et langt, ømt brev til sin hustru. Da Tine læser et brev til Fru Berg, forstår hun, at han kun tog hende “for ét nu”. Efter en samtale på kirkegården, hvor en stabsofficer siger, at man vil blive, stormes Dybbøl. Tine søger Berg gennem en lammet, død landsby, går via Ulkebøl til kirken, hvor lig ligger i koret, og føres af hundene Ajax og Hektor til en gård, hvor Berg ligger døende; han kalder på Marie og Herluf og kender ikke Tine, som bliver hos ham.

Kort efter forsvinder Tine, og i degneboligen bryder Madam Bølling sammen. Hun ledes mod Skovridergården, hvor mistanken bliver til erkendelsen af, at Berg har “taget” hendes barn; i de øde stuer veksler hun mellem forbandelse, jammer og bøn. En eftersøgning sættes i gang; Tines sko findes i græsset, og hendes lig trækkes op af mudderet ved bredden. Tinka og Maren lægger hende i et kammer med foldede hænder på sengen under Fru Bergs billede, mens vand og dynd siver ind. Moderen hvisker ømt og vil have Tine “hjem”, og liget bæres tilbage til skolen.

I skolen samles folk efter Dybbøldagen, og præsterne ankommer; selvmordet i en degnegård gør dem utilpasse, og provsten søger at forklare døden som sindsforvirring og prøvelse, samtidig med at han taler om hærens bevægelser, konferencen i London og “nationens værdighed”. Klokkerne ringer til Appels begravelse; Fru Appel spørger uden synlig reaktion til Tines død. Biskoppen kommer siden til skolen, møder Madam Bølling mildt, står længe i andagt ved Tines seng og beder om tilgivelse “os alle”, og på moderens spørgsmål fastslår han, at klokkerne bør ringe for Tine “sidste gang”. Fortællingen fastholder krigens gennemgribende ødelæggelse af hverdagsliv og relationer og viser, hvordan skam, skyld og sorg udfolder sig i et lokalsamfund under sammenbrud. [Fluency]",4
"Summary #3

Handlingen foregår på Als i Sønderjylland under krigen i 1864, med omdrejningspunkt i og omkring degneboligen og skolen, kirken og kirkegården, kroen og Skovridergården samt veje, marker og skove tæt ved Dybbølstillingen; Ulkebøl optræder, og Sønderborg omtales. Hovedpersonen er Tine Bølling, degnens datter, som i længere tid har haft sin daglige gang på Skovridergården hos skovrider og løjtnant Henrik Berg, hans hustru Marie (Fru Berg) og deres lille søn Herluf. Omkring dem ses bl.a. de gamle Bøllings, tjenestefolk som Sofie og Maren, krofolkene Madam Henrichsen og datteren Tinka, den énarmede baron Staub, provsten og andre præster samt biskoppen, doktor Fangel og flere officerer, herunder sekondløjtnant Appel og løjtnant Løvenhjelm, samt tilrejsende korrespondenter.

Da krigen nærmer sig øen, sendes Fru Berg og Herluf bort i nat og storm, og Skovridergården ryddes delvist, mens Tine og Sofie forsøger at holde stedet i gang. I “Dannevirkedagene” samles lokale og tilrejsende i en patriotisk stemning hos baron Staub, men den bryder sammen, da degn Bølling bringer telegrammet om, at hæren har forladt Dannevirke. Efter tilbagetoget præges hverdagen af indkvartering, forplejning, alarmer og vedvarende bombardement; lange tog af sårede passerer, og Tine engageres i hjælpearbejdet, bl.a. ved at indrette et sygested i skolen. Her ligger Appel dødeligt såret, og Tine er til stede ved hans død.

Samtidig skærpes Tines tilknytning til Berg under fruens fravær. Efter en voldsom officersfest tiltager nedslidningen, og degn Bølling bliver mere syg og forvirret; lægen omtaler en blodknude på hjernen. Under et natligt anfald vil han op i kirketårnet for at se “hvordan jorden brænder”, og Tine, moderen og Tinka følger ham gennem uvejr, mens brande og granater ses i det fjerne. Ved tårnet kysser Berg Tine i skjul og fører hende siden til Skovridergården, hvor han tager hende. Dagen efter passerer regimentet uden at han ser hende, og da han senere kommer til hendes kammer, oplever hun mødet som “koldt og dødt”.

Rygter om rømning og krigens ødelæggelser kulminerer, da Tine og Berg ser et hærget landskab; Berg plages af skyld og skriver et langt, ømt brev til sin hustru. Da Tine læser et brev til Fru Berg, forstår hun, at han kun tog hende “for ét nu”. Efter en samtale på kirkegården, hvor en stabsofficer siger, at man vil blive, stormes Dybbøl. Tine søger Berg gennem en lammet, død landsby, går via Ulkebøl til kirken, hvor lig ligger i koret, og føres af hundene Ajax og Hektor til en gård, hvor Berg ligger døende; han kalder på Marie og Herluf og kender ikke Tine, som bliver hos ham.

Kort efter forsvinder Tine, og i degneboligen bryder Madam Bølling sammen. Hun ledes mod Skovridergården, hvor mistanken bliver til erkendelsen af, at Berg har “taget” hendes barn; i de øde stuer veksler hun mellem forbandelse, jammer og bøn. En eftersøgning sættes i gang; Tines sko findes i græsset, og hendes lig trækkes op af mudderet ved bredden. Tinka og Maren lægger hende i et kammer med foldede hænder på sengen under Fru Bergs billede, mens vand og dynd siver ind. Moderen hvisker ømt og vil have Tine “hjem”, og liget bæres tilbage til skolen.

I skolen samles folk efter Dybbøldagen, og præsterne ankommer; selvmordet i en degnegård gør dem utilpasse, og provsten søger at forklare døden som sindsforvirring og prøvelse, samtidig med at han taler om hærens bevægelser, konferencen i London og “nationens værdighed”. Klokkerne ringer til Appels begravelse; Fru Appel spørger uden synlig reaktion til Tines død. Biskoppen kommer siden til skolen, møder Madam Bølling mildt, står længe i andagt ved Tines seng og beder om tilgivelse “os alle”, og på moderens spørgsmål fastslår han, at klokkerne bør ringe for Tine “sidste gang”. Fortællingen fastholder krigens gennemgribende ødelæggelse af hverdagsliv og relationer og viser, hvordan skam, skyld og sorg udfolder sig i et lokalsamfund under sammenbrud. [Coherence]",4
"Summary #3

Handlingen foregår på Als i Sønderjylland under krigen i 1864, med omdrejningspunkt i og omkring degneboligen og skolen, kirken og kirkegården, kroen og Skovridergården samt veje, marker og skove tæt ved Dybbølstillingen; Ulkebøl optræder, og Sønderborg omtales. Hovedpersonen er Tine Bølling, degnens datter, som i længere tid har haft sin daglige gang på Skovridergården hos skovrider og løjtnant Henrik Berg, hans hustru Marie (Fru Berg) og deres lille søn Herluf. Omkring dem ses bl.a. de gamle Bøllings, tjenestefolk som Sofie og Maren, krofolkene Madam Henrichsen og datteren Tinka, den énarmede baron Staub, provsten og andre præster samt biskoppen, doktor Fangel og flere officerer, herunder sekondløjtnant Appel og løjtnant Løvenhjelm, samt tilrejsende korrespondenter.

Da krigen nærmer sig øen, sendes Fru Berg og Herluf bort i nat og storm, og Skovridergården ryddes delvist, mens Tine og Sofie forsøger at holde stedet i gang. I “Dannevirkedagene” samles lokale og tilrejsende i en patriotisk stemning hos baron Staub, men den bryder sammen, da degn Bølling bringer telegrammet om, at hæren har forladt Dannevirke. Efter tilbagetoget præges hverdagen af indkvartering, forplejning, alarmer og vedvarende bombardement; lange tog af sårede passerer, og Tine engageres i hjælpearbejdet, bl.a. ved at indrette et sygested i skolen. Her ligger Appel dødeligt såret, og Tine er til stede ved hans død.

Samtidig skærpes Tines tilknytning til Berg under fruens fravær. Efter en voldsom officersfest tiltager nedslidningen, og degn Bølling bliver mere syg og forvirret; lægen omtaler en blodknude på hjernen. Under et natligt anfald vil han op i kirketårnet for at se “hvordan jorden brænder”, og Tine, moderen og Tinka følger ham gennem uvejr, mens brande og granater ses i det fjerne. Ved tårnet kysser Berg Tine i skjul og fører hende siden til Skovridergården, hvor han tager hende. Dagen efter passerer regimentet uden at han ser hende, og da han senere kommer til hendes kammer, oplever hun mødet som “koldt og dødt”.

Rygter om rømning og krigens ødelæggelser kulminerer, da Tine og Berg ser et hærget landskab; Berg plages af skyld og skriver et langt, ømt brev til sin hustru. Da Tine læser et brev til Fru Berg, forstår hun, at han kun tog hende “for ét nu”. Efter en samtale på kirkegården, hvor en stabsofficer siger, at man vil blive, stormes Dybbøl. Tine søger Berg gennem en lammet, død landsby, går via Ulkebøl til kirken, hvor lig ligger i koret, og føres af hundene Ajax og Hektor til en gård, hvor Berg ligger døende; han kalder på Marie og Herluf og kender ikke Tine, som bliver hos ham.

Kort efter forsvinder Tine, og i degneboligen bryder Madam Bølling sammen. Hun ledes mod Skovridergården, hvor mistanken bliver til erkendelsen af, at Berg har “taget” hendes barn; i de øde stuer veksler hun mellem forbandelse, jammer og bøn. En eftersøgning sættes i gang; Tines sko findes i græsset, og hendes lig trækkes op af mudderet ved bredden. Tinka og Maren lægger hende i et kammer med foldede hænder på sengen under Fru Bergs billede, mens vand og dynd siver ind. Moderen hvisker ømt og vil have Tine “hjem”, og liget bæres tilbage til skolen.

I skolen samles folk efter Dybbøldagen, og præsterne ankommer; selvmordet i en degnegård gør dem utilpasse, og provsten søger at forklare døden som sindsforvirring og prøvelse, samtidig med at han taler om hærens bevægelser, konferencen i London og “nationens værdighed”. Klokkerne ringer til Appels begravelse; Fru Appel spørger uden synlig reaktion til Tines død. Biskoppen kommer siden til skolen, møder Madam Bølling mildt, står længe i andagt ved Tines seng og beder om tilgivelse “os alle”, og på moderens spørgsmål fastslår han, at klokkerne bør ringe for Tine “sidste gang”. Fortællingen fastholder krigens gennemgribende ødelæggelse af hverdagsliv og relationer og viser, hvordan skam, skyld og sorg udfolder sig i et lokalsamfund under sammenbrud. [Relevance]",3
"Summary #3

Handlingen foregår på Als i Sønderjylland under krigen i 1864, med omdrejningspunkt i og omkring degneboligen og skolen, kirken og kirkegården, kroen og Skovridergården samt veje, marker og skove tæt ved Dybbølstillingen; Ulkebøl optræder, og Sønderborg omtales. Hovedpersonen er Tine Bølling, degnens datter, som i længere tid har haft sin daglige gang på Skovridergården hos skovrider og løjtnant Henrik Berg, hans hustru Marie (Fru Berg) og deres lille søn Herluf. Omkring dem ses bl.a. de gamle Bøllings, tjenestefolk som Sofie og Maren, krofolkene Madam Henrichsen og datteren Tinka, den énarmede baron Staub, provsten og andre præster samt biskoppen, doktor Fangel og flere officerer, herunder sekondløjtnant Appel og løjtnant Løvenhjelm, samt tilrejsende korrespondenter.

Da krigen nærmer sig øen, sendes Fru Berg og Herluf bort i nat og storm, og Skovridergården ryddes delvist, mens Tine og Sofie forsøger at holde stedet i gang. I “Dannevirkedagene” samles lokale og tilrejsende i en patriotisk stemning hos baron Staub, men den bryder sammen, da degn Bølling bringer telegrammet om, at hæren har forladt Dannevirke. Efter tilbagetoget præges hverdagen af indkvartering, forplejning, alarmer og vedvarende bombardement; lange tog af sårede passerer, og Tine engageres i hjælpearbejdet, bl.a. ved at indrette et sygested i skolen. Her ligger Appel dødeligt såret, og Tine er til stede ved hans død.

Samtidig skærpes Tines tilknytning til Berg under fruens fravær. Efter en voldsom officersfest tiltager nedslidningen, og degn Bølling bliver mere syg og forvirret; lægen omtaler en blodknude på hjernen. Under et natligt anfald vil han op i kirketårnet for at se “hvordan jorden brænder”, og Tine, moderen og Tinka følger ham gennem uvejr, mens brande og granater ses i det fjerne. Ved tårnet kysser Berg Tine i skjul og fører hende siden til Skovridergården, hvor han tager hende. Dagen efter passerer regimentet uden at han ser hende, og da han senere kommer til hendes kammer, oplever hun mødet som “koldt og dødt”.

Rygter om rømning og krigens ødelæggelser kulminerer, da Tine og Berg ser et hærget landskab; Berg plages af skyld og skriver et langt, ømt brev til sin hustru. Da Tine læser et brev til Fru Berg, forstår hun, at han kun tog hende “for ét nu”. Efter en samtale på kirkegården, hvor en stabsofficer siger, at man vil blive, stormes Dybbøl. Tine søger Berg gennem en lammet, død landsby, går via Ulkebøl til kirken, hvor lig ligger i koret, og føres af hundene Ajax og Hektor til en gård, hvor Berg ligger døende; han kalder på Marie og Herluf og kender ikke Tine, som bliver hos ham.

Kort efter forsvinder Tine, og i degneboligen bryder Madam Bølling sammen. Hun ledes mod Skovridergården, hvor mistanken bliver til erkendelsen af, at Berg har “taget” hendes barn; i de øde stuer veksler hun mellem forbandelse, jammer og bøn. En eftersøgning sættes i gang; Tines sko findes i græsset, og hendes lig trækkes op af mudderet ved bredden. Tinka og Maren lægger hende i et kammer med foldede hænder på sengen under Fru Bergs billede, mens vand og dynd siver ind. Moderen hvisker ømt og vil have Tine “hjem”, og liget bæres tilbage til skolen.

I skolen samles folk efter Dybbøldagen, og præsterne ankommer; selvmordet i en degnegård gør dem utilpasse, og provsten søger at forklare døden som sindsforvirring og prøvelse, samtidig med at han taler om hærens bevægelser, konferencen i London og “nationens værdighed”. Klokkerne ringer til Appels begravelse; Fru Appel spørger uden synlig reaktion til Tines død. Biskoppen kommer siden til skolen, møder Madam Bølling mildt, står længe i andagt ved Tines seng og beder om tilgivelse “os alle”, og på moderens spørgsmål fastslår han, at klokkerne bør ringe for Tine “sidste gang”. Fortællingen fastholder krigens gennemgribende ødelæggelse af hverdagsliv og relationer og viser, hvordan skam, skyld og sorg udfolder sig i et lokalsamfund under sammenbrud. [Factuality]",5
"Summary #3

Handlingen foregår på Als i Sønderjylland under krigen i 1864, med omdrejningspunkt i og omkring degneboligen og skolen, kirken og kirkegården, kroen og Skovridergården samt veje, marker og skove tæt ved Dybbølstillingen; Ulkebøl optræder, og Sønderborg omtales. Hovedpersonen er Tine Bølling, degnens datter, som i længere tid har haft sin daglige gang på Skovridergården hos skovrider og løjtnant Henrik Berg, hans hustru Marie (Fru Berg) og deres lille søn Herluf. Omkring dem ses bl.a. de gamle Bøllings, tjenestefolk som Sofie og Maren, krofolkene Madam Henrichsen og datteren Tinka, den énarmede baron Staub, provsten og andre præster samt biskoppen, doktor Fangel og flere officerer, herunder sekondløjtnant Appel og løjtnant Løvenhjelm, samt tilrejsende korrespondenter.

Da krigen nærmer sig øen, sendes Fru Berg og Herluf bort i nat og storm, og Skovridergården ryddes delvist, mens Tine og Sofie forsøger at holde stedet i gang. I “Dannevirkedagene” samles lokale og tilrejsende i en patriotisk stemning hos baron Staub, men den bryder sammen, da degn Bølling bringer telegrammet om, at hæren har forladt Dannevirke. Efter tilbagetoget præges hverdagen af indkvartering, forplejning, alarmer og vedvarende bombardement; lange tog af sårede passerer, og Tine engageres i hjælpearbejdet, bl.a. ved at indrette et sygested i skolen. Her ligger Appel dødeligt såret, og Tine er til stede ved hans død.

Samtidig skærpes Tines tilknytning til Berg under fruens fravær. Efter en voldsom officersfest tiltager nedslidningen, og degn Bølling bliver mere syg og forvirret; lægen omtaler en blodknude på hjernen. Under et natligt anfald vil han op i kirketårnet for at se “hvordan jorden brænder”, og Tine, moderen og Tinka følger ham gennem uvejr, mens brande og granater ses i det fjerne. Ved tårnet kysser Berg Tine i skjul og fører hende siden til Skovridergården, hvor han tager hende. Dagen efter passerer regimentet uden at han ser hende, og da han senere kommer til hendes kammer, oplever hun mødet som “koldt og dødt”.

Rygter om rømning og krigens ødelæggelser kulminerer, da Tine og Berg ser et hærget landskab; Berg plages af skyld og skriver et langt, ømt brev til sin hustru. Da Tine læser et brev til Fru Berg, forstår hun, at han kun tog hende “for ét nu”. Efter en samtale på kirkegården, hvor en stabsofficer siger, at man vil blive, stormes Dybbøl. Tine søger Berg gennem en lammet, død landsby, går via Ulkebøl til kirken, hvor lig ligger i koret, og føres af hundene Ajax og Hektor til en gård, hvor Berg ligger døende; han kalder på Marie og Herluf og kender ikke Tine, som bliver hos ham.

Kort efter forsvinder Tine, og i degneboligen bryder Madam Bølling sammen. Hun ledes mod Skovridergården, hvor mistanken bliver til erkendelsen af, at Berg har “taget” hendes barn; i de øde stuer veksler hun mellem forbandelse, jammer og bøn. En eftersøgning sættes i gang; Tines sko findes i græsset, og hendes lig trækkes op af mudderet ved bredden. Tinka og Maren lægger hende i et kammer med foldede hænder på sengen under Fru Bergs billede, mens vand og dynd siver ind. Moderen hvisker ømt og vil have Tine “hjem”, og liget bæres tilbage til skolen.

I skolen samles folk efter Dybbøldagen, og præsterne ankommer; selvmordet i en degnegård gør dem utilpasse, og provsten søger at forklare døden som sindsforvirring og prøvelse, samtidig med at han taler om hærens bevægelser, konferencen i London og “nationens værdighed”. Klokkerne ringer til Appels begravelse; Fru Appel spørger uden synlig reaktion til Tines død. Biskoppen kommer siden til skolen, møder Madam Bølling mildt, står længe i andagt ved Tines seng og beder om tilgivelse “os alle”, og på moderens spørgsmål fastslår han, at klokkerne bør ringe for Tine “sidste gang”. Fortællingen fastholder krigens gennemgribende ødelæggelse af hverdagsliv og relationer og viser, hvordan skam, skyld og sorg udfolder sig i et lokalsamfund under sammenbrud. [Time]",5
"Summary #3

Handlingen foregår på Als i Sønderjylland under krigen i 1864, med omdrejningspunkt i og omkring degneboligen og skolen, kirken og kirkegården, kroen og Skovridergården samt veje, marker og skove tæt ved Dybbølstillingen; Ulkebøl optræder, og Sønderborg omtales. Hovedpersonen er Tine Bølling, degnens datter, som i længere tid har haft sin daglige gang på Skovridergården hos skovrider og løjtnant Henrik Berg, hans hustru Marie (Fru Berg) og deres lille søn Herluf. Omkring dem ses bl.a. de gamle Bøllings, tjenestefolk som Sofie og Maren, krofolkene Madam Henrichsen og datteren Tinka, den énarmede baron Staub, provsten og andre præster samt biskoppen, doktor Fangel og flere officerer, herunder sekondløjtnant Appel og løjtnant Løvenhjelm, samt tilrejsende korrespondenter.

Da krigen nærmer sig øen, sendes Fru Berg og Herluf bort i nat og storm, og Skovridergården ryddes delvist, mens Tine og Sofie forsøger at holde stedet i gang. I “Dannevirkedagene” samles lokale og tilrejsende i en patriotisk stemning hos baron Staub, men den bryder sammen, da degn Bølling bringer telegrammet om, at hæren har forladt Dannevirke. Efter tilbagetoget præges hverdagen af indkvartering, forplejning, alarmer og vedvarende bombardement; lange tog af sårede passerer, og Tine engageres i hjælpearbejdet, bl.a. ved at indrette et sygested i skolen. Her ligger Appel dødeligt såret, og Tine er til stede ved hans død.

Samtidig skærpes Tines tilknytning til Berg under fruens fravær. Efter en voldsom officersfest tiltager nedslidningen, og degn Bølling bliver mere syg og forvirret; lægen omtaler en blodknude på hjernen. Under et natligt anfald vil han op i kirketårnet for at se “hvordan jorden brænder”, og Tine, moderen og Tinka følger ham gennem uvejr, mens brande og granater ses i det fjerne. Ved tårnet kysser Berg Tine i skjul og fører hende siden til Skovridergården, hvor han tager hende. Dagen efter passerer regimentet uden at han ser hende, og da han senere kommer til hendes kammer, oplever hun mødet som “koldt og dødt”.

Rygter om rømning og krigens ødelæggelser kulminerer, da Tine og Berg ser et hærget landskab; Berg plages af skyld og skriver et langt, ømt brev til sin hustru. Da Tine læser et brev til Fru Berg, forstår hun, at han kun tog hende “for ét nu”. Efter en samtale på kirkegården, hvor en stabsofficer siger, at man vil blive, stormes Dybbøl. Tine søger Berg gennem en lammet, død landsby, går via Ulkebøl til kirken, hvor lig ligger i koret, og føres af hundene Ajax og Hektor til en gård, hvor Berg ligger døende; han kalder på Marie og Herluf og kender ikke Tine, som bliver hos ham.

Kort efter forsvinder Tine, og i degneboligen bryder Madam Bølling sammen. Hun ledes mod Skovridergården, hvor mistanken bliver til erkendelsen af, at Berg har “taget” hendes barn; i de øde stuer veksler hun mellem forbandelse, jammer og bøn. En eftersøgning sættes i gang; Tines sko findes i græsset, og hendes lig trækkes op af mudderet ved bredden. Tinka og Maren lægger hende i et kammer med foldede hænder på sengen under Fru Bergs billede, mens vand og dynd siver ind. Moderen hvisker ømt og vil have Tine “hjem”, og liget bæres tilbage til skolen.

I skolen samles folk efter Dybbøldagen, og præsterne ankommer; selvmordet i en degnegård gør dem utilpasse, og provsten søger at forklare døden som sindsforvirring og prøvelse, samtidig med at han taler om hærens bevægelser, konferencen i London og “nationens værdighed”. Klokkerne ringer til Appels begravelse; Fru Appel spørger uden synlig reaktion til Tines død. Biskoppen kommer siden til skolen, møder Madam Bølling mildt, står længe i andagt ved Tines seng og beder om tilgivelse “os alle”, og på moderens spørgsmål fastslår han, at klokkerne bør ringe for Tine “sidste gang”. Fortællingen fastholder krigens gennemgribende ødelæggelse af hverdagsliv og relationer og viser, hvordan skam, skyld og sorg udfolder sig i et lokalsamfund under sammenbrud. [Place]",5
"Summary #3

Handlingen foregår på Als i Sønderjylland under krigen i 1864, med omdrejningspunkt i og omkring degneboligen og skolen, kirken og kirkegården, kroen og Skovridergården samt veje, marker og skove tæt ved Dybbølstillingen; Ulkebøl optræder, og Sønderborg omtales. Hovedpersonen er Tine Bølling, degnens datter, som i længere tid har haft sin daglige gang på Skovridergården hos skovrider og løjtnant Henrik Berg, hans hustru Marie (Fru Berg) og deres lille søn Herluf. Omkring dem ses bl.a. de gamle Bøllings, tjenestefolk som Sofie og Maren, krofolkene Madam Henrichsen og datteren Tinka, den énarmede baron Staub, provsten og andre præster samt biskoppen, doktor Fangel og flere officerer, herunder sekondløjtnant Appel og løjtnant Løvenhjelm, samt tilrejsende korrespondenter.

Da krigen nærmer sig øen, sendes Fru Berg og Herluf bort i nat og storm, og Skovridergården ryddes delvist, mens Tine og Sofie forsøger at holde stedet i gang. I “Dannevirkedagene” samles lokale og tilrejsende i en patriotisk stemning hos baron Staub, men den bryder sammen, da degn Bølling bringer telegrammet om, at hæren har forladt Dannevirke. Efter tilbagetoget præges hverdagen af indkvartering, forplejning, alarmer og vedvarende bombardement; lange tog af sårede passerer, og Tine engageres i hjælpearbejdet, bl.a. ved at indrette et sygested i skolen. Her ligger Appel dødeligt såret, og Tine er til stede ved hans død.

Samtidig skærpes Tines tilknytning til Berg under fruens fravær. Efter en voldsom officersfest tiltager nedslidningen, og degn Bølling bliver mere syg og forvirret; lægen omtaler en blodknude på hjernen. Under et natligt anfald vil han op i kirketårnet for at se “hvordan jorden brænder”, og Tine, moderen og Tinka følger ham gennem uvejr, mens brande og granater ses i det fjerne. Ved tårnet kysser Berg Tine i skjul og fører hende siden til Skovridergården, hvor han tager hende. Dagen efter passerer regimentet uden at han ser hende, og da han senere kommer til hendes kammer, oplever hun mødet som “koldt og dødt”.

Rygter om rømning og krigens ødelæggelser kulminerer, da Tine og Berg ser et hærget landskab; Berg plages af skyld og skriver et langt, ømt brev til sin hustru. Da Tine læser et brev til Fru Berg, forstår hun, at han kun tog hende “for ét nu”. Efter en samtale på kirkegården, hvor en stabsofficer siger, at man vil blive, stormes Dybbøl. Tine søger Berg gennem en lammet, død landsby, går via Ulkebøl til kirken, hvor lig ligger i koret, og føres af hundene Ajax og Hektor til en gård, hvor Berg ligger døende; han kalder på Marie og Herluf og kender ikke Tine, som bliver hos ham.

Kort efter forsvinder Tine, og i degneboligen bryder Madam Bølling sammen. Hun ledes mod Skovridergården, hvor mistanken bliver til erkendelsen af, at Berg har “taget” hendes barn; i de øde stuer veksler hun mellem forbandelse, jammer og bøn. En eftersøgning sættes i gang; Tines sko findes i græsset, og hendes lig trækkes op af mudderet ved bredden. Tinka og Maren lægger hende i et kammer med foldede hænder på sengen under Fru Bergs billede, mens vand og dynd siver ind. Moderen hvisker ømt og vil have Tine “hjem”, og liget bæres tilbage til skolen.

I skolen samles folk efter Dybbøldagen, og præsterne ankommer; selvmordet i en degnegård gør dem utilpasse, og provsten søger at forklare døden som sindsforvirring og prøvelse, samtidig med at han taler om hærens bevægelser, konferencen i London og “nationens værdighed”. Klokkerne ringer til Appels begravelse; Fru Appel spørger uden synlig reaktion til Tines død. Biskoppen kommer siden til skolen, møder Madam Bølling mildt, står længe i andagt ved Tines seng og beder om tilgivelse “os alle”, og på moderens spørgsmål fastslår han, at klokkerne bør ringe for Tine “sidste gang”. Fortællingen fastholder krigens gennemgribende ødelæggelse af hverdagsliv og relationer og viser, hvordan skam, skyld og sorg udfolder sig i et lokalsamfund under sammenbrud. [Characters]",5
"Summary #3

Handlingen foregår på Als i Sønderjylland under krigen i 1864, med omdrejningspunkt i og omkring degneboligen og skolen, kirken og kirkegården, kroen og Skovridergården samt veje, marker og skove tæt ved Dybbølstillingen; Ulkebøl optræder, og Sønderborg omtales. Hovedpersonen er Tine Bølling, degnens datter, som i længere tid har haft sin daglige gang på Skovridergården hos skovrider og løjtnant Henrik Berg, hans hustru Marie (Fru Berg) og deres lille søn Herluf. Omkring dem ses bl.a. de gamle Bøllings, tjenestefolk som Sofie og Maren, krofolkene Madam Henrichsen og datteren Tinka, den énarmede baron Staub, provsten og andre præster samt biskoppen, doktor Fangel og flere officerer, herunder sekondløjtnant Appel og løjtnant Løvenhjelm, samt tilrejsende korrespondenter.

Da krigen nærmer sig øen, sendes Fru Berg og Herluf bort i nat og storm, og Skovridergården ryddes delvist, mens Tine og Sofie forsøger at holde stedet i gang. I “Dannevirkedagene” samles lokale og tilrejsende i en patriotisk stemning hos baron Staub, men den bryder sammen, da degn Bølling bringer telegrammet om, at hæren har forladt Dannevirke. Efter tilbagetoget præges hverdagen af indkvartering, forplejning, alarmer og vedvarende bombardement; lange tog af sårede passerer, og Tine engageres i hjælpearbejdet, bl.a. ved at indrette et sygested i skolen. Her ligger Appel dødeligt såret, og Tine er til stede ved hans død.

Samtidig skærpes Tines tilknytning til Berg under fruens fravær. Efter en voldsom officersfest tiltager nedslidningen, og degn Bølling bliver mere syg og forvirret; lægen omtaler en blodknude på hjernen. Under et natligt anfald vil han op i kirketårnet for at se “hvordan jorden brænder”, og Tine, moderen og Tinka følger ham gennem uvejr, mens brande og granater ses i det fjerne. Ved tårnet kysser Berg Tine i skjul og fører hende siden til Skovridergården, hvor han tager hende. Dagen efter passerer regimentet uden at han ser hende, og da han senere kommer til hendes kammer, oplever hun mødet som “koldt og dødt”.

Rygter om rømning og krigens ødelæggelser kulminerer, da Tine og Berg ser et hærget landskab; Berg plages af skyld og skriver et langt, ømt brev til sin hustru. Da Tine læser et brev til Fru Berg, forstår hun, at han kun tog hende “for ét nu”. Efter en samtale på kirkegården, hvor en stabsofficer siger, at man vil blive, stormes Dybbøl. Tine søger Berg gennem en lammet, død landsby, går via Ulkebøl til kirken, hvor lig ligger i koret, og føres af hundene Ajax og Hektor til en gård, hvor Berg ligger døende; han kalder på Marie og Herluf og kender ikke Tine, som bliver hos ham.

Kort efter forsvinder Tine, og i degneboligen bryder Madam Bølling sammen. Hun ledes mod Skovridergården, hvor mistanken bliver til erkendelsen af, at Berg har “taget” hendes barn; i de øde stuer veksler hun mellem forbandelse, jammer og bøn. En eftersøgning sættes i gang; Tines sko findes i græsset, og hendes lig trækkes op af mudderet ved bredden. Tinka og Maren lægger hende i et kammer med foldede hænder på sengen under Fru Bergs billede, mens vand og dynd siver ind. Moderen hvisker ømt og vil have Tine “hjem”, og liget bæres tilbage til skolen.

I skolen samles folk efter Dybbøldagen, og præsterne ankommer; selvmordet i en degnegård gør dem utilpasse, og provsten søger at forklare døden som sindsforvirring og prøvelse, samtidig med at han taler om hærens bevægelser, konferencen i London og “nationens værdighed”. Klokkerne ringer til Appels begravelse; Fru Appel spørger uden synlig reaktion til Tines død. Biskoppen kommer siden til skolen, møder Madam Bølling mildt, står længe i andagt ved Tines seng og beder om tilgivelse “os alle”, og på moderens spørgsmål fastslår han, at klokkerne bør ringe for Tine “sidste gang”. Fortællingen fastholder krigens gennemgribende ødelæggelse af hverdagsliv og relationer og viser, hvordan skam, skyld og sorg udfolder sig i et lokalsamfund under sammenbrud. [Plot]",5
"Summary #3

Handlingen foregår på Als i Sønderjylland under krigen i 1864, med omdrejningspunkt i og omkring degneboligen og skolen, kirken og kirkegården, kroen og Skovridergården samt veje, marker og skove tæt ved Dybbølstillingen; Ulkebøl optræder, og Sønderborg omtales. Hovedpersonen er Tine Bølling, degnens datter, som i længere tid har haft sin daglige gang på Skovridergården hos skovrider og løjtnant Henrik Berg, hans hustru Marie (Fru Berg) og deres lille søn Herluf. Omkring dem ses bl.a. de gamle Bøllings, tjenestefolk som Sofie og Maren, krofolkene Madam Henrichsen og datteren Tinka, den énarmede baron Staub, provsten og andre præster samt biskoppen, doktor Fangel og flere officerer, herunder sekondløjtnant Appel og løjtnant Løvenhjelm, samt tilrejsende korrespondenter.

Da krigen nærmer sig øen, sendes Fru Berg og Herluf bort i nat og storm, og Skovridergården ryddes delvist, mens Tine og Sofie forsøger at holde stedet i gang. I “Dannevirkedagene” samles lokale og tilrejsende i en patriotisk stemning hos baron Staub, men den bryder sammen, da degn Bølling bringer telegrammet om, at hæren har forladt Dannevirke. Efter tilbagetoget præges hverdagen af indkvartering, forplejning, alarmer og vedvarende bombardement; lange tog af sårede passerer, og Tine engageres i hjælpearbejdet, bl.a. ved at indrette et sygested i skolen. Her ligger Appel dødeligt såret, og Tine er til stede ved hans død.

Samtidig skærpes Tines tilknytning til Berg under fruens fravær. Efter en voldsom officersfest tiltager nedslidningen, og degn Bølling bliver mere syg og forvirret; lægen omtaler en blodknude på hjernen. Under et natligt anfald vil han op i kirketårnet for at se “hvordan jorden brænder”, og Tine, moderen og Tinka følger ham gennem uvejr, mens brande og granater ses i det fjerne. Ved tårnet kysser Berg Tine i skjul og fører hende siden til Skovridergården, hvor han tager hende. Dagen efter passerer regimentet uden at han ser hende, og da han senere kommer til hendes kammer, oplever hun mødet som “koldt og dødt”.

Rygter om rømning og krigens ødelæggelser kulminerer, da Tine og Berg ser et hærget landskab; Berg plages af skyld og skriver et langt, ømt brev til sin hustru. Da Tine læser et brev til Fru Berg, forstår hun, at han kun tog hende “for ét nu”. Efter en samtale på kirkegården, hvor en stabsofficer siger, at man vil blive, stormes Dybbøl. Tine søger Berg gennem en lammet, død landsby, går via Ulkebøl til kirken, hvor lig ligger i koret, og føres af hundene Ajax og Hektor til en gård, hvor Berg ligger døende; han kalder på Marie og Herluf og kender ikke Tine, som bliver hos ham.

Kort efter forsvinder Tine, og i degneboligen bryder Madam Bølling sammen. Hun ledes mod Skovridergården, hvor mistanken bliver til erkendelsen af, at Berg har “taget” hendes barn; i de øde stuer veksler hun mellem forbandelse, jammer og bøn. En eftersøgning sættes i gang; Tines sko findes i græsset, og hendes lig trækkes op af mudderet ved bredden. Tinka og Maren lægger hende i et kammer med foldede hænder på sengen under Fru Bergs billede, mens vand og dynd siver ind. Moderen hvisker ømt og vil have Tine “hjem”, og liget bæres tilbage til skolen.

I skolen samles folk efter Dybbøldagen, og præsterne ankommer; selvmordet i en degnegård gør dem utilpasse, og provsten søger at forklare døden som sindsforvirring og prøvelse, samtidig med at han taler om hærens bevægelser, konferencen i London og “nationens værdighed”. Klokkerne ringer til Appels begravelse; Fru Appel spørger uden synlig reaktion til Tines død. Biskoppen kommer siden til skolen, møder Madam Bølling mildt, står længe i andagt ved Tines seng og beder om tilgivelse “os alle”, og på moderens spørgsmål fastslår han, at klokkerne bør ringe for Tine “sidste gang”. Fortællingen fastholder krigens gennemgribende ødelæggelse af hverdagsliv og relationer og viser, hvordan skam, skyld og sorg udfolder sig i et lokalsamfund under sammenbrud. [Themes]",4
novel_id,Sult
"Summary #1

Romanen foregår i Kristiania i en økonomisk og socialt prekær tid og følger en ung mand, der forsøger at overleve som skribent på sporadiske avisbetalinger, mens han gentagne gange synker ned i sult, hjemløshed og skam. Han bor først på et nøgent kvistværelse hos Madam Gundersen, men må pantsætte sine få ejendele hos pantelåneren “Onkel” og driver siden rundt i byen, især omkring Pilestrædet, Karl Johan, Stortorvet, Slotsparken, Vor Frelsers kirke, havnen og videre mod St. Hanshaugen, Sagene og udkanten. For at bevare en form for værdighed griber han til impulsive løgne og påtaget selvsikkerhed, men sulten udløser en tiltagende psykisk ustabilitet med feberagtige indfald, maniske associationer, paranoia, selvforagt og voldsomme religiøse udfald, hvor han skiftevis søger og afviser Gud. Han sover under elendige forhold, blandt andet i et forladt blikkenslagerværksted, og melder sig en nat som husvild hos politiet under falsk navn.

I korte opgange får han skrevet en tekst, som via redaktionsmanden “Saksen” bliver antaget, og han modtager ti kroner, men pengene forsvinder hurtigt. Et forsøg på hjælp hos Hans Pauli Pettersen mislykkes, da Pettersen er flyttet. Samtidig bliver han besat af en ung kvinde, han kalder “Ylajali”, som vender tilbage i hans tanker og fantasier. Efter en kort periode med mere regelmæssig mad falder han igen: han får ved en fejl fem kroner for meget i en husholdningshandel, spiser straks i en madkælder, bliver syg og kaster op, og skyldfølelsen vokser til panik. For at føle sig moralsk “ren” giver han pengene til en fattig kagekone ved Elefantapoteket og kører derefter planløst rundt i drosche i manisk opstemthed. Forfaldet fortsætter: han bliver delvist overkørt af en brødvogn ved Stortorvet, ødelægger sin sko, forsøger at spise et kødben og ender i raseri, hvor han forbander Gud. Ved Jernbanebryggen møder han en halt mand og får lidt tobak. Til sidst hjælper “Kommandøren” ham med ti kroner, så han kan tage ind i Tomtegaden/Vaterland på et “Beværtning & Logi for Rejsende”.

Han opsøger Ylajali ved St. Olavs Plads og inviteres op; de er drilske og intime, hun bemærker hans sår og haltende gang, og han indrømmer sin fattigdom. Da han forsøger at presse situationen seksuelt, bliver hun bange og siger, at hun ikke kan føle sig tryg for, at han ikke er vanvittig; han standser, forlader hende ydmyget, men hun omfavner ham med tårer og antyder, at hun holder af ham.

En rå, våd vinter uden sne sætter ind. I omkring tre uger bor han i logihuset i Vaterland, skammer sig over ikke at kunne betale værtinden og prøver at skrive sig ud af kniben, først med en allegori om en ildbrand i en boglade og siden med enaktsdramaet “Korsets Tegn” med et middelalderligt motiv om fanatisk dom over en tempelskændende skøge. Han svinger mellem håb og følelsen af at være “bankerot” i hjernen og kan ikke handle, fordi han mener at måtte vente på “Aanden”. Værtinden tager hans værelse til en styrmand, og han skubbes ned i familiens stue. På Karl Johan møder han “Jomfruen” i en pinlig situation og ser Ylajali i rød kjole med “Hertugen”, hvilket udløser jalousi.

Da værtinden vil jage ham ud om aftenen, forsvarer værten ham, men næste morgen sniger han sig ud og driver mod fæstningen, hvor han udmattet bryder sammen. Ved bryggerne ser han det russiske kulskib “Copégoro” og forsøger uden held at arbejde videre. Tilbage i logihuset viser værten ham gennem nøglehullet værtindens forhold til styrmanden, mens hendes lamme far sidder i rummet; chokket knækker hans stemning. Han skriver febrilsk på manuskriptet, bliver opdaget og truet med politiet, og modtager på vej ud et brev uden tekst med en tikroneseddel fra “en dame”. I stolthed og trods kaster han sedlen sammenkrøllet tilbage i værtindens ansigt og kollapser senere ved Jernbanetorvet. Han beruser sig kort i bevidst løgn og synd, skammer sig siden og indser, at pengene må komme fra Ylajali. Desperat forsøger han at gøre det godt igen ved at færdiggøre dramaet, men kan ikke, river manuskriptet i stykker og optræder provokerende over for en politibetjent. Romanen kredser dermed konkret om sult, fattigdom, skam, stolthed, skyld og en splittet religiøsitet, alt sammen knyttet til hans kamp for at skrive og bevare sin selvfølelse. [Fluency]",4
"Summary #1

Romanen foregår i Kristiania i en økonomisk og socialt prekær tid og følger en ung mand, der forsøger at overleve som skribent på sporadiske avisbetalinger, mens han gentagne gange synker ned i sult, hjemløshed og skam. Han bor først på et nøgent kvistværelse hos Madam Gundersen, men må pantsætte sine få ejendele hos pantelåneren “Onkel” og driver siden rundt i byen, især omkring Pilestrædet, Karl Johan, Stortorvet, Slotsparken, Vor Frelsers kirke, havnen og videre mod St. Hanshaugen, Sagene og udkanten. For at bevare en form for værdighed griber han til impulsive løgne og påtaget selvsikkerhed, men sulten udløser en tiltagende psykisk ustabilitet med feberagtige indfald, maniske associationer, paranoia, selvforagt og voldsomme religiøse udfald, hvor han skiftevis søger og afviser Gud. Han sover under elendige forhold, blandt andet i et forladt blikkenslagerværksted, og melder sig en nat som husvild hos politiet under falsk navn.

I korte opgange får han skrevet en tekst, som via redaktionsmanden “Saksen” bliver antaget, og han modtager ti kroner, men pengene forsvinder hurtigt. Et forsøg på hjælp hos Hans Pauli Pettersen mislykkes, da Pettersen er flyttet. Samtidig bliver han besat af en ung kvinde, han kalder “Ylajali”, som vender tilbage i hans tanker og fantasier. Efter en kort periode med mere regelmæssig mad falder han igen: han får ved en fejl fem kroner for meget i en husholdningshandel, spiser straks i en madkælder, bliver syg og kaster op, og skyldfølelsen vokser til panik. For at føle sig moralsk “ren” giver han pengene til en fattig kagekone ved Elefantapoteket og kører derefter planløst rundt i drosche i manisk opstemthed. Forfaldet fortsætter: han bliver delvist overkørt af en brødvogn ved Stortorvet, ødelægger sin sko, forsøger at spise et kødben og ender i raseri, hvor han forbander Gud. Ved Jernbanebryggen møder han en halt mand og får lidt tobak. Til sidst hjælper “Kommandøren” ham med ti kroner, så han kan tage ind i Tomtegaden/Vaterland på et “Beværtning & Logi for Rejsende”.

Han opsøger Ylajali ved St. Olavs Plads og inviteres op; de er drilske og intime, hun bemærker hans sår og haltende gang, og han indrømmer sin fattigdom. Da han forsøger at presse situationen seksuelt, bliver hun bange og siger, at hun ikke kan føle sig tryg for, at han ikke er vanvittig; han standser, forlader hende ydmyget, men hun omfavner ham med tårer og antyder, at hun holder af ham.

En rå, våd vinter uden sne sætter ind. I omkring tre uger bor han i logihuset i Vaterland, skammer sig over ikke at kunne betale værtinden og prøver at skrive sig ud af kniben, først med en allegori om en ildbrand i en boglade og siden med enaktsdramaet “Korsets Tegn” med et middelalderligt motiv om fanatisk dom over en tempelskændende skøge. Han svinger mellem håb og følelsen af at være “bankerot” i hjernen og kan ikke handle, fordi han mener at måtte vente på “Aanden”. Værtinden tager hans værelse til en styrmand, og han skubbes ned i familiens stue. På Karl Johan møder han “Jomfruen” i en pinlig situation og ser Ylajali i rød kjole med “Hertugen”, hvilket udløser jalousi.

Da værtinden vil jage ham ud om aftenen, forsvarer værten ham, men næste morgen sniger han sig ud og driver mod fæstningen, hvor han udmattet bryder sammen. Ved bryggerne ser han det russiske kulskib “Copégoro” og forsøger uden held at arbejde videre. Tilbage i logihuset viser værten ham gennem nøglehullet værtindens forhold til styrmanden, mens hendes lamme far sidder i rummet; chokket knækker hans stemning. Han skriver febrilsk på manuskriptet, bliver opdaget og truet med politiet, og modtager på vej ud et brev uden tekst med en tikroneseddel fra “en dame”. I stolthed og trods kaster han sedlen sammenkrøllet tilbage i værtindens ansigt og kollapser senere ved Jernbanetorvet. Han beruser sig kort i bevidst løgn og synd, skammer sig siden og indser, at pengene må komme fra Ylajali. Desperat forsøger han at gøre det godt igen ved at færdiggøre dramaet, men kan ikke, river manuskriptet i stykker og optræder provokerende over for en politibetjent. Romanen kredser dermed konkret om sult, fattigdom, skam, stolthed, skyld og en splittet religiøsitet, alt sammen knyttet til hans kamp for at skrive og bevare sin selvfølelse. [Coherence]",4
"Summary #1

Romanen foregår i Kristiania i en økonomisk og socialt prekær tid og følger en ung mand, der forsøger at overleve som skribent på sporadiske avisbetalinger, mens han gentagne gange synker ned i sult, hjemløshed og skam. Han bor først på et nøgent kvistværelse hos Madam Gundersen, men må pantsætte sine få ejendele hos pantelåneren “Onkel” og driver siden rundt i byen, især omkring Pilestrædet, Karl Johan, Stortorvet, Slotsparken, Vor Frelsers kirke, havnen og videre mod St. Hanshaugen, Sagene og udkanten. For at bevare en form for værdighed griber han til impulsive løgne og påtaget selvsikkerhed, men sulten udløser en tiltagende psykisk ustabilitet med feberagtige indfald, maniske associationer, paranoia, selvforagt og voldsomme religiøse udfald, hvor han skiftevis søger og afviser Gud. Han sover under elendige forhold, blandt andet i et forladt blikkenslagerværksted, og melder sig en nat som husvild hos politiet under falsk navn.

I korte opgange får han skrevet en tekst, som via redaktionsmanden “Saksen” bliver antaget, og han modtager ti kroner, men pengene forsvinder hurtigt. Et forsøg på hjælp hos Hans Pauli Pettersen mislykkes, da Pettersen er flyttet. Samtidig bliver han besat af en ung kvinde, han kalder “Ylajali”, som vender tilbage i hans tanker og fantasier. Efter en kort periode med mere regelmæssig mad falder han igen: han får ved en fejl fem kroner for meget i en husholdningshandel, spiser straks i en madkælder, bliver syg og kaster op, og skyldfølelsen vokser til panik. For at føle sig moralsk “ren” giver han pengene til en fattig kagekone ved Elefantapoteket og kører derefter planløst rundt i drosche i manisk opstemthed. Forfaldet fortsætter: han bliver delvist overkørt af en brødvogn ved Stortorvet, ødelægger sin sko, forsøger at spise et kødben og ender i raseri, hvor han forbander Gud. Ved Jernbanebryggen møder han en halt mand og får lidt tobak. Til sidst hjælper “Kommandøren” ham med ti kroner, så han kan tage ind i Tomtegaden/Vaterland på et “Beværtning & Logi for Rejsende”.

Han opsøger Ylajali ved St. Olavs Plads og inviteres op; de er drilske og intime, hun bemærker hans sår og haltende gang, og han indrømmer sin fattigdom. Da han forsøger at presse situationen seksuelt, bliver hun bange og siger, at hun ikke kan føle sig tryg for, at han ikke er vanvittig; han standser, forlader hende ydmyget, men hun omfavner ham med tårer og antyder, at hun holder af ham.

En rå, våd vinter uden sne sætter ind. I omkring tre uger bor han i logihuset i Vaterland, skammer sig over ikke at kunne betale værtinden og prøver at skrive sig ud af kniben, først med en allegori om en ildbrand i en boglade og siden med enaktsdramaet “Korsets Tegn” med et middelalderligt motiv om fanatisk dom over en tempelskændende skøge. Han svinger mellem håb og følelsen af at være “bankerot” i hjernen og kan ikke handle, fordi han mener at måtte vente på “Aanden”. Værtinden tager hans værelse til en styrmand, og han skubbes ned i familiens stue. På Karl Johan møder han “Jomfruen” i en pinlig situation og ser Ylajali i rød kjole med “Hertugen”, hvilket udløser jalousi.

Da værtinden vil jage ham ud om aftenen, forsvarer værten ham, men næste morgen sniger han sig ud og driver mod fæstningen, hvor han udmattet bryder sammen. Ved bryggerne ser han det russiske kulskib “Copégoro” og forsøger uden held at arbejde videre. Tilbage i logihuset viser værten ham gennem nøglehullet værtindens forhold til styrmanden, mens hendes lamme far sidder i rummet; chokket knækker hans stemning. Han skriver febrilsk på manuskriptet, bliver opdaget og truet med politiet, og modtager på vej ud et brev uden tekst med en tikroneseddel fra “en dame”. I stolthed og trods kaster han sedlen sammenkrøllet tilbage i værtindens ansigt og kollapser senere ved Jernbanetorvet. Han beruser sig kort i bevidst løgn og synd, skammer sig siden og indser, at pengene må komme fra Ylajali. Desperat forsøger han at gøre det godt igen ved at færdiggøre dramaet, men kan ikke, river manuskriptet i stykker og optræder provokerende over for en politibetjent. Romanen kredser dermed konkret om sult, fattigdom, skam, stolthed, skyld og en splittet religiøsitet, alt sammen knyttet til hans kamp for at skrive og bevare sin selvfølelse. [Relevance]",4
"Summary #1

Romanen foregår i Kristiania i en økonomisk og socialt prekær tid og følger en ung mand, der forsøger at overleve som skribent på sporadiske avisbetalinger, mens han gentagne gange synker ned i sult, hjemløshed og skam. Han bor først på et nøgent kvistværelse hos Madam Gundersen, men må pantsætte sine få ejendele hos pantelåneren “Onkel” og driver siden rundt i byen, især omkring Pilestrædet, Karl Johan, Stortorvet, Slotsparken, Vor Frelsers kirke, havnen og videre mod St. Hanshaugen, Sagene og udkanten. For at bevare en form for værdighed griber han til impulsive løgne og påtaget selvsikkerhed, men sulten udløser en tiltagende psykisk ustabilitet med feberagtige indfald, maniske associationer, paranoia, selvforagt og voldsomme religiøse udfald, hvor han skiftevis søger og afviser Gud. Han sover under elendige forhold, blandt andet i et forladt blikkenslagerværksted, og melder sig en nat som husvild hos politiet under falsk navn.

I korte opgange får han skrevet en tekst, som via redaktionsmanden “Saksen” bliver antaget, og han modtager ti kroner, men pengene forsvinder hurtigt. Et forsøg på hjælp hos Hans Pauli Pettersen mislykkes, da Pettersen er flyttet. Samtidig bliver han besat af en ung kvinde, han kalder “Ylajali”, som vender tilbage i hans tanker og fantasier. Efter en kort periode med mere regelmæssig mad falder han igen: han får ved en fejl fem kroner for meget i en husholdningshandel, spiser straks i en madkælder, bliver syg og kaster op, og skyldfølelsen vokser til panik. For at føle sig moralsk “ren” giver han pengene til en fattig kagekone ved Elefantapoteket og kører derefter planløst rundt i drosche i manisk opstemthed. Forfaldet fortsætter: han bliver delvist overkørt af en brødvogn ved Stortorvet, ødelægger sin sko, forsøger at spise et kødben og ender i raseri, hvor han forbander Gud. Ved Jernbanebryggen møder han en halt mand og får lidt tobak. Til sidst hjælper “Kommandøren” ham med ti kroner, så han kan tage ind i Tomtegaden/Vaterland på et “Beværtning & Logi for Rejsende”.

Han opsøger Ylajali ved St. Olavs Plads og inviteres op; de er drilske og intime, hun bemærker hans sår og haltende gang, og han indrømmer sin fattigdom. Da han forsøger at presse situationen seksuelt, bliver hun bange og siger, at hun ikke kan føle sig tryg for, at han ikke er vanvittig; han standser, forlader hende ydmyget, men hun omfavner ham med tårer og antyder, at hun holder af ham.

En rå, våd vinter uden sne sætter ind. I omkring tre uger bor han i logihuset i Vaterland, skammer sig over ikke at kunne betale værtinden og prøver at skrive sig ud af kniben, først med en allegori om en ildbrand i en boglade og siden med enaktsdramaet “Korsets Tegn” med et middelalderligt motiv om fanatisk dom over en tempelskændende skøge. Han svinger mellem håb og følelsen af at være “bankerot” i hjernen og kan ikke handle, fordi han mener at måtte vente på “Aanden”. Værtinden tager hans værelse til en styrmand, og han skubbes ned i familiens stue. På Karl Johan møder han “Jomfruen” i en pinlig situation og ser Ylajali i rød kjole med “Hertugen”, hvilket udløser jalousi.

Da værtinden vil jage ham ud om aftenen, forsvarer værten ham, men næste morgen sniger han sig ud og driver mod fæstningen, hvor han udmattet bryder sammen. Ved bryggerne ser han det russiske kulskib “Copégoro” og forsøger uden held at arbejde videre. Tilbage i logihuset viser værten ham gennem nøglehullet værtindens forhold til styrmanden, mens hendes lamme far sidder i rummet; chokket knækker hans stemning. Han skriver febrilsk på manuskriptet, bliver opdaget og truet med politiet, og modtager på vej ud et brev uden tekst med en tikroneseddel fra “en dame”. I stolthed og trods kaster han sedlen sammenkrøllet tilbage i værtindens ansigt og kollapser senere ved Jernbanetorvet. Han beruser sig kort i bevidst løgn og synd, skammer sig siden og indser, at pengene må komme fra Ylajali. Desperat forsøger han at gøre det godt igen ved at færdiggøre dramaet, men kan ikke, river manuskriptet i stykker og optræder provokerende over for en politibetjent. Romanen kredser dermed konkret om sult, fattigdom, skam, stolthed, skyld og en splittet religiøsitet, alt sammen knyttet til hans kamp for at skrive og bevare sin selvfølelse. [Factuality]",5
"Summary #1

Romanen foregår i Kristiania i en økonomisk og socialt prekær tid og følger en ung mand, der forsøger at overleve som skribent på sporadiske avisbetalinger, mens han gentagne gange synker ned i sult, hjemløshed og skam. Han bor først på et nøgent kvistværelse hos Madam Gundersen, men må pantsætte sine få ejendele hos pantelåneren “Onkel” og driver siden rundt i byen, især omkring Pilestrædet, Karl Johan, Stortorvet, Slotsparken, Vor Frelsers kirke, havnen og videre mod St. Hanshaugen, Sagene og udkanten. For at bevare en form for værdighed griber han til impulsive løgne og påtaget selvsikkerhed, men sulten udløser en tiltagende psykisk ustabilitet med feberagtige indfald, maniske associationer, paranoia, selvforagt og voldsomme religiøse udfald, hvor han skiftevis søger og afviser Gud. Han sover under elendige forhold, blandt andet i et forladt blikkenslagerværksted, og melder sig en nat som husvild hos politiet under falsk navn.

I korte opgange får han skrevet en tekst, som via redaktionsmanden “Saksen” bliver antaget, og han modtager ti kroner, men pengene forsvinder hurtigt. Et forsøg på hjælp hos Hans Pauli Pettersen mislykkes, da Pettersen er flyttet. Samtidig bliver han besat af en ung kvinde, han kalder “Ylajali”, som vender tilbage i hans tanker og fantasier. Efter en kort periode med mere regelmæssig mad falder han igen: han får ved en fejl fem kroner for meget i en husholdningshandel, spiser straks i en madkælder, bliver syg og kaster op, og skyldfølelsen vokser til panik. For at føle sig moralsk “ren” giver han pengene til en fattig kagekone ved Elefantapoteket og kører derefter planløst rundt i drosche i manisk opstemthed. Forfaldet fortsætter: han bliver delvist overkørt af en brødvogn ved Stortorvet, ødelægger sin sko, forsøger at spise et kødben og ender i raseri, hvor han forbander Gud. Ved Jernbanebryggen møder han en halt mand og får lidt tobak. Til sidst hjælper “Kommandøren” ham med ti kroner, så han kan tage ind i Tomtegaden/Vaterland på et “Beværtning & Logi for Rejsende”.

Han opsøger Ylajali ved St. Olavs Plads og inviteres op; de er drilske og intime, hun bemærker hans sår og haltende gang, og han indrømmer sin fattigdom. Da han forsøger at presse situationen seksuelt, bliver hun bange og siger, at hun ikke kan føle sig tryg for, at han ikke er vanvittig; han standser, forlader hende ydmyget, men hun omfavner ham med tårer og antyder, at hun holder af ham.

En rå, våd vinter uden sne sætter ind. I omkring tre uger bor han i logihuset i Vaterland, skammer sig over ikke at kunne betale værtinden og prøver at skrive sig ud af kniben, først med en allegori om en ildbrand i en boglade og siden med enaktsdramaet “Korsets Tegn” med et middelalderligt motiv om fanatisk dom over en tempelskændende skøge. Han svinger mellem håb og følelsen af at være “bankerot” i hjernen og kan ikke handle, fordi han mener at måtte vente på “Aanden”. Værtinden tager hans værelse til en styrmand, og han skubbes ned i familiens stue. På Karl Johan møder han “Jomfruen” i en pinlig situation og ser Ylajali i rød kjole med “Hertugen”, hvilket udløser jalousi.

Da værtinden vil jage ham ud om aftenen, forsvarer værten ham, men næste morgen sniger han sig ud og driver mod fæstningen, hvor han udmattet bryder sammen. Ved bryggerne ser han det russiske kulskib “Copégoro” og forsøger uden held at arbejde videre. Tilbage i logihuset viser værten ham gennem nøglehullet værtindens forhold til styrmanden, mens hendes lamme far sidder i rummet; chokket knækker hans stemning. Han skriver febrilsk på manuskriptet, bliver opdaget og truet med politiet, og modtager på vej ud et brev uden tekst med en tikroneseddel fra “en dame”. I stolthed og trods kaster han sedlen sammenkrøllet tilbage i værtindens ansigt og kollapser senere ved Jernbanetorvet. Han beruser sig kort i bevidst løgn og synd, skammer sig siden og indser, at pengene må komme fra Ylajali. Desperat forsøger han at gøre det godt igen ved at færdiggøre dramaet, men kan ikke, river manuskriptet i stykker og optræder provokerende over for en politibetjent. Romanen kredser dermed konkret om sult, fattigdom, skam, stolthed, skyld og en splittet religiøsitet, alt sammen knyttet til hans kamp for at skrive og bevare sin selvfølelse. [Time]",3
"Summary #1

Romanen foregår i Kristiania i en økonomisk og socialt prekær tid og følger en ung mand, der forsøger at overleve som skribent på sporadiske avisbetalinger, mens han gentagne gange synker ned i sult, hjemløshed og skam. Han bor først på et nøgent kvistværelse hos Madam Gundersen, men må pantsætte sine få ejendele hos pantelåneren “Onkel” og driver siden rundt i byen, især omkring Pilestrædet, Karl Johan, Stortorvet, Slotsparken, Vor Frelsers kirke, havnen og videre mod St. Hanshaugen, Sagene og udkanten. For at bevare en form for værdighed griber han til impulsive løgne og påtaget selvsikkerhed, men sulten udløser en tiltagende psykisk ustabilitet med feberagtige indfald, maniske associationer, paranoia, selvforagt og voldsomme religiøse udfald, hvor han skiftevis søger og afviser Gud. Han sover under elendige forhold, blandt andet i et forladt blikkenslagerværksted, og melder sig en nat som husvild hos politiet under falsk navn.

I korte opgange får han skrevet en tekst, som via redaktionsmanden “Saksen” bliver antaget, og han modtager ti kroner, men pengene forsvinder hurtigt. Et forsøg på hjælp hos Hans Pauli Pettersen mislykkes, da Pettersen er flyttet. Samtidig bliver han besat af en ung kvinde, han kalder “Ylajali”, som vender tilbage i hans tanker og fantasier. Efter en kort periode med mere regelmæssig mad falder han igen: han får ved en fejl fem kroner for meget i en husholdningshandel, spiser straks i en madkælder, bliver syg og kaster op, og skyldfølelsen vokser til panik. For at føle sig moralsk “ren” giver han pengene til en fattig kagekone ved Elefantapoteket og kører derefter planløst rundt i drosche i manisk opstemthed. Forfaldet fortsætter: han bliver delvist overkørt af en brødvogn ved Stortorvet, ødelægger sin sko, forsøger at spise et kødben og ender i raseri, hvor han forbander Gud. Ved Jernbanebryggen møder han en halt mand og får lidt tobak. Til sidst hjælper “Kommandøren” ham med ti kroner, så han kan tage ind i Tomtegaden/Vaterland på et “Beværtning & Logi for Rejsende”.

Han opsøger Ylajali ved St. Olavs Plads og inviteres op; de er drilske og intime, hun bemærker hans sår og haltende gang, og han indrømmer sin fattigdom. Da han forsøger at presse situationen seksuelt, bliver hun bange og siger, at hun ikke kan føle sig tryg for, at han ikke er vanvittig; han standser, forlader hende ydmyget, men hun omfavner ham med tårer og antyder, at hun holder af ham.

En rå, våd vinter uden sne sætter ind. I omkring tre uger bor han i logihuset i Vaterland, skammer sig over ikke at kunne betale værtinden og prøver at skrive sig ud af kniben, først med en allegori om en ildbrand i en boglade og siden med enaktsdramaet “Korsets Tegn” med et middelalderligt motiv om fanatisk dom over en tempelskændende skøge. Han svinger mellem håb og følelsen af at være “bankerot” i hjernen og kan ikke handle, fordi han mener at måtte vente på “Aanden”. Værtinden tager hans værelse til en styrmand, og han skubbes ned i familiens stue. På Karl Johan møder han “Jomfruen” i en pinlig situation og ser Ylajali i rød kjole med “Hertugen”, hvilket udløser jalousi.

Da værtinden vil jage ham ud om aftenen, forsvarer værten ham, men næste morgen sniger han sig ud og driver mod fæstningen, hvor han udmattet bryder sammen. Ved bryggerne ser han det russiske kulskib “Copégoro” og forsøger uden held at arbejde videre. Tilbage i logihuset viser værten ham gennem nøglehullet værtindens forhold til styrmanden, mens hendes lamme far sidder i rummet; chokket knækker hans stemning. Han skriver febrilsk på manuskriptet, bliver opdaget og truet med politiet, og modtager på vej ud et brev uden tekst med en tikroneseddel fra “en dame”. I stolthed og trods kaster han sedlen sammenkrøllet tilbage i værtindens ansigt og kollapser senere ved Jernbanetorvet. Han beruser sig kort i bevidst løgn og synd, skammer sig siden og indser, at pengene må komme fra Ylajali. Desperat forsøger han at gøre det godt igen ved at færdiggøre dramaet, men kan ikke, river manuskriptet i stykker og optræder provokerende over for en politibetjent. Romanen kredser dermed konkret om sult, fattigdom, skam, stolthed, skyld og en splittet religiøsitet, alt sammen knyttet til hans kamp for at skrive og bevare sin selvfølelse. [Place]",4
"Summary #1

Romanen foregår i Kristiania i en økonomisk og socialt prekær tid og følger en ung mand, der forsøger at overleve som skribent på sporadiske avisbetalinger, mens han gentagne gange synker ned i sult, hjemløshed og skam. Han bor først på et nøgent kvistværelse hos Madam Gundersen, men må pantsætte sine få ejendele hos pantelåneren “Onkel” og driver siden rundt i byen, især omkring Pilestrædet, Karl Johan, Stortorvet, Slotsparken, Vor Frelsers kirke, havnen og videre mod St. Hanshaugen, Sagene og udkanten. For at bevare en form for værdighed griber han til impulsive løgne og påtaget selvsikkerhed, men sulten udløser en tiltagende psykisk ustabilitet med feberagtige indfald, maniske associationer, paranoia, selvforagt og voldsomme religiøse udfald, hvor han skiftevis søger og afviser Gud. Han sover under elendige forhold, blandt andet i et forladt blikkenslagerværksted, og melder sig en nat som husvild hos politiet under falsk navn.

I korte opgange får han skrevet en tekst, som via redaktionsmanden “Saksen” bliver antaget, og han modtager ti kroner, men pengene forsvinder hurtigt. Et forsøg på hjælp hos Hans Pauli Pettersen mislykkes, da Pettersen er flyttet. Samtidig bliver han besat af en ung kvinde, han kalder “Ylajali”, som vender tilbage i hans tanker og fantasier. Efter en kort periode med mere regelmæssig mad falder han igen: han får ved en fejl fem kroner for meget i en husholdningshandel, spiser straks i en madkælder, bliver syg og kaster op, og skyldfølelsen vokser til panik. For at føle sig moralsk “ren” giver han pengene til en fattig kagekone ved Elefantapoteket og kører derefter planløst rundt i drosche i manisk opstemthed. Forfaldet fortsætter: han bliver delvist overkørt af en brødvogn ved Stortorvet, ødelægger sin sko, forsøger at spise et kødben og ender i raseri, hvor han forbander Gud. Ved Jernbanebryggen møder han en halt mand og får lidt tobak. Til sidst hjælper “Kommandøren” ham med ti kroner, så han kan tage ind i Tomtegaden/Vaterland på et “Beværtning & Logi for Rejsende”.

Han opsøger Ylajali ved St. Olavs Plads og inviteres op; de er drilske og intime, hun bemærker hans sår og haltende gang, og han indrømmer sin fattigdom. Da han forsøger at presse situationen seksuelt, bliver hun bange og siger, at hun ikke kan føle sig tryg for, at han ikke er vanvittig; han standser, forlader hende ydmyget, men hun omfavner ham med tårer og antyder, at hun holder af ham.

En rå, våd vinter uden sne sætter ind. I omkring tre uger bor han i logihuset i Vaterland, skammer sig over ikke at kunne betale værtinden og prøver at skrive sig ud af kniben, først med en allegori om en ildbrand i en boglade og siden med enaktsdramaet “Korsets Tegn” med et middelalderligt motiv om fanatisk dom over en tempelskændende skøge. Han svinger mellem håb og følelsen af at være “bankerot” i hjernen og kan ikke handle, fordi han mener at måtte vente på “Aanden”. Værtinden tager hans værelse til en styrmand, og han skubbes ned i familiens stue. På Karl Johan møder han “Jomfruen” i en pinlig situation og ser Ylajali i rød kjole med “Hertugen”, hvilket udløser jalousi.

Da værtinden vil jage ham ud om aftenen, forsvarer værten ham, men næste morgen sniger han sig ud og driver mod fæstningen, hvor han udmattet bryder sammen. Ved bryggerne ser han det russiske kulskib “Copégoro” og forsøger uden held at arbejde videre. Tilbage i logihuset viser værten ham gennem nøglehullet værtindens forhold til styrmanden, mens hendes lamme far sidder i rummet; chokket knækker hans stemning. Han skriver febrilsk på manuskriptet, bliver opdaget og truet med politiet, og modtager på vej ud et brev uden tekst med en tikroneseddel fra “en dame”. I stolthed og trods kaster han sedlen sammenkrøllet tilbage i værtindens ansigt og kollapser senere ved Jernbanetorvet. Han beruser sig kort i bevidst løgn og synd, skammer sig siden og indser, at pengene må komme fra Ylajali. Desperat forsøger han at gøre det godt igen ved at færdiggøre dramaet, men kan ikke, river manuskriptet i stykker og optræder provokerende over for en politibetjent. Romanen kredser dermed konkret om sult, fattigdom, skam, stolthed, skyld og en splittet religiøsitet, alt sammen knyttet til hans kamp for at skrive og bevare sin selvfølelse. [Characters]",5
"Summary #1

Romanen foregår i Kristiania i en økonomisk og socialt prekær tid og følger en ung mand, der forsøger at overleve som skribent på sporadiske avisbetalinger, mens han gentagne gange synker ned i sult, hjemløshed og skam. Han bor først på et nøgent kvistværelse hos Madam Gundersen, men må pantsætte sine få ejendele hos pantelåneren “Onkel” og driver siden rundt i byen, især omkring Pilestrædet, Karl Johan, Stortorvet, Slotsparken, Vor Frelsers kirke, havnen og videre mod St. Hanshaugen, Sagene og udkanten. For at bevare en form for værdighed griber han til impulsive løgne og påtaget selvsikkerhed, men sulten udløser en tiltagende psykisk ustabilitet med feberagtige indfald, maniske associationer, paranoia, selvforagt og voldsomme religiøse udfald, hvor han skiftevis søger og afviser Gud. Han sover under elendige forhold, blandt andet i et forladt blikkenslagerværksted, og melder sig en nat som husvild hos politiet under falsk navn.

I korte opgange får han skrevet en tekst, som via redaktionsmanden “Saksen” bliver antaget, og han modtager ti kroner, men pengene forsvinder hurtigt. Et forsøg på hjælp hos Hans Pauli Pettersen mislykkes, da Pettersen er flyttet. Samtidig bliver han besat af en ung kvinde, han kalder “Ylajali”, som vender tilbage i hans tanker og fantasier. Efter en kort periode med mere regelmæssig mad falder han igen: han får ved en fejl fem kroner for meget i en husholdningshandel, spiser straks i en madkælder, bliver syg og kaster op, og skyldfølelsen vokser til panik. For at føle sig moralsk “ren” giver han pengene til en fattig kagekone ved Elefantapoteket og kører derefter planløst rundt i drosche i manisk opstemthed. Forfaldet fortsætter: han bliver delvist overkørt af en brødvogn ved Stortorvet, ødelægger sin sko, forsøger at spise et kødben og ender i raseri, hvor han forbander Gud. Ved Jernbanebryggen møder han en halt mand og får lidt tobak. Til sidst hjælper “Kommandøren” ham med ti kroner, så han kan tage ind i Tomtegaden/Vaterland på et “Beværtning & Logi for Rejsende”.

Han opsøger Ylajali ved St. Olavs Plads og inviteres op; de er drilske og intime, hun bemærker hans sår og haltende gang, og han indrømmer sin fattigdom. Da han forsøger at presse situationen seksuelt, bliver hun bange og siger, at hun ikke kan føle sig tryg for, at han ikke er vanvittig; han standser, forlader hende ydmyget, men hun omfavner ham med tårer og antyder, at hun holder af ham.

En rå, våd vinter uden sne sætter ind. I omkring tre uger bor han i logihuset i Vaterland, skammer sig over ikke at kunne betale værtinden og prøver at skrive sig ud af kniben, først med en allegori om en ildbrand i en boglade og siden med enaktsdramaet “Korsets Tegn” med et middelalderligt motiv om fanatisk dom over en tempelskændende skøge. Han svinger mellem håb og følelsen af at være “bankerot” i hjernen og kan ikke handle, fordi han mener at måtte vente på “Aanden”. Værtinden tager hans værelse til en styrmand, og han skubbes ned i familiens stue. På Karl Johan møder han “Jomfruen” i en pinlig situation og ser Ylajali i rød kjole med “Hertugen”, hvilket udløser jalousi.

Da værtinden vil jage ham ud om aftenen, forsvarer værten ham, men næste morgen sniger han sig ud og driver mod fæstningen, hvor han udmattet bryder sammen. Ved bryggerne ser han det russiske kulskib “Copégoro” og forsøger uden held at arbejde videre. Tilbage i logihuset viser værten ham gennem nøglehullet værtindens forhold til styrmanden, mens hendes lamme far sidder i rummet; chokket knækker hans stemning. Han skriver febrilsk på manuskriptet, bliver opdaget og truet med politiet, og modtager på vej ud et brev uden tekst med en tikroneseddel fra “en dame”. I stolthed og trods kaster han sedlen sammenkrøllet tilbage i værtindens ansigt og kollapser senere ved Jernbanetorvet. Han beruser sig kort i bevidst løgn og synd, skammer sig siden og indser, at pengene må komme fra Ylajali. Desperat forsøger han at gøre det godt igen ved at færdiggøre dramaet, men kan ikke, river manuskriptet i stykker og optræder provokerende over for en politibetjent. Romanen kredser dermed konkret om sult, fattigdom, skam, stolthed, skyld og en splittet religiøsitet, alt sammen knyttet til hans kamp for at skrive og bevare sin selvfølelse. [Plot]",5
"Summary #1

Romanen foregår i Kristiania i en økonomisk og socialt prekær tid og følger en ung mand, der forsøger at overleve som skribent på sporadiske avisbetalinger, mens han gentagne gange synker ned i sult, hjemløshed og skam. Han bor først på et nøgent kvistværelse hos Madam Gundersen, men må pantsætte sine få ejendele hos pantelåneren “Onkel” og driver siden rundt i byen, især omkring Pilestrædet, Karl Johan, Stortorvet, Slotsparken, Vor Frelsers kirke, havnen og videre mod St. Hanshaugen, Sagene og udkanten. For at bevare en form for værdighed griber han til impulsive løgne og påtaget selvsikkerhed, men sulten udløser en tiltagende psykisk ustabilitet med feberagtige indfald, maniske associationer, paranoia, selvforagt og voldsomme religiøse udfald, hvor han skiftevis søger og afviser Gud. Han sover under elendige forhold, blandt andet i et forladt blikkenslagerværksted, og melder sig en nat som husvild hos politiet under falsk navn.

I korte opgange får han skrevet en tekst, som via redaktionsmanden “Saksen” bliver antaget, og han modtager ti kroner, men pengene forsvinder hurtigt. Et forsøg på hjælp hos Hans Pauli Pettersen mislykkes, da Pettersen er flyttet. Samtidig bliver han besat af en ung kvinde, han kalder “Ylajali”, som vender tilbage i hans tanker og fantasier. Efter en kort periode med mere regelmæssig mad falder han igen: han får ved en fejl fem kroner for meget i en husholdningshandel, spiser straks i en madkælder, bliver syg og kaster op, og skyldfølelsen vokser til panik. For at føle sig moralsk “ren” giver han pengene til en fattig kagekone ved Elefantapoteket og kører derefter planløst rundt i drosche i manisk opstemthed. Forfaldet fortsætter: han bliver delvist overkørt af en brødvogn ved Stortorvet, ødelægger sin sko, forsøger at spise et kødben og ender i raseri, hvor han forbander Gud. Ved Jernbanebryggen møder han en halt mand og får lidt tobak. Til sidst hjælper “Kommandøren” ham med ti kroner, så han kan tage ind i Tomtegaden/Vaterland på et “Beværtning & Logi for Rejsende”.

Han opsøger Ylajali ved St. Olavs Plads og inviteres op; de er drilske og intime, hun bemærker hans sår og haltende gang, og han indrømmer sin fattigdom. Da han forsøger at presse situationen seksuelt, bliver hun bange og siger, at hun ikke kan føle sig tryg for, at han ikke er vanvittig; han standser, forlader hende ydmyget, men hun omfavner ham med tårer og antyder, at hun holder af ham.

En rå, våd vinter uden sne sætter ind. I omkring tre uger bor han i logihuset i Vaterland, skammer sig over ikke at kunne betale værtinden og prøver at skrive sig ud af kniben, først med en allegori om en ildbrand i en boglade og siden med enaktsdramaet “Korsets Tegn” med et middelalderligt motiv om fanatisk dom over en tempelskændende skøge. Han svinger mellem håb og følelsen af at være “bankerot” i hjernen og kan ikke handle, fordi han mener at måtte vente på “Aanden”. Værtinden tager hans værelse til en styrmand, og han skubbes ned i familiens stue. På Karl Johan møder han “Jomfruen” i en pinlig situation og ser Ylajali i rød kjole med “Hertugen”, hvilket udløser jalousi.

Da værtinden vil jage ham ud om aftenen, forsvarer værten ham, men næste morgen sniger han sig ud og driver mod fæstningen, hvor han udmattet bryder sammen. Ved bryggerne ser han det russiske kulskib “Copégoro” og forsøger uden held at arbejde videre. Tilbage i logihuset viser værten ham gennem nøglehullet værtindens forhold til styrmanden, mens hendes lamme far sidder i rummet; chokket knækker hans stemning. Han skriver febrilsk på manuskriptet, bliver opdaget og truet med politiet, og modtager på vej ud et brev uden tekst med en tikroneseddel fra “en dame”. I stolthed og trods kaster han sedlen sammenkrøllet tilbage i værtindens ansigt og kollapser senere ved Jernbanetorvet. Han beruser sig kort i bevidst løgn og synd, skammer sig siden og indser, at pengene må komme fra Ylajali. Desperat forsøger han at gøre det godt igen ved at færdiggøre dramaet, men kan ikke, river manuskriptet i stykker og optræder provokerende over for en politibetjent. Romanen kredser dermed konkret om sult, fattigdom, skam, stolthed, skyld og en splittet religiøsitet, alt sammen knyttet til hans kamp for at skrive og bevare sin selvfølelse. [Themes]",5
"Summary #2

Fortælleren er en ung, fattig skribent i Kristiania i nutidens efterår–vinter, bosat i et spartansk losjerum over en værkstedsgård i Vaterland. Han fører en febersyg dagbog over vedvarende nød, sult og ydmygelser og driver rundt i byens kvarterer — bl.a. Karl Johan, St. Olafs Plads, Tomtegaden og Jernbanebryggen — mens han gentagne gange forsøger at skaffe arbejde eller småbeløb ved henvendelser på redaktioner, hos handlende og bekendte; nogle giver ham penge eller medlidenhedsbeviser, andre afviser ham. Efter en natlig krise og et anfald får han kortvarig hjælp fra en ekspedient og senere fra en person kaldet “Kommandøren”, hvilket midlertidigt sikrer logi og et måltid, men efterfølges af nye feberanfald og religiøs vrede.

I denne nødstilstand møder han gentagne gange en sortklædt, sløret kvinde ved en gaslygte, som han kalder Ylajali; deres relation udvikler sig fra gåture og samtaler i gaderne til ambivalente besøg i hendes lejlighed i Nummer 2, hvor de veksler mellem leg, ømhed og tilbageholdenhed. Parallelt forsøger fortælleren at færdiggøre litterære arbejder for at betale gæld: en allegori om en brand i en boglade og senere et et-akts drama med middelaldermotiver, Korsets Tegn. Arbejdet forstyrres af logihusets støj, værtindens krav, familiens fordomme og et plaget husfællesskab.

En nat bliver han jaget ud af huset, men en fremmed styrmand griber ind og lader ham blive; næste dag inspirerer sol og havmiljø ham kortvarigt til arbejde ved skibet Copégoro, men han opgiver manuskriptet i fortvivlelse og river det itu. Konflikter i logihuset fortsætter: han opdager værtinden i intime omgivelser med styrmanden og en lam gammel mand, bliver igen truet med udsmidning, og modtager senere en lille kuvert med en tikrone, som han i forlegenhed kaster i værtindens ansigt. Sult driver ham til en kagekone ved Elefantapoteket; efter at have spist kager forsøger han at forære en til en lille dreng. Til sidst omtales hans impulsive beslutning om at søge hyre: han går ombord som ubefaren jungmand på en ballastsejlads med Copégoro mod Leeds og Cadiz. Temaer, som fremtræder i fortællingen, omfatter fattigdommens og skammens nedværdigelse, behovets og hjælpsomhedens ambivalens i menneskelige relationer samt flugt som praktisk og kunstnerisk udvej. [Fluency]",2
"Summary #2

Fortælleren er en ung, fattig skribent i Kristiania i nutidens efterår–vinter, bosat i et spartansk losjerum over en værkstedsgård i Vaterland. Han fører en febersyg dagbog over vedvarende nød, sult og ydmygelser og driver rundt i byens kvarterer — bl.a. Karl Johan, St. Olafs Plads, Tomtegaden og Jernbanebryggen — mens han gentagne gange forsøger at skaffe arbejde eller småbeløb ved henvendelser på redaktioner, hos handlende og bekendte; nogle giver ham penge eller medlidenhedsbeviser, andre afviser ham. Efter en natlig krise og et anfald får han kortvarig hjælp fra en ekspedient og senere fra en person kaldet “Kommandøren”, hvilket midlertidigt sikrer logi og et måltid, men efterfølges af nye feberanfald og religiøs vrede.

I denne nødstilstand møder han gentagne gange en sortklædt, sløret kvinde ved en gaslygte, som han kalder Ylajali; deres relation udvikler sig fra gåture og samtaler i gaderne til ambivalente besøg i hendes lejlighed i Nummer 2, hvor de veksler mellem leg, ømhed og tilbageholdenhed. Parallelt forsøger fortælleren at færdiggøre litterære arbejder for at betale gæld: en allegori om en brand i en boglade og senere et et-akts drama med middelaldermotiver, Korsets Tegn. Arbejdet forstyrres af logihusets støj, værtindens krav, familiens fordomme og et plaget husfællesskab.

En nat bliver han jaget ud af huset, men en fremmed styrmand griber ind og lader ham blive; næste dag inspirerer sol og havmiljø ham kortvarigt til arbejde ved skibet Copégoro, men han opgiver manuskriptet i fortvivlelse og river det itu. Konflikter i logihuset fortsætter: han opdager værtinden i intime omgivelser med styrmanden og en lam gammel mand, bliver igen truet med udsmidning, og modtager senere en lille kuvert med en tikrone, som han i forlegenhed kaster i værtindens ansigt. Sult driver ham til en kagekone ved Elefantapoteket; efter at have spist kager forsøger han at forære en til en lille dreng. Til sidst omtales hans impulsive beslutning om at søge hyre: han går ombord som ubefaren jungmand på en ballastsejlads med Copégoro mod Leeds og Cadiz. Temaer, som fremtræder i fortællingen, omfatter fattigdommens og skammens nedværdigelse, behovets og hjælpsomhedens ambivalens i menneskelige relationer samt flugt som praktisk og kunstnerisk udvej. [Coherence]",2
"Summary #2

Fortælleren er en ung, fattig skribent i Kristiania i nutidens efterår–vinter, bosat i et spartansk losjerum over en værkstedsgård i Vaterland. Han fører en febersyg dagbog over vedvarende nød, sult og ydmygelser og driver rundt i byens kvarterer — bl.a. Karl Johan, St. Olafs Plads, Tomtegaden og Jernbanebryggen — mens han gentagne gange forsøger at skaffe arbejde eller småbeløb ved henvendelser på redaktioner, hos handlende og bekendte; nogle giver ham penge eller medlidenhedsbeviser, andre afviser ham. Efter en natlig krise og et anfald får han kortvarig hjælp fra en ekspedient og senere fra en person kaldet “Kommandøren”, hvilket midlertidigt sikrer logi og et måltid, men efterfølges af nye feberanfald og religiøs vrede.

I denne nødstilstand møder han gentagne gange en sortklædt, sløret kvinde ved en gaslygte, som han kalder Ylajali; deres relation udvikler sig fra gåture og samtaler i gaderne til ambivalente besøg i hendes lejlighed i Nummer 2, hvor de veksler mellem leg, ømhed og tilbageholdenhed. Parallelt forsøger fortælleren at færdiggøre litterære arbejder for at betale gæld: en allegori om en brand i en boglade og senere et et-akts drama med middelaldermotiver, Korsets Tegn. Arbejdet forstyrres af logihusets støj, værtindens krav, familiens fordomme og et plaget husfællesskab.

En nat bliver han jaget ud af huset, men en fremmed styrmand griber ind og lader ham blive; næste dag inspirerer sol og havmiljø ham kortvarigt til arbejde ved skibet Copégoro, men han opgiver manuskriptet i fortvivlelse og river det itu. Konflikter i logihuset fortsætter: han opdager værtinden i intime omgivelser med styrmanden og en lam gammel mand, bliver igen truet med udsmidning, og modtager senere en lille kuvert med en tikrone, som han i forlegenhed kaster i værtindens ansigt. Sult driver ham til en kagekone ved Elefantapoteket; efter at have spist kager forsøger han at forære en til en lille dreng. Til sidst omtales hans impulsive beslutning om at søge hyre: han går ombord som ubefaren jungmand på en ballastsejlads med Copégoro mod Leeds og Cadiz. Temaer, som fremtræder i fortællingen, omfatter fattigdommens og skammens nedværdigelse, behovets og hjælpsomhedens ambivalens i menneskelige relationer samt flugt som praktisk og kunstnerisk udvej. [Relevance]",4
"Summary #2

Fortælleren er en ung, fattig skribent i Kristiania i nutidens efterår–vinter, bosat i et spartansk losjerum over en værkstedsgård i Vaterland. Han fører en febersyg dagbog over vedvarende nød, sult og ydmygelser og driver rundt i byens kvarterer — bl.a. Karl Johan, St. Olafs Plads, Tomtegaden og Jernbanebryggen — mens han gentagne gange forsøger at skaffe arbejde eller småbeløb ved henvendelser på redaktioner, hos handlende og bekendte; nogle giver ham penge eller medlidenhedsbeviser, andre afviser ham. Efter en natlig krise og et anfald får han kortvarig hjælp fra en ekspedient og senere fra en person kaldet “Kommandøren”, hvilket midlertidigt sikrer logi og et måltid, men efterfølges af nye feberanfald og religiøs vrede.

I denne nødstilstand møder han gentagne gange en sortklædt, sløret kvinde ved en gaslygte, som han kalder Ylajali; deres relation udvikler sig fra gåture og samtaler i gaderne til ambivalente besøg i hendes lejlighed i Nummer 2, hvor de veksler mellem leg, ømhed og tilbageholdenhed. Parallelt forsøger fortælleren at færdiggøre litterære arbejder for at betale gæld: en allegori om en brand i en boglade og senere et et-akts drama med middelaldermotiver, Korsets Tegn. Arbejdet forstyrres af logihusets støj, værtindens krav, familiens fordomme og et plaget husfællesskab.

En nat bliver han jaget ud af huset, men en fremmed styrmand griber ind og lader ham blive; næste dag inspirerer sol og havmiljø ham kortvarigt til arbejde ved skibet Copégoro, men han opgiver manuskriptet i fortvivlelse og river det itu. Konflikter i logihuset fortsætter: han opdager værtinden i intime omgivelser med styrmanden og en lam gammel mand, bliver igen truet med udsmidning, og modtager senere en lille kuvert med en tikrone, som han i forlegenhed kaster i værtindens ansigt. Sult driver ham til en kagekone ved Elefantapoteket; efter at have spist kager forsøger han at forære en til en lille dreng. Til sidst omtales hans impulsive beslutning om at søge hyre: han går ombord som ubefaren jungmand på en ballastsejlads med Copégoro mod Leeds og Cadiz. Temaer, som fremtræder i fortællingen, omfatter fattigdommens og skammens nedværdigelse, behovets og hjælpsomhedens ambivalens i menneskelige relationer samt flugt som praktisk og kunstnerisk udvej. [Factuality]",4
"Summary #2

Fortælleren er en ung, fattig skribent i Kristiania i nutidens efterår–vinter, bosat i et spartansk losjerum over en værkstedsgård i Vaterland. Han fører en febersyg dagbog over vedvarende nød, sult og ydmygelser og driver rundt i byens kvarterer — bl.a. Karl Johan, St. Olafs Plads, Tomtegaden og Jernbanebryggen — mens han gentagne gange forsøger at skaffe arbejde eller småbeløb ved henvendelser på redaktioner, hos handlende og bekendte; nogle giver ham penge eller medlidenhedsbeviser, andre afviser ham. Efter en natlig krise og et anfald får han kortvarig hjælp fra en ekspedient og senere fra en person kaldet “Kommandøren”, hvilket midlertidigt sikrer logi og et måltid, men efterfølges af nye feberanfald og religiøs vrede.

I denne nødstilstand møder han gentagne gange en sortklædt, sløret kvinde ved en gaslygte, som han kalder Ylajali; deres relation udvikler sig fra gåture og samtaler i gaderne til ambivalente besøg i hendes lejlighed i Nummer 2, hvor de veksler mellem leg, ømhed og tilbageholdenhed. Parallelt forsøger fortælleren at færdiggøre litterære arbejder for at betale gæld: en allegori om en brand i en boglade og senere et et-akts drama med middelaldermotiver, Korsets Tegn. Arbejdet forstyrres af logihusets støj, værtindens krav, familiens fordomme og et plaget husfællesskab.

En nat bliver han jaget ud af huset, men en fremmed styrmand griber ind og lader ham blive; næste dag inspirerer sol og havmiljø ham kortvarigt til arbejde ved skibet Copégoro, men han opgiver manuskriptet i fortvivlelse og river det itu. Konflikter i logihuset fortsætter: han opdager værtinden i intime omgivelser med styrmanden og en lam gammel mand, bliver igen truet med udsmidning, og modtager senere en lille kuvert med en tikrone, som han i forlegenhed kaster i værtindens ansigt. Sult driver ham til en kagekone ved Elefantapoteket; efter at have spist kager forsøger han at forære en til en lille dreng. Til sidst omtales hans impulsive beslutning om at søge hyre: han går ombord som ubefaren jungmand på en ballastsejlads med Copégoro mod Leeds og Cadiz. Temaer, som fremtræder i fortællingen, omfatter fattigdommens og skammens nedværdigelse, behovets og hjælpsomhedens ambivalens i menneskelige relationer samt flugt som praktisk og kunstnerisk udvej. [Time ]",1
"Summary #2

Fortælleren er en ung, fattig skribent i Kristiania i nutidens efterår–vinter, bosat i et spartansk losjerum over en værkstedsgård i Vaterland. Han fører en febersyg dagbog over vedvarende nød, sult og ydmygelser og driver rundt i byens kvarterer — bl.a. Karl Johan, St. Olafs Plads, Tomtegaden og Jernbanebryggen — mens han gentagne gange forsøger at skaffe arbejde eller småbeløb ved henvendelser på redaktioner, hos handlende og bekendte; nogle giver ham penge eller medlidenhedsbeviser, andre afviser ham. Efter en natlig krise og et anfald får han kortvarig hjælp fra en ekspedient og senere fra en person kaldet “Kommandøren”, hvilket midlertidigt sikrer logi og et måltid, men efterfølges af nye feberanfald og religiøs vrede.

I denne nødstilstand møder han gentagne gange en sortklædt, sløret kvinde ved en gaslygte, som han kalder Ylajali; deres relation udvikler sig fra gåture og samtaler i gaderne til ambivalente besøg i hendes lejlighed i Nummer 2, hvor de veksler mellem leg, ømhed og tilbageholdenhed. Parallelt forsøger fortælleren at færdiggøre litterære arbejder for at betale gæld: en allegori om en brand i en boglade og senere et et-akts drama med middelaldermotiver, Korsets Tegn. Arbejdet forstyrres af logihusets støj, værtindens krav, familiens fordomme og et plaget husfællesskab.

En nat bliver han jaget ud af huset, men en fremmed styrmand griber ind og lader ham blive; næste dag inspirerer sol og havmiljø ham kortvarigt til arbejde ved skibet Copégoro, men han opgiver manuskriptet i fortvivlelse og river det itu. Konflikter i logihuset fortsætter: han opdager værtinden i intime omgivelser med styrmanden og en lam gammel mand, bliver igen truet med udsmidning, og modtager senere en lille kuvert med en tikrone, som han i forlegenhed kaster i værtindens ansigt. Sult driver ham til en kagekone ved Elefantapoteket; efter at have spist kager forsøger han at forære en til en lille dreng. Til sidst omtales hans impulsive beslutning om at søge hyre: han går ombord som ubefaren jungmand på en ballastsejlads med Copégoro mod Leeds og Cadiz. Temaer, som fremtræder i fortællingen, omfatter fattigdommens og skammens nedværdigelse, behovets og hjælpsomhedens ambivalens i menneskelige relationer samt flugt som praktisk og kunstnerisk udvej. [Place]",4
"Summary #2

Fortælleren er en ung, fattig skribent i Kristiania i nutidens efterår–vinter, bosat i et spartansk losjerum over en værkstedsgård i Vaterland. Han fører en febersyg dagbog over vedvarende nød, sult og ydmygelser og driver rundt i byens kvarterer — bl.a. Karl Johan, St. Olafs Plads, Tomtegaden og Jernbanebryggen — mens han gentagne gange forsøger at skaffe arbejde eller småbeløb ved henvendelser på redaktioner, hos handlende og bekendte; nogle giver ham penge eller medlidenhedsbeviser, andre afviser ham. Efter en natlig krise og et anfald får han kortvarig hjælp fra en ekspedient og senere fra en person kaldet “Kommandøren”, hvilket midlertidigt sikrer logi og et måltid, men efterfølges af nye feberanfald og religiøs vrede.

I denne nødstilstand møder han gentagne gange en sortklædt, sløret kvinde ved en gaslygte, som han kalder Ylajali; deres relation udvikler sig fra gåture og samtaler i gaderne til ambivalente besøg i hendes lejlighed i Nummer 2, hvor de veksler mellem leg, ømhed og tilbageholdenhed. Parallelt forsøger fortælleren at færdiggøre litterære arbejder for at betale gæld: en allegori om en brand i en boglade og senere et et-akts drama med middelaldermotiver, Korsets Tegn. Arbejdet forstyrres af logihusets støj, værtindens krav, familiens fordomme og et plaget husfællesskab.

En nat bliver han jaget ud af huset, men en fremmed styrmand griber ind og lader ham blive; næste dag inspirerer sol og havmiljø ham kortvarigt til arbejde ved skibet Copégoro, men han opgiver manuskriptet i fortvivlelse og river det itu. Konflikter i logihuset fortsætter: han opdager værtinden i intime omgivelser med styrmanden og en lam gammel mand, bliver igen truet med udsmidning, og modtager senere en lille kuvert med en tikrone, som han i forlegenhed kaster i værtindens ansigt. Sult driver ham til en kagekone ved Elefantapoteket; efter at have spist kager forsøger han at forære en til en lille dreng. Til sidst omtales hans impulsive beslutning om at søge hyre: han går ombord som ubefaren jungmand på en ballastsejlads med Copégoro mod Leeds og Cadiz. Temaer, som fremtræder i fortællingen, omfatter fattigdommens og skammens nedværdigelse, behovets og hjælpsomhedens ambivalens i menneskelige relationer samt flugt som praktisk og kunstnerisk udvej. [Characters]",4
"Summary #2

Fortælleren er en ung, fattig skribent i Kristiania i nutidens efterår–vinter, bosat i et spartansk losjerum over en værkstedsgård i Vaterland. Han fører en febersyg dagbog over vedvarende nød, sult og ydmygelser og driver rundt i byens kvarterer — bl.a. Karl Johan, St. Olafs Plads, Tomtegaden og Jernbanebryggen — mens han gentagne gange forsøger at skaffe arbejde eller småbeløb ved henvendelser på redaktioner, hos handlende og bekendte; nogle giver ham penge eller medlidenhedsbeviser, andre afviser ham. Efter en natlig krise og et anfald får han kortvarig hjælp fra en ekspedient og senere fra en person kaldet “Kommandøren”, hvilket midlertidigt sikrer logi og et måltid, men efterfølges af nye feberanfald og religiøs vrede.

I denne nødstilstand møder han gentagne gange en sortklædt, sløret kvinde ved en gaslygte, som han kalder Ylajali; deres relation udvikler sig fra gåture og samtaler i gaderne til ambivalente besøg i hendes lejlighed i Nummer 2, hvor de veksler mellem leg, ømhed og tilbageholdenhed. Parallelt forsøger fortælleren at færdiggøre litterære arbejder for at betale gæld: en allegori om en brand i en boglade og senere et et-akts drama med middelaldermotiver, Korsets Tegn. Arbejdet forstyrres af logihusets støj, værtindens krav, familiens fordomme og et plaget husfællesskab.

En nat bliver han jaget ud af huset, men en fremmed styrmand griber ind og lader ham blive; næste dag inspirerer sol og havmiljø ham kortvarigt til arbejde ved skibet Copégoro, men han opgiver manuskriptet i fortvivlelse og river det itu. Konflikter i logihuset fortsætter: han opdager værtinden i intime omgivelser med styrmanden og en lam gammel mand, bliver igen truet med udsmidning, og modtager senere en lille kuvert med en tikrone, som han i forlegenhed kaster i værtindens ansigt. Sult driver ham til en kagekone ved Elefantapoteket; efter at have spist kager forsøger han at forære en til en lille dreng. Til sidst omtales hans impulsive beslutning om at søge hyre: han går ombord som ubefaren jungmand på en ballastsejlads med Copégoro mod Leeds og Cadiz. Temaer, som fremtræder i fortællingen, omfatter fattigdommens og skammens nedværdigelse, behovets og hjælpsomhedens ambivalens i menneskelige relationer samt flugt som praktisk og kunstnerisk udvej. [Plot]",4
"Summary #2

Fortælleren er en ung, fattig skribent i Kristiania i nutidens efterår–vinter, bosat i et spartansk losjerum over en værkstedsgård i Vaterland. Han fører en febersyg dagbog over vedvarende nød, sult og ydmygelser og driver rundt i byens kvarterer — bl.a. Karl Johan, St. Olafs Plads, Tomtegaden og Jernbanebryggen — mens han gentagne gange forsøger at skaffe arbejde eller småbeløb ved henvendelser på redaktioner, hos handlende og bekendte; nogle giver ham penge eller medlidenhedsbeviser, andre afviser ham. Efter en natlig krise og et anfald får han kortvarig hjælp fra en ekspedient og senere fra en person kaldet “Kommandøren”, hvilket midlertidigt sikrer logi og et måltid, men efterfølges af nye feberanfald og religiøs vrede.

I denne nødstilstand møder han gentagne gange en sortklædt, sløret kvinde ved en gaslygte, som han kalder Ylajali; deres relation udvikler sig fra gåture og samtaler i gaderne til ambivalente besøg i hendes lejlighed i Nummer 2, hvor de veksler mellem leg, ømhed og tilbageholdenhed. Parallelt forsøger fortælleren at færdiggøre litterære arbejder for at betale gæld: en allegori om en brand i en boglade og senere et et-akts drama med middelaldermotiver, Korsets Tegn. Arbejdet forstyrres af logihusets støj, værtindens krav, familiens fordomme og et plaget husfællesskab.

En nat bliver han jaget ud af huset, men en fremmed styrmand griber ind og lader ham blive; næste dag inspirerer sol og havmiljø ham kortvarigt til arbejde ved skibet Copégoro, men han opgiver manuskriptet i fortvivlelse og river det itu. Konflikter i logihuset fortsætter: han opdager værtinden i intime omgivelser med styrmanden og en lam gammel mand, bliver igen truet med udsmidning, og modtager senere en lille kuvert med en tikrone, som han i forlegenhed kaster i værtindens ansigt. Sult driver ham til en kagekone ved Elefantapoteket; efter at have spist kager forsøger han at forære en til en lille dreng. Til sidst omtales hans impulsive beslutning om at søge hyre: han går ombord som ubefaren jungmand på en ballastsejlads med Copégoro mod Leeds og Cadiz. Temaer, som fremtræder i fortællingen, omfatter fattigdommens og skammens nedværdigelse, behovets og hjælpsomhedens ambivalens i menneskelige relationer samt flugt som praktisk og kunstnerisk udvej. [Themes]",3
"Summary #3

I efterårs-Kristiania lever en unavngiven ung forfatter på et ubetalt kvistværelse uden mad eller penge. Ti kroner for en føljeton forsvinder straks, og han mister værelset; han overnatter i skoven og på politistationen, pantsætter sit tæppe, får afslag på alle job og driver rundt i regn og kulde. En tilfældig ekstrabytte i en kolonial giver et enkelt måltid, men artiklerne afvises, og han tygger træflis for at dulme sulten. I vanvidsglimt overvejer han tyveri og prostitution, stjæler til sidst et lys og fem kroner, og skriver under en gadelygte en ufuldendt artikel. En nat bider han sin finger for at holde sig vågen; næste aften møder han den sortklædte “Ylajali” ved St. Olafs Plads og kysser hende ved fontænen. Han lever af tilfældige håndører, et tyveri og en opkastet bøf, skifter mellem selvforagt og flygtig lykke. Efter at have betalt de stjålne penge tilbage og modtaget ti kroner af “Kommandøren” får han husly i “Beværtning & Logi for Rejsende” i Tomtegaden. To gange besøger han Ylajali: første gang bekender han sin fattigdom, anden gang kysser hun ham i halvmørket, men trækker sig, da han vil gå længre. Da han fortæller om sult og tyveri, kalder hun ham “gal”, men siger, at hun “er glad i ham alligevel”. Næste dag ser hende i rød kjole med “Hertugen”; han sværger at bøje hende med sit nye drama. Vinteren kommer, tåget og rå. Han bliver boende på kredit i Vaterland, skriver på en allegori om en ildebrand og på et-akts-middelalderstykket “Korsets Tegn”, men må flytte ned i familiens overfyldte stue og sove på gulvet. Smidt ud driver han på bænke ved Fæstningen, ødelægger sit manuskript og river det itu. Tilbage i logihuset overværer han gennem nøglehullet værtinden med en styrmand, jages ud og får af en bud en anonym konvolut med ti kroner; i raseri kaster han pengene tilbage, falder om og opdager senere, at de må komme fra Ylajali. Han skammer sig, skændes sig til brød hos kagekonen ved Elefantapoteket, giver den sidste kage til en spyttet dreng og går ned til havnen, hvor en svensk skipper på den russiske bark “Copégoro” optager ham som “jungmand” mod Leeds. [Fluency]",2
"Summary #3

I efterårs-Kristiania lever en unavngiven ung forfatter på et ubetalt kvistværelse uden mad eller penge. Ti kroner for en føljeton forsvinder straks, og han mister værelset; han overnatter i skoven og på politistationen, pantsætter sit tæppe, får afslag på alle job og driver rundt i regn og kulde. En tilfældig ekstrabytte i en kolonial giver et enkelt måltid, men artiklerne afvises, og han tygger træflis for at dulme sulten. I vanvidsglimt overvejer han tyveri og prostitution, stjæler til sidst et lys og fem kroner, og skriver under en gadelygte en ufuldendt artikel. En nat bider han sin finger for at holde sig vågen; næste aften møder han den sortklædte “Ylajali” ved St. Olafs Plads og kysser hende ved fontænen. Han lever af tilfældige håndører, et tyveri og en opkastet bøf, skifter mellem selvforagt og flygtig lykke. Efter at have betalt de stjålne penge tilbage og modtaget ti kroner af “Kommandøren” får han husly i “Beværtning & Logi for Rejsende” i Tomtegaden. To gange besøger han Ylajali: første gang bekender han sin fattigdom, anden gang kysser hun ham i halvmørket, men trækker sig, da han vil gå længre. Da han fortæller om sult og tyveri, kalder hun ham “gal”, men siger, at hun “er glad i ham alligevel”. Næste dag ser hende i rød kjole med “Hertugen”; han sværger at bøje hende med sit nye drama. Vinteren kommer, tåget og rå. Han bliver boende på kredit i Vaterland, skriver på en allegori om en ildebrand og på et-akts-middelalderstykket “Korsets Tegn”, men må flytte ned i familiens overfyldte stue og sove på gulvet. Smidt ud driver han på bænke ved Fæstningen, ødelægger sit manuskript og river det itu. Tilbage i logihuset overværer han gennem nøglehullet værtinden med en styrmand, jages ud og får af en bud en anonym konvolut med ti kroner; i raseri kaster han pengene tilbage, falder om og opdager senere, at de må komme fra Ylajali. Han skammer sig, skændes sig til brød hos kagekonen ved Elefantapoteket, giver den sidste kage til en spyttet dreng og går ned til havnen, hvor en svensk skipper på den russiske bark “Copégoro” optager ham som “jungmand” mod Leeds. [Coherence]",3
"Summary #3

I efterårs-Kristiania lever en unavngiven ung forfatter på et ubetalt kvistværelse uden mad eller penge. Ti kroner for en føljeton forsvinder straks, og han mister værelset; han overnatter i skoven og på politistationen, pantsætter sit tæppe, får afslag på alle job og driver rundt i regn og kulde. En tilfældig ekstrabytte i en kolonial giver et enkelt måltid, men artiklerne afvises, og han tygger træflis for at dulme sulten. I vanvidsglimt overvejer han tyveri og prostitution, stjæler til sidst et lys og fem kroner, og skriver under en gadelygte en ufuldendt artikel. En nat bider han sin finger for at holde sig vågen; næste aften møder han den sortklædte “Ylajali” ved St. Olafs Plads og kysser hende ved fontænen. Han lever af tilfældige håndører, et tyveri og en opkastet bøf, skifter mellem selvforagt og flygtig lykke. Efter at have betalt de stjålne penge tilbage og modtaget ti kroner af “Kommandøren” får han husly i “Beværtning & Logi for Rejsende” i Tomtegaden. To gange besøger han Ylajali: første gang bekender han sin fattigdom, anden gang kysser hun ham i halvmørket, men trækker sig, da han vil gå længre. Da han fortæller om sult og tyveri, kalder hun ham “gal”, men siger, at hun “er glad i ham alligevel”. Næste dag ser hende i rød kjole med “Hertugen”; han sværger at bøje hende med sit nye drama. Vinteren kommer, tåget og rå. Han bliver boende på kredit i Vaterland, skriver på en allegori om en ildebrand og på et-akts-middelalderstykket “Korsets Tegn”, men må flytte ned i familiens overfyldte stue og sove på gulvet. Smidt ud driver han på bænke ved Fæstningen, ødelægger sit manuskript og river det itu. Tilbage i logihuset overværer han gennem nøglehullet værtinden med en styrmand, jages ud og får af en bud en anonym konvolut med ti kroner; i raseri kaster han pengene tilbage, falder om og opdager senere, at de må komme fra Ylajali. Han skammer sig, skændes sig til brød hos kagekonen ved Elefantapoteket, giver den sidste kage til en spyttet dreng og går ned til havnen, hvor en svensk skipper på den russiske bark “Copégoro” optager ham som “jungmand” mod Leeds. [Relevance]",4
"Summary #3

I efterårs-Kristiania lever en unavngiven ung forfatter på et ubetalt kvistværelse uden mad eller penge. Ti kroner for en føljeton forsvinder straks, og han mister værelset; han overnatter i skoven og på politistationen, pantsætter sit tæppe, får afslag på alle job og driver rundt i regn og kulde. En tilfældig ekstrabytte i en kolonial giver et enkelt måltid, men artiklerne afvises, og han tygger træflis for at dulme sulten. I vanvidsglimt overvejer han tyveri og prostitution, stjæler til sidst et lys og fem kroner, og skriver under en gadelygte en ufuldendt artikel. En nat bider han sin finger for at holde sig vågen; næste aften møder han den sortklædte “Ylajali” ved St. Olafs Plads og kysser hende ved fontænen. Han lever af tilfældige håndører, et tyveri og en opkastet bøf, skifter mellem selvforagt og flygtig lykke. Efter at have betalt de stjålne penge tilbage og modtaget ti kroner af “Kommandøren” får han husly i “Beværtning & Logi for Rejsende” i Tomtegaden. To gange besøger han Ylajali: første gang bekender han sin fattigdom, anden gang kysser hun ham i halvmørket, men trækker sig, da han vil gå længre. Da han fortæller om sult og tyveri, kalder hun ham “gal”, men siger, at hun “er glad i ham alligevel”. Næste dag ser hende i rød kjole med “Hertugen”; han sværger at bøje hende med sit nye drama. Vinteren kommer, tåget og rå. Han bliver boende på kredit i Vaterland, skriver på en allegori om en ildebrand og på et-akts-middelalderstykket “Korsets Tegn”, men må flytte ned i familiens overfyldte stue og sove på gulvet. Smidt ud driver han på bænke ved Fæstningen, ødelægger sit manuskript og river det itu. Tilbage i logihuset overværer han gennem nøglehullet værtinden med en styrmand, jages ud og får af en bud en anonym konvolut med ti kroner; i raseri kaster han pengene tilbage, falder om og opdager senere, at de må komme fra Ylajali. Han skammer sig, skændes sig til brød hos kagekonen ved Elefantapoteket, giver den sidste kage til en spyttet dreng og går ned til havnen, hvor en svensk skipper på den russiske bark “Copégoro” optager ham som “jungmand” mod Leeds. [Factuality]",4
"Summary #3

I efterårs-Kristiania lever en unavngiven ung forfatter på et ubetalt kvistværelse uden mad eller penge. Ti kroner for en føljeton forsvinder straks, og han mister værelset; han overnatter i skoven og på politistationen, pantsætter sit tæppe, får afslag på alle job og driver rundt i regn og kulde. En tilfældig ekstrabytte i en kolonial giver et enkelt måltid, men artiklerne afvises, og han tygger træflis for at dulme sulten. I vanvidsglimt overvejer han tyveri og prostitution, stjæler til sidst et lys og fem kroner, og skriver under en gadelygte en ufuldendt artikel. En nat bider han sin finger for at holde sig vågen; næste aften møder han den sortklædte “Ylajali” ved St. Olafs Plads og kysser hende ved fontænen. Han lever af tilfældige håndører, et tyveri og en opkastet bøf, skifter mellem selvforagt og flygtig lykke. Efter at have betalt de stjålne penge tilbage og modtaget ti kroner af “Kommandøren” får han husly i “Beværtning & Logi for Rejsende” i Tomtegaden. To gange besøger han Ylajali: første gang bekender han sin fattigdom, anden gang kysser hun ham i halvmørket, men trækker sig, da han vil gå længre. Da han fortæller om sult og tyveri, kalder hun ham “gal”, men siger, at hun “er glad i ham alligevel”. Næste dag ser hende i rød kjole med “Hertugen”; han sværger at bøje hende med sit nye drama. Vinteren kommer, tåget og rå. Han bliver boende på kredit i Vaterland, skriver på en allegori om en ildebrand og på et-akts-middelalderstykket “Korsets Tegn”, men må flytte ned i familiens overfyldte stue og sove på gulvet. Smidt ud driver han på bænke ved Fæstningen, ødelægger sit manuskript og river det itu. Tilbage i logihuset overværer han gennem nøglehullet værtinden med en styrmand, jages ud og får af en bud en anonym konvolut med ti kroner; i raseri kaster han pengene tilbage, falder om og opdager senere, at de må komme fra Ylajali. Han skammer sig, skændes sig til brød hos kagekonen ved Elefantapoteket, giver den sidste kage til en spyttet dreng og går ned til havnen, hvor en svensk skipper på den russiske bark “Copégoro” optager ham som “jungmand” mod Leeds. [Time]",2
"Summary #3

I efterårs-Kristiania lever en unavngiven ung forfatter på et ubetalt kvistværelse uden mad eller penge. Ti kroner for en føljeton forsvinder straks, og han mister værelset; han overnatter i skoven og på politistationen, pantsætter sit tæppe, får afslag på alle job og driver rundt i regn og kulde. En tilfældig ekstrabytte i en kolonial giver et enkelt måltid, men artiklerne afvises, og han tygger træflis for at dulme sulten. I vanvidsglimt overvejer han tyveri og prostitution, stjæler til sidst et lys og fem kroner, og skriver under en gadelygte en ufuldendt artikel. En nat bider han sin finger for at holde sig vågen; næste aften møder han den sortklædte “Ylajali” ved St. Olafs Plads og kysser hende ved fontænen. Han lever af tilfældige håndører, et tyveri og en opkastet bøf, skifter mellem selvforagt og flygtig lykke. Efter at have betalt de stjålne penge tilbage og modtaget ti kroner af “Kommandøren” får han husly i “Beværtning & Logi for Rejsende” i Tomtegaden. To gange besøger han Ylajali: første gang bekender han sin fattigdom, anden gang kysser hun ham i halvmørket, men trækker sig, da han vil gå længre. Da han fortæller om sult og tyveri, kalder hun ham “gal”, men siger, at hun “er glad i ham alligevel”. Næste dag ser hende i rød kjole med “Hertugen”; han sværger at bøje hende med sit nye drama. Vinteren kommer, tåget og rå. Han bliver boende på kredit i Vaterland, skriver på en allegori om en ildebrand og på et-akts-middelalderstykket “Korsets Tegn”, men må flytte ned i familiens overfyldte stue og sove på gulvet. Smidt ud driver han på bænke ved Fæstningen, ødelægger sit manuskript og river det itu. Tilbage i logihuset overværer han gennem nøglehullet værtinden med en styrmand, jages ud og får af en bud en anonym konvolut med ti kroner; i raseri kaster han pengene tilbage, falder om og opdager senere, at de må komme fra Ylajali. Han skammer sig, skændes sig til brød hos kagekonen ved Elefantapoteket, giver den sidste kage til en spyttet dreng og går ned til havnen, hvor en svensk skipper på den russiske bark “Copégoro” optager ham som “jungmand” mod Leeds. [Place]",4
"Summary #3

I efterårs-Kristiania lever en unavngiven ung forfatter på et ubetalt kvistværelse uden mad eller penge. Ti kroner for en føljeton forsvinder straks, og han mister værelset; han overnatter i skoven og på politistationen, pantsætter sit tæppe, får afslag på alle job og driver rundt i regn og kulde. En tilfældig ekstrabytte i en kolonial giver et enkelt måltid, men artiklerne afvises, og han tygger træflis for at dulme sulten. I vanvidsglimt overvejer han tyveri og prostitution, stjæler til sidst et lys og fem kroner, og skriver under en gadelygte en ufuldendt artikel. En nat bider han sin finger for at holde sig vågen; næste aften møder han den sortklædte “Ylajali” ved St. Olafs Plads og kysser hende ved fontænen. Han lever af tilfældige håndører, et tyveri og en opkastet bøf, skifter mellem selvforagt og flygtig lykke. Efter at have betalt de stjålne penge tilbage og modtaget ti kroner af “Kommandøren” får han husly i “Beværtning & Logi for Rejsende” i Tomtegaden. To gange besøger han Ylajali: første gang bekender han sin fattigdom, anden gang kysser hun ham i halvmørket, men trækker sig, da han vil gå længre. Da han fortæller om sult og tyveri, kalder hun ham “gal”, men siger, at hun “er glad i ham alligevel”. Næste dag ser hende i rød kjole med “Hertugen”; han sværger at bøje hende med sit nye drama. Vinteren kommer, tåget og rå. Han bliver boende på kredit i Vaterland, skriver på en allegori om en ildebrand og på et-akts-middelalderstykket “Korsets Tegn”, men må flytte ned i familiens overfyldte stue og sove på gulvet. Smidt ud driver han på bænke ved Fæstningen, ødelægger sit manuskript og river det itu. Tilbage i logihuset overværer han gennem nøglehullet værtinden med en styrmand, jages ud og får af en bud en anonym konvolut med ti kroner; i raseri kaster han pengene tilbage, falder om og opdager senere, at de må komme fra Ylajali. Han skammer sig, skændes sig til brød hos kagekonen ved Elefantapoteket, giver den sidste kage til en spyttet dreng og går ned til havnen, hvor en svensk skipper på den russiske bark “Copégoro” optager ham som “jungmand” mod Leeds. [Characters]",4
"Summary #3

I efterårs-Kristiania lever en unavngiven ung forfatter på et ubetalt kvistværelse uden mad eller penge. Ti kroner for en føljeton forsvinder straks, og han mister værelset; han overnatter i skoven og på politistationen, pantsætter sit tæppe, får afslag på alle job og driver rundt i regn og kulde. En tilfældig ekstrabytte i en kolonial giver et enkelt måltid, men artiklerne afvises, og han tygger træflis for at dulme sulten. I vanvidsglimt overvejer han tyveri og prostitution, stjæler til sidst et lys og fem kroner, og skriver under en gadelygte en ufuldendt artikel. En nat bider han sin finger for at holde sig vågen; næste aften møder han den sortklædte “Ylajali” ved St. Olafs Plads og kysser hende ved fontænen. Han lever af tilfældige håndører, et tyveri og en opkastet bøf, skifter mellem selvforagt og flygtig lykke. Efter at have betalt de stjålne penge tilbage og modtaget ti kroner af “Kommandøren” får han husly i “Beværtning & Logi for Rejsende” i Tomtegaden. To gange besøger han Ylajali: første gang bekender han sin fattigdom, anden gang kysser hun ham i halvmørket, men trækker sig, da han vil gå længre. Da han fortæller om sult og tyveri, kalder hun ham “gal”, men siger, at hun “er glad i ham alligevel”. Næste dag ser hende i rød kjole med “Hertugen”; han sværger at bøje hende med sit nye drama. Vinteren kommer, tåget og rå. Han bliver boende på kredit i Vaterland, skriver på en allegori om en ildebrand og på et-akts-middelalderstykket “Korsets Tegn”, men må flytte ned i familiens overfyldte stue og sove på gulvet. Smidt ud driver han på bænke ved Fæstningen, ødelægger sit manuskript og river det itu. Tilbage i logihuset overværer han gennem nøglehullet værtinden med en styrmand, jages ud og får af en bud en anonym konvolut med ti kroner; i raseri kaster han pengene tilbage, falder om og opdager senere, at de må komme fra Ylajali. Han skammer sig, skændes sig til brød hos kagekonen ved Elefantapoteket, giver den sidste kage til en spyttet dreng og går ned til havnen, hvor en svensk skipper på den russiske bark “Copégoro” optager ham som “jungmand” mod Leeds. [Plot]",4
"Summary #3

I efterårs-Kristiania lever en unavngiven ung forfatter på et ubetalt kvistværelse uden mad eller penge. Ti kroner for en føljeton forsvinder straks, og han mister værelset; han overnatter i skoven og på politistationen, pantsætter sit tæppe, får afslag på alle job og driver rundt i regn og kulde. En tilfældig ekstrabytte i en kolonial giver et enkelt måltid, men artiklerne afvises, og han tygger træflis for at dulme sulten. I vanvidsglimt overvejer han tyveri og prostitution, stjæler til sidst et lys og fem kroner, og skriver under en gadelygte en ufuldendt artikel. En nat bider han sin finger for at holde sig vågen; næste aften møder han den sortklædte “Ylajali” ved St. Olafs Plads og kysser hende ved fontænen. Han lever af tilfældige håndører, et tyveri og en opkastet bøf, skifter mellem selvforagt og flygtig lykke. Efter at have betalt de stjålne penge tilbage og modtaget ti kroner af “Kommandøren” får han husly i “Beværtning & Logi for Rejsende” i Tomtegaden. To gange besøger han Ylajali: første gang bekender han sin fattigdom, anden gang kysser hun ham i halvmørket, men trækker sig, da han vil gå længre. Da han fortæller om sult og tyveri, kalder hun ham “gal”, men siger, at hun “er glad i ham alligevel”. Næste dag ser hende i rød kjole med “Hertugen”; han sværger at bøje hende med sit nye drama. Vinteren kommer, tåget og rå. Han bliver boende på kredit i Vaterland, skriver på en allegori om en ildebrand og på et-akts-middelalderstykket “Korsets Tegn”, men må flytte ned i familiens overfyldte stue og sove på gulvet. Smidt ud driver han på bænke ved Fæstningen, ødelægger sit manuskript og river det itu. Tilbage i logihuset overværer han gennem nøglehullet værtinden med en styrmand, jages ud og får af en bud en anonym konvolut med ti kroner; i raseri kaster han pengene tilbage, falder om og opdager senere, at de må komme fra Ylajali. Han skammer sig, skændes sig til brød hos kagekonen ved Elefantapoteket, giver den sidste kage til en spyttet dreng og går ned til havnen, hvor en svensk skipper på den russiske bark “Copégoro” optager ham som “jungmand” mod Leeds. [Themes]",2
novel_id,Mira
"Summary #1

Fortællingen åbner med en moralsk opfordring til ikke at dømme andres livsveje, fordi menneskesjæle udvikler sig forskelligt. Mira vokser op i Norge efter moderens tidlige død, stærkt påvirket af naturens indtryk og med en intens længsel efter skønhed og åndelige idéer. Som ung flytter hun med sin far til en større norsk by og forlover sig med teologistuderende Alf Winter. De gifter sig, men ægteskabet bliver tidligt præget af sårbarhed og mistillid. Efter de får en søn, oplever Mira en altopslugende kærlighed til børnene, mens Winter føler sig tilsidesat. I en norsk fjelddal, hvor Winter arbejder ved en skole, søger Mira samtaler og åndeligt fællesskab med andre, hvilket øger afstanden mellem dem. Senere flytter familien sydpå i Norge, og Miras rastløshed og søgen efter en “højere” forståelse tiltager.

Skæbnen fører dem videre til Amerika, til en nybyggerby præget af spekulation, social råhed og sladder, med prærien som Miras tilbagevendende ensomme rum. Winter bliver missionspræst og knytter sig til en vækkelsespræget retning med møder, sang og syner, hvor han får anerkendelse. Mira frastødes, kommer i dyb tvivl om kristendommen og meningen med livet, læser om sociale reformer og forsøger at skrive; afslag og offentlig hån udløser skam, selvforagt og nervøs uro, mens musik kun giver midlertidig trøst.

Efter en koncert bliver Mira optaget af den unge musiker hr. Gerard, som opsøger hende, og som hun oplever som den første, der ser og forstår hende. Forholdet bliver gradvis mere intimt og grænseoverskridende, og Gerard introducerer tanker om sjælevandring og “tvillingsjæle”, som Mira bruger til at ophøje deres bånd over almindelige normer. Da Gerard pludselig forsvinder, får Mira et brev fra en ukendt “fru S.” med en pakke, hvor hendes gaver og breve returneres, og hun anklages for at have forført ham; i chok og skam brænder hun alt.

Kort efter skriver Winter, at ægteskabet ikke kan fortsætte: han har i den unge Ernestine Helsing fundet den “sande hustru” for sin religiøse gerning og kræver, at Ernestine flytter ind i hjemmet og får indflydelse på børnene, indtil en fremtidig “ordning” findes. I sin dagbog fra prærien beskriver Mira følelsesløshed og ydmygelse, men vender gradvis tilbage til børnene som holdepunkt og forsøger at finde et “nyt liv” gennem selvforglemmende kærlighed og forsoning. Ernestine fremstår for Mira både from og gådefuld; under en sygdomsperiode ser Mira Winters intense hengivenhed ved Ernestines seng og tolker et flygtigt smil hos Ernestine som triumf. Herefter bliver forholdet åbent fjendtligt: Ernestine viser hårdhed mod Mira og børnene, som søger tilflugt hos Mira. Winter bliver samtidig mistænksom, begrænser Miras adgang til penge og lader sig efter Miras opfattelse styre af Ernestine, mens hjemmet fyldes af fanatiske tilhængere, hemmelige samtaler, salmesang og bøn.

Et brud skærpes, da Winter roser Ernestine for at have våget mange nætter hos den dødeligt syge fru Hansen, men enkemanden fortæller Mira, at Ernestine kun var der én af de første nætter. Da Mira forsøger at konfrontere Winter, afviser han hende og erklærer Ernestine urørlig ren. Før en rejse til Cliffton beder Winter Mira om ikke at gøre Ernestine “ondt”. Under hans fravær eksploderer konflikten, da sønnen Tjodolf i raseri truer Ernestine og vil have hende ud; idet Winter uventet vender hjem, skriger Ernestine og falder om, hvilket Mira opfatter som iscenesættelse, mens Winter styrter til. [Fluency]",3
"Summary #1

Fortællingen åbner med en moralsk opfordring til ikke at dømme andres livsveje, fordi menneskesjæle udvikler sig forskelligt. Mira vokser op i Norge efter moderens tidlige død, stærkt påvirket af naturens indtryk og med en intens længsel efter skønhed og åndelige idéer. Som ung flytter hun med sin far til en større norsk by og forlover sig med teologistuderende Alf Winter. De gifter sig, men ægteskabet bliver tidligt præget af sårbarhed og mistillid. Efter de får en søn, oplever Mira en altopslugende kærlighed til børnene, mens Winter føler sig tilsidesat. I en norsk fjelddal, hvor Winter arbejder ved en skole, søger Mira samtaler og åndeligt fællesskab med andre, hvilket øger afstanden mellem dem. Senere flytter familien sydpå i Norge, og Miras rastløshed og søgen efter en “højere” forståelse tiltager.

Skæbnen fører dem videre til Amerika, til en nybyggerby præget af spekulation, social råhed og sladder, med prærien som Miras tilbagevendende ensomme rum. Winter bliver missionspræst og knytter sig til en vækkelsespræget retning med møder, sang og syner, hvor han får anerkendelse. Mira frastødes, kommer i dyb tvivl om kristendommen og meningen med livet, læser om sociale reformer og forsøger at skrive; afslag og offentlig hån udløser skam, selvforagt og nervøs uro, mens musik kun giver midlertidig trøst.

Efter en koncert bliver Mira optaget af den unge musiker hr. Gerard, som opsøger hende, og som hun oplever som den første, der ser og forstår hende. Forholdet bliver gradvis mere intimt og grænseoverskridende, og Gerard introducerer tanker om sjælevandring og “tvillingsjæle”, som Mira bruger til at ophøje deres bånd over almindelige normer. Da Gerard pludselig forsvinder, får Mira et brev fra en ukendt “fru S.” med en pakke, hvor hendes gaver og breve returneres, og hun anklages for at have forført ham; i chok og skam brænder hun alt.

Kort efter skriver Winter, at ægteskabet ikke kan fortsætte: han har i den unge Ernestine Helsing fundet den “sande hustru” for sin religiøse gerning og kræver, at Ernestine flytter ind i hjemmet og får indflydelse på børnene, indtil en fremtidig “ordning” findes. I sin dagbog fra prærien beskriver Mira følelsesløshed og ydmygelse, men vender gradvis tilbage til børnene som holdepunkt og forsøger at finde et “nyt liv” gennem selvforglemmende kærlighed og forsoning. Ernestine fremstår for Mira både from og gådefuld; under en sygdomsperiode ser Mira Winters intense hengivenhed ved Ernestines seng og tolker et flygtigt smil hos Ernestine som triumf. Herefter bliver forholdet åbent fjendtligt: Ernestine viser hårdhed mod Mira og børnene, som søger tilflugt hos Mira. Winter bliver samtidig mistænksom, begrænser Miras adgang til penge og lader sig efter Miras opfattelse styre af Ernestine, mens hjemmet fyldes af fanatiske tilhængere, hemmelige samtaler, salmesang og bøn.

Et brud skærpes, da Winter roser Ernestine for at have våget mange nætter hos den dødeligt syge fru Hansen, men enkemanden fortæller Mira, at Ernestine kun var der én af de første nætter. Da Mira forsøger at konfrontere Winter, afviser han hende og erklærer Ernestine urørlig ren. Før en rejse til Cliffton beder Winter Mira om ikke at gøre Ernestine “ondt”. Under hans fravær eksploderer konflikten, da sønnen Tjodolf i raseri truer Ernestine og vil have hende ud; idet Winter uventet vender hjem, skriger Ernestine og falder om, hvilket Mira opfatter som iscenesættelse, mens Winter styrter til. [Coherence]",3
"Summary #1

Fortællingen åbner med en moralsk opfordring til ikke at dømme andres livsveje, fordi menneskesjæle udvikler sig forskelligt. Mira vokser op i Norge efter moderens tidlige død, stærkt påvirket af naturens indtryk og med en intens længsel efter skønhed og åndelige idéer. Som ung flytter hun med sin far til en større norsk by og forlover sig med teologistuderende Alf Winter. De gifter sig, men ægteskabet bliver tidligt præget af sårbarhed og mistillid. Efter de får en søn, oplever Mira en altopslugende kærlighed til børnene, mens Winter føler sig tilsidesat. I en norsk fjelddal, hvor Winter arbejder ved en skole, søger Mira samtaler og åndeligt fællesskab med andre, hvilket øger afstanden mellem dem. Senere flytter familien sydpå i Norge, og Miras rastløshed og søgen efter en “højere” forståelse tiltager.

Skæbnen fører dem videre til Amerika, til en nybyggerby præget af spekulation, social råhed og sladder, med prærien som Miras tilbagevendende ensomme rum. Winter bliver missionspræst og knytter sig til en vækkelsespræget retning med møder, sang og syner, hvor han får anerkendelse. Mira frastødes, kommer i dyb tvivl om kristendommen og meningen med livet, læser om sociale reformer og forsøger at skrive; afslag og offentlig hån udløser skam, selvforagt og nervøs uro, mens musik kun giver midlertidig trøst.

Efter en koncert bliver Mira optaget af den unge musiker hr. Gerard, som opsøger hende, og som hun oplever som den første, der ser og forstår hende. Forholdet bliver gradvis mere intimt og grænseoverskridende, og Gerard introducerer tanker om sjælevandring og “tvillingsjæle”, som Mira bruger til at ophøje deres bånd over almindelige normer. Da Gerard pludselig forsvinder, får Mira et brev fra en ukendt “fru S.” med en pakke, hvor hendes gaver og breve returneres, og hun anklages for at have forført ham; i chok og skam brænder hun alt.

Kort efter skriver Winter, at ægteskabet ikke kan fortsætte: han har i den unge Ernestine Helsing fundet den “sande hustru” for sin religiøse gerning og kræver, at Ernestine flytter ind i hjemmet og får indflydelse på børnene, indtil en fremtidig “ordning” findes. I sin dagbog fra prærien beskriver Mira følelsesløshed og ydmygelse, men vender gradvis tilbage til børnene som holdepunkt og forsøger at finde et “nyt liv” gennem selvforglemmende kærlighed og forsoning. Ernestine fremstår for Mira både from og gådefuld; under en sygdomsperiode ser Mira Winters intense hengivenhed ved Ernestines seng og tolker et flygtigt smil hos Ernestine som triumf. Herefter bliver forholdet åbent fjendtligt: Ernestine viser hårdhed mod Mira og børnene, som søger tilflugt hos Mira. Winter bliver samtidig mistænksom, begrænser Miras adgang til penge og lader sig efter Miras opfattelse styre af Ernestine, mens hjemmet fyldes af fanatiske tilhængere, hemmelige samtaler, salmesang og bøn.

Et brud skærpes, da Winter roser Ernestine for at have våget mange nætter hos den dødeligt syge fru Hansen, men enkemanden fortæller Mira, at Ernestine kun var der én af de første nætter. Da Mira forsøger at konfrontere Winter, afviser han hende og erklærer Ernestine urørlig ren. Før en rejse til Cliffton beder Winter Mira om ikke at gøre Ernestine “ondt”. Under hans fravær eksploderer konflikten, da sønnen Tjodolf i raseri truer Ernestine og vil have hende ud; idet Winter uventet vender hjem, skriger Ernestine og falder om, hvilket Mira opfatter som iscenesættelse, mens Winter styrter til. [Relevance]",3
"Summary #1

Fortællingen åbner med en moralsk opfordring til ikke at dømme andres livsveje, fordi menneskesjæle udvikler sig forskelligt. Mira vokser op i Norge efter moderens tidlige død, stærkt påvirket af naturens indtryk og med en intens længsel efter skønhed og åndelige idéer. Som ung flytter hun med sin far til en større norsk by og forlover sig med teologistuderende Alf Winter. De gifter sig, men ægteskabet bliver tidligt præget af sårbarhed og mistillid. Efter de får en søn, oplever Mira en altopslugende kærlighed til børnene, mens Winter føler sig tilsidesat. I en norsk fjelddal, hvor Winter arbejder ved en skole, søger Mira samtaler og åndeligt fællesskab med andre, hvilket øger afstanden mellem dem. Senere flytter familien sydpå i Norge, og Miras rastløshed og søgen efter en “højere” forståelse tiltager.

Skæbnen fører dem videre til Amerika, til en nybyggerby præget af spekulation, social råhed og sladder, med prærien som Miras tilbagevendende ensomme rum. Winter bliver missionspræst og knytter sig til en vækkelsespræget retning med møder, sang og syner, hvor han får anerkendelse. Mira frastødes, kommer i dyb tvivl om kristendommen og meningen med livet, læser om sociale reformer og forsøger at skrive; afslag og offentlig hån udløser skam, selvforagt og nervøs uro, mens musik kun giver midlertidig trøst.

Efter en koncert bliver Mira optaget af den unge musiker hr. Gerard, som opsøger hende, og som hun oplever som den første, der ser og forstår hende. Forholdet bliver gradvis mere intimt og grænseoverskridende, og Gerard introducerer tanker om sjælevandring og “tvillingsjæle”, som Mira bruger til at ophøje deres bånd over almindelige normer. Da Gerard pludselig forsvinder, får Mira et brev fra en ukendt “fru S.” med en pakke, hvor hendes gaver og breve returneres, og hun anklages for at have forført ham; i chok og skam brænder hun alt.

Kort efter skriver Winter, at ægteskabet ikke kan fortsætte: han har i den unge Ernestine Helsing fundet den “sande hustru” for sin religiøse gerning og kræver, at Ernestine flytter ind i hjemmet og får indflydelse på børnene, indtil en fremtidig “ordning” findes. I sin dagbog fra prærien beskriver Mira følelsesløshed og ydmygelse, men vender gradvis tilbage til børnene som holdepunkt og forsøger at finde et “nyt liv” gennem selvforglemmende kærlighed og forsoning. Ernestine fremstår for Mira både from og gådefuld; under en sygdomsperiode ser Mira Winters intense hengivenhed ved Ernestines seng og tolker et flygtigt smil hos Ernestine som triumf. Herefter bliver forholdet åbent fjendtligt: Ernestine viser hårdhed mod Mira og børnene, som søger tilflugt hos Mira. Winter bliver samtidig mistænksom, begrænser Miras adgang til penge og lader sig efter Miras opfattelse styre af Ernestine, mens hjemmet fyldes af fanatiske tilhængere, hemmelige samtaler, salmesang og bøn.

Et brud skærpes, da Winter roser Ernestine for at have våget mange nætter hos den dødeligt syge fru Hansen, men enkemanden fortæller Mira, at Ernestine kun var der én af de første nætter. Da Mira forsøger at konfrontere Winter, afviser han hende og erklærer Ernestine urørlig ren. Før en rejse til Cliffton beder Winter Mira om ikke at gøre Ernestine “ondt”. Under hans fravær eksploderer konflikten, da sønnen Tjodolf i raseri truer Ernestine og vil have hende ud; idet Winter uventet vender hjem, skriger Ernestine og falder om, hvilket Mira opfatter som iscenesættelse, mens Winter styrter til. [Factuality]",3
"Summary #1

Fortællingen åbner med en moralsk opfordring til ikke at dømme andres livsveje, fordi menneskesjæle udvikler sig forskelligt. Mira vokser op i Norge efter moderens tidlige død, stærkt påvirket af naturens indtryk og med en intens længsel efter skønhed og åndelige idéer. Som ung flytter hun med sin far til en større norsk by og forlover sig med teologistuderende Alf Winter. De gifter sig, men ægteskabet bliver tidligt præget af sårbarhed og mistillid. Efter de får en søn, oplever Mira en altopslugende kærlighed til børnene, mens Winter føler sig tilsidesat. I en norsk fjelddal, hvor Winter arbejder ved en skole, søger Mira samtaler og åndeligt fællesskab med andre, hvilket øger afstanden mellem dem. Senere flytter familien sydpå i Norge, og Miras rastløshed og søgen efter en “højere” forståelse tiltager.

Skæbnen fører dem videre til Amerika, til en nybyggerby præget af spekulation, social råhed og sladder, med prærien som Miras tilbagevendende ensomme rum. Winter bliver missionspræst og knytter sig til en vækkelsespræget retning med møder, sang og syner, hvor han får anerkendelse. Mira frastødes, kommer i dyb tvivl om kristendommen og meningen med livet, læser om sociale reformer og forsøger at skrive; afslag og offentlig hån udløser skam, selvforagt og nervøs uro, mens musik kun giver midlertidig trøst.

Efter en koncert bliver Mira optaget af den unge musiker hr. Gerard, som opsøger hende, og som hun oplever som den første, der ser og forstår hende. Forholdet bliver gradvis mere intimt og grænseoverskridende, og Gerard introducerer tanker om sjælevandring og “tvillingsjæle”, som Mira bruger til at ophøje deres bånd over almindelige normer. Da Gerard pludselig forsvinder, får Mira et brev fra en ukendt “fru S.” med en pakke, hvor hendes gaver og breve returneres, og hun anklages for at have forført ham; i chok og skam brænder hun alt.

Kort efter skriver Winter, at ægteskabet ikke kan fortsætte: han har i den unge Ernestine Helsing fundet den “sande hustru” for sin religiøse gerning og kræver, at Ernestine flytter ind i hjemmet og får indflydelse på børnene, indtil en fremtidig “ordning” findes. I sin dagbog fra prærien beskriver Mira følelsesløshed og ydmygelse, men vender gradvis tilbage til børnene som holdepunkt og forsøger at finde et “nyt liv” gennem selvforglemmende kærlighed og forsoning. Ernestine fremstår for Mira både from og gådefuld; under en sygdomsperiode ser Mira Winters intense hengivenhed ved Ernestines seng og tolker et flygtigt smil hos Ernestine som triumf. Herefter bliver forholdet åbent fjendtligt: Ernestine viser hårdhed mod Mira og børnene, som søger tilflugt hos Mira. Winter bliver samtidig mistænksom, begrænser Miras adgang til penge og lader sig efter Miras opfattelse styre af Ernestine, mens hjemmet fyldes af fanatiske tilhængere, hemmelige samtaler, salmesang og bøn.

Et brud skærpes, da Winter roser Ernestine for at have våget mange nætter hos den dødeligt syge fru Hansen, men enkemanden fortæller Mira, at Ernestine kun var der én af de første nætter. Da Mira forsøger at konfrontere Winter, afviser han hende og erklærer Ernestine urørlig ren. Før en rejse til Cliffton beder Winter Mira om ikke at gøre Ernestine “ondt”. Under hans fravær eksploderer konflikten, da sønnen Tjodolf i raseri truer Ernestine og vil have hende ud; idet Winter uventet vender hjem, skriger Ernestine og falder om, hvilket Mira opfatter som iscenesættelse, mens Winter styrter til. [Time]",2
"Summary #1

Fortællingen åbner med en moralsk opfordring til ikke at dømme andres livsveje, fordi menneskesjæle udvikler sig forskelligt. Mira vokser op i Norge efter moderens tidlige død, stærkt påvirket af naturens indtryk og med en intens længsel efter skønhed og åndelige idéer. Som ung flytter hun med sin far til en større norsk by og forlover sig med teologistuderende Alf Winter. De gifter sig, men ægteskabet bliver tidligt præget af sårbarhed og mistillid. Efter de får en søn, oplever Mira en altopslugende kærlighed til børnene, mens Winter føler sig tilsidesat. I en norsk fjelddal, hvor Winter arbejder ved en skole, søger Mira samtaler og åndeligt fællesskab med andre, hvilket øger afstanden mellem dem. Senere flytter familien sydpå i Norge, og Miras rastløshed og søgen efter en “højere” forståelse tiltager.

Skæbnen fører dem videre til Amerika, til en nybyggerby præget af spekulation, social råhed og sladder, med prærien som Miras tilbagevendende ensomme rum. Winter bliver missionspræst og knytter sig til en vækkelsespræget retning med møder, sang og syner, hvor han får anerkendelse. Mira frastødes, kommer i dyb tvivl om kristendommen og meningen med livet, læser om sociale reformer og forsøger at skrive; afslag og offentlig hån udløser skam, selvforagt og nervøs uro, mens musik kun giver midlertidig trøst.

Efter en koncert bliver Mira optaget af den unge musiker hr. Gerard, som opsøger hende, og som hun oplever som den første, der ser og forstår hende. Forholdet bliver gradvis mere intimt og grænseoverskridende, og Gerard introducerer tanker om sjælevandring og “tvillingsjæle”, som Mira bruger til at ophøje deres bånd over almindelige normer. Da Gerard pludselig forsvinder, får Mira et brev fra en ukendt “fru S.” med en pakke, hvor hendes gaver og breve returneres, og hun anklages for at have forført ham; i chok og skam brænder hun alt.

Kort efter skriver Winter, at ægteskabet ikke kan fortsætte: han har i den unge Ernestine Helsing fundet den “sande hustru” for sin religiøse gerning og kræver, at Ernestine flytter ind i hjemmet og får indflydelse på børnene, indtil en fremtidig “ordning” findes. I sin dagbog fra prærien beskriver Mira følelsesløshed og ydmygelse, men vender gradvis tilbage til børnene som holdepunkt og forsøger at finde et “nyt liv” gennem selvforglemmende kærlighed og forsoning. Ernestine fremstår for Mira både from og gådefuld; under en sygdomsperiode ser Mira Winters intense hengivenhed ved Ernestines seng og tolker et flygtigt smil hos Ernestine som triumf. Herefter bliver forholdet åbent fjendtligt: Ernestine viser hårdhed mod Mira og børnene, som søger tilflugt hos Mira. Winter bliver samtidig mistænksom, begrænser Miras adgang til penge og lader sig efter Miras opfattelse styre af Ernestine, mens hjemmet fyldes af fanatiske tilhængere, hemmelige samtaler, salmesang og bøn.

Et brud skærpes, da Winter roser Ernestine for at have våget mange nætter hos den dødeligt syge fru Hansen, men enkemanden fortæller Mira, at Ernestine kun var der én af de første nætter. Da Mira forsøger at konfrontere Winter, afviser han hende og erklærer Ernestine urørlig ren. Før en rejse til Cliffton beder Winter Mira om ikke at gøre Ernestine “ondt”. Under hans fravær eksploderer konflikten, da sønnen Tjodolf i raseri truer Ernestine og vil have hende ud; idet Winter uventet vender hjem, skriger Ernestine og falder om, hvilket Mira opfatter som iscenesættelse, mens Winter styrter til. [Place]",5
"Summary #1

Fortællingen åbner med en moralsk opfordring til ikke at dømme andres livsveje, fordi menneskesjæle udvikler sig forskelligt. Mira vokser op i Norge efter moderens tidlige død, stærkt påvirket af naturens indtryk og med en intens længsel efter skønhed og åndelige idéer. Som ung flytter hun med sin far til en større norsk by og forlover sig med teologistuderende Alf Winter. De gifter sig, men ægteskabet bliver tidligt præget af sårbarhed og mistillid. Efter de får en søn, oplever Mira en altopslugende kærlighed til børnene, mens Winter føler sig tilsidesat. I en norsk fjelddal, hvor Winter arbejder ved en skole, søger Mira samtaler og åndeligt fællesskab med andre, hvilket øger afstanden mellem dem. Senere flytter familien sydpå i Norge, og Miras rastløshed og søgen efter en “højere” forståelse tiltager.

Skæbnen fører dem videre til Amerika, til en nybyggerby præget af spekulation, social råhed og sladder, med prærien som Miras tilbagevendende ensomme rum. Winter bliver missionspræst og knytter sig til en vækkelsespræget retning med møder, sang og syner, hvor han får anerkendelse. Mira frastødes, kommer i dyb tvivl om kristendommen og meningen med livet, læser om sociale reformer og forsøger at skrive; afslag og offentlig hån udløser skam, selvforagt og nervøs uro, mens musik kun giver midlertidig trøst.

Efter en koncert bliver Mira optaget af den unge musiker hr. Gerard, som opsøger hende, og som hun oplever som den første, der ser og forstår hende. Forholdet bliver gradvis mere intimt og grænseoverskridende, og Gerard introducerer tanker om sjælevandring og “tvillingsjæle”, som Mira bruger til at ophøje deres bånd over almindelige normer. Da Gerard pludselig forsvinder, får Mira et brev fra en ukendt “fru S.” med en pakke, hvor hendes gaver og breve returneres, og hun anklages for at have forført ham; i chok og skam brænder hun alt.

Kort efter skriver Winter, at ægteskabet ikke kan fortsætte: han har i den unge Ernestine Helsing fundet den “sande hustru” for sin religiøse gerning og kræver, at Ernestine flytter ind i hjemmet og får indflydelse på børnene, indtil en fremtidig “ordning” findes. I sin dagbog fra prærien beskriver Mira følelsesløshed og ydmygelse, men vender gradvis tilbage til børnene som holdepunkt og forsøger at finde et “nyt liv” gennem selvforglemmende kærlighed og forsoning. Ernestine fremstår for Mira både from og gådefuld; under en sygdomsperiode ser Mira Winters intense hengivenhed ved Ernestines seng og tolker et flygtigt smil hos Ernestine som triumf. Herefter bliver forholdet åbent fjendtligt: Ernestine viser hårdhed mod Mira og børnene, som søger tilflugt hos Mira. Winter bliver samtidig mistænksom, begrænser Miras adgang til penge og lader sig efter Miras opfattelse styre af Ernestine, mens hjemmet fyldes af fanatiske tilhængere, hemmelige samtaler, salmesang og bøn.

Et brud skærpes, da Winter roser Ernestine for at have våget mange nætter hos den dødeligt syge fru Hansen, men enkemanden fortæller Mira, at Ernestine kun var der én af de første nætter. Da Mira forsøger at konfrontere Winter, afviser han hende og erklærer Ernestine urørlig ren. Før en rejse til Cliffton beder Winter Mira om ikke at gøre Ernestine “ondt”. Under hans fravær eksploderer konflikten, da sønnen Tjodolf i raseri truer Ernestine og vil have hende ud; idet Winter uventet vender hjem, skriger Ernestine og falder om, hvilket Mira opfatter som iscenesættelse, mens Winter styrter til. [Characters]",5
"Summary #1

Fortællingen åbner med en moralsk opfordring til ikke at dømme andres livsveje, fordi menneskesjæle udvikler sig forskelligt. Mira vokser op i Norge efter moderens tidlige død, stærkt påvirket af naturens indtryk og med en intens længsel efter skønhed og åndelige idéer. Som ung flytter hun med sin far til en større norsk by og forlover sig med teologistuderende Alf Winter. De gifter sig, men ægteskabet bliver tidligt præget af sårbarhed og mistillid. Efter de får en søn, oplever Mira en altopslugende kærlighed til børnene, mens Winter føler sig tilsidesat. I en norsk fjelddal, hvor Winter arbejder ved en skole, søger Mira samtaler og åndeligt fællesskab med andre, hvilket øger afstanden mellem dem. Senere flytter familien sydpå i Norge, og Miras rastløshed og søgen efter en “højere” forståelse tiltager.

Skæbnen fører dem videre til Amerika, til en nybyggerby præget af spekulation, social råhed og sladder, med prærien som Miras tilbagevendende ensomme rum. Winter bliver missionspræst og knytter sig til en vækkelsespræget retning med møder, sang og syner, hvor han får anerkendelse. Mira frastødes, kommer i dyb tvivl om kristendommen og meningen med livet, læser om sociale reformer og forsøger at skrive; afslag og offentlig hån udløser skam, selvforagt og nervøs uro, mens musik kun giver midlertidig trøst.

Efter en koncert bliver Mira optaget af den unge musiker hr. Gerard, som opsøger hende, og som hun oplever som den første, der ser og forstår hende. Forholdet bliver gradvis mere intimt og grænseoverskridende, og Gerard introducerer tanker om sjælevandring og “tvillingsjæle”, som Mira bruger til at ophøje deres bånd over almindelige normer. Da Gerard pludselig forsvinder, får Mira et brev fra en ukendt “fru S.” med en pakke, hvor hendes gaver og breve returneres, og hun anklages for at have forført ham; i chok og skam brænder hun alt.

Kort efter skriver Winter, at ægteskabet ikke kan fortsætte: han har i den unge Ernestine Helsing fundet den “sande hustru” for sin religiøse gerning og kræver, at Ernestine flytter ind i hjemmet og får indflydelse på børnene, indtil en fremtidig “ordning” findes. I sin dagbog fra prærien beskriver Mira følelsesløshed og ydmygelse, men vender gradvis tilbage til børnene som holdepunkt og forsøger at finde et “nyt liv” gennem selvforglemmende kærlighed og forsoning. Ernestine fremstår for Mira både from og gådefuld; under en sygdomsperiode ser Mira Winters intense hengivenhed ved Ernestines seng og tolker et flygtigt smil hos Ernestine som triumf. Herefter bliver forholdet åbent fjendtligt: Ernestine viser hårdhed mod Mira og børnene, som søger tilflugt hos Mira. Winter bliver samtidig mistænksom, begrænser Miras adgang til penge og lader sig efter Miras opfattelse styre af Ernestine, mens hjemmet fyldes af fanatiske tilhængere, hemmelige samtaler, salmesang og bøn.

Et brud skærpes, da Winter roser Ernestine for at have våget mange nætter hos den dødeligt syge fru Hansen, men enkemanden fortæller Mira, at Ernestine kun var der én af de første nætter. Da Mira forsøger at konfrontere Winter, afviser han hende og erklærer Ernestine urørlig ren. Før en rejse til Cliffton beder Winter Mira om ikke at gøre Ernestine “ondt”. Under hans fravær eksploderer konflikten, da sønnen Tjodolf i raseri truer Ernestine og vil have hende ud; idet Winter uventet vender hjem, skriger Ernestine og falder om, hvilket Mira opfatter som iscenesættelse, mens Winter styrter til. [Plot]",3
"Summary #1

Fortællingen åbner med en moralsk opfordring til ikke at dømme andres livsveje, fordi menneskesjæle udvikler sig forskelligt. Mira vokser op i Norge efter moderens tidlige død, stærkt påvirket af naturens indtryk og med en intens længsel efter skønhed og åndelige idéer. Som ung flytter hun med sin far til en større norsk by og forlover sig med teologistuderende Alf Winter. De gifter sig, men ægteskabet bliver tidligt præget af sårbarhed og mistillid. Efter de får en søn, oplever Mira en altopslugende kærlighed til børnene, mens Winter føler sig tilsidesat. I en norsk fjelddal, hvor Winter arbejder ved en skole, søger Mira samtaler og åndeligt fællesskab med andre, hvilket øger afstanden mellem dem. Senere flytter familien sydpå i Norge, og Miras rastløshed og søgen efter en “højere” forståelse tiltager.

Skæbnen fører dem videre til Amerika, til en nybyggerby præget af spekulation, social råhed og sladder, med prærien som Miras tilbagevendende ensomme rum. Winter bliver missionspræst og knytter sig til en vækkelsespræget retning med møder, sang og syner, hvor han får anerkendelse. Mira frastødes, kommer i dyb tvivl om kristendommen og meningen med livet, læser om sociale reformer og forsøger at skrive; afslag og offentlig hån udløser skam, selvforagt og nervøs uro, mens musik kun giver midlertidig trøst.

Efter en koncert bliver Mira optaget af den unge musiker hr. Gerard, som opsøger hende, og som hun oplever som den første, der ser og forstår hende. Forholdet bliver gradvis mere intimt og grænseoverskridende, og Gerard introducerer tanker om sjælevandring og “tvillingsjæle”, som Mira bruger til at ophøje deres bånd over almindelige normer. Da Gerard pludselig forsvinder, får Mira et brev fra en ukendt “fru S.” med en pakke, hvor hendes gaver og breve returneres, og hun anklages for at have forført ham; i chok og skam brænder hun alt.

Kort efter skriver Winter, at ægteskabet ikke kan fortsætte: han har i den unge Ernestine Helsing fundet den “sande hustru” for sin religiøse gerning og kræver, at Ernestine flytter ind i hjemmet og får indflydelse på børnene, indtil en fremtidig “ordning” findes. I sin dagbog fra prærien beskriver Mira følelsesløshed og ydmygelse, men vender gradvis tilbage til børnene som holdepunkt og forsøger at finde et “nyt liv” gennem selvforglemmende kærlighed og forsoning. Ernestine fremstår for Mira både from og gådefuld; under en sygdomsperiode ser Mira Winters intense hengivenhed ved Ernestines seng og tolker et flygtigt smil hos Ernestine som triumf. Herefter bliver forholdet åbent fjendtligt: Ernestine viser hårdhed mod Mira og børnene, som søger tilflugt hos Mira. Winter bliver samtidig mistænksom, begrænser Miras adgang til penge og lader sig efter Miras opfattelse styre af Ernestine, mens hjemmet fyldes af fanatiske tilhængere, hemmelige samtaler, salmesang og bøn.

Et brud skærpes, da Winter roser Ernestine for at have våget mange nætter hos den dødeligt syge fru Hansen, men enkemanden fortæller Mira, at Ernestine kun var der én af de første nætter. Da Mira forsøger at konfrontere Winter, afviser han hende og erklærer Ernestine urørlig ren. Før en rejse til Cliffton beder Winter Mira om ikke at gøre Ernestine “ondt”. Under hans fravær eksploderer konflikten, da sønnen Tjodolf i raseri truer Ernestine og vil have hende ud; idet Winter uventet vender hjem, skriger Ernestine og falder om, hvilket Mira opfatter som iscenesættelse, mens Winter styrter til. [Themes]",2
"Summary #2

Romanen udspiller sig i slutningen af 1800‑tallet og foregår hovedsageligt i hjemmet: Miras stuer, Alfs værelse og Ernestines rum. Hovedpersonerne er Mira Winter, hendes ægtemand præsten Alf Winter, den unge fromme Ernestine Helsing og familiens børn, herunder sønnen Tjodolf og datteren Inga.

Handlingen følger, hvordan Ernestines indtræden i familien gradvis ændrer familiens dynamik. Natlige og daglige scener viser Alfs dybe hengivenhed og ængstelse over for Ernestine, mens Mira sitter ved hendes leje med blandede følelser af medfølelse, mistanke og voksende fjendtlighed. Et kort, flygtigt smil på Ernestines læber tolkes af Mira som tegn på en skjult, farlig natur, og Mira genfinder beslutsomhed til at beskytte børnene og modsætte sig Ernestines formodede magt.

Daglige små forandringer understreger spændingen: Alf bliver rastløs og skiftevis henført og mistænksom; han begynder at blande sig i husholdningens økonomi og vaner, som hidtil lå hos Mira; børnene bliver bange og søger tilflugt hos moderen; Mira må skjule indkøb til dem. Alf fremhæver Ernestines påståede pleje af syge kvinder som tegn på overnaturlig styrke, men Mira opdager, at Fru Hansen døde uden at Ernestine havde vaget hos hende, og frygter at afsløre løgnen.

Konflikten kulminerer i et dramatisk møde, da Tjodolf truer Ernestine; hun beder om nåde og besvimer pludseligt. Alf bryder ind, bærer hende bort og erklærer, at Ernestine er ren og gudbenådet; han fordrer Miras tålmodighed og meddel­er, at han må rejse til Clifton, idet han pålægger Mira at skåne Ernestine i hans fravær. Mira oplever ydmygelse, men også en ny styrke; hun beslutter at vie sig til moderens og husets pligter og at kæmpe for børnenes fred.

Et centralt afsnit er Miras visionære drøm, der fremviser menneskehedens sociale elendighed — landstryge, udbyttede arbejdere, luksus og fattigdom, fabriksarbejde, prostitution, krig — og ender i en form for genfødsel gennem tjenende kærlighed og martyrdom. Visionen fører Mira til ydmyghed og et praktisk løfte om tjeneste.

Afsnittet slutter med tidens gang: Mira afholder sig fra fortiden, modtager et opløftende brev fra Inga om hjælp og uddannelse, og indfinder sig i en ny indre ro og beslutsomhed om at gøre hjemmet til centrum for sin kærlighed og for familiens overlevelse. Temaerne omfatter konflikten mellem åndelig hengivenhed og hjemmets pligter, jalousi og mistanke, ofring og bod, moderens beskyttende rolle og en voksende social samvittighed. [Fluency]",3
"Summary #2

Romanen udspiller sig i slutningen af 1800‑tallet og foregår hovedsageligt i hjemmet: Miras stuer, Alfs værelse og Ernestines rum. Hovedpersonerne er Mira Winter, hendes ægtemand præsten Alf Winter, den unge fromme Ernestine Helsing og familiens børn, herunder sønnen Tjodolf og datteren Inga.

Handlingen følger, hvordan Ernestines indtræden i familien gradvis ændrer familiens dynamik. Natlige og daglige scener viser Alfs dybe hengivenhed og ængstelse over for Ernestine, mens Mira sitter ved hendes leje med blandede følelser af medfølelse, mistanke og voksende fjendtlighed. Et kort, flygtigt smil på Ernestines læber tolkes af Mira som tegn på en skjult, farlig natur, og Mira genfinder beslutsomhed til at beskytte børnene og modsætte sig Ernestines formodede magt.

Daglige små forandringer understreger spændingen: Alf bliver rastløs og skiftevis henført og mistænksom; han begynder at blande sig i husholdningens økonomi og vaner, som hidtil lå hos Mira; børnene bliver bange og søger tilflugt hos moderen; Mira må skjule indkøb til dem. Alf fremhæver Ernestines påståede pleje af syge kvinder som tegn på overnaturlig styrke, men Mira opdager, at Fru Hansen døde uden at Ernestine havde vaget hos hende, og frygter at afsløre løgnen.

Konflikten kulminerer i et dramatisk møde, da Tjodolf truer Ernestine; hun beder om nåde og besvimer pludseligt. Alf bryder ind, bærer hende bort og erklærer, at Ernestine er ren og gudbenådet; han fordrer Miras tålmodighed og meddel­er, at han må rejse til Clifton, idet han pålægger Mira at skåne Ernestine i hans fravær. Mira oplever ydmygelse, men også en ny styrke; hun beslutter at vie sig til moderens og husets pligter og at kæmpe for børnenes fred.

Et centralt afsnit er Miras visionære drøm, der fremviser menneskehedens sociale elendighed — landstryge, udbyttede arbejdere, luksus og fattigdom, fabriksarbejde, prostitution, krig — og ender i en form for genfødsel gennem tjenende kærlighed og martyrdom. Visionen fører Mira til ydmyghed og et praktisk løfte om tjeneste.

Afsnittet slutter med tidens gang: Mira afholder sig fra fortiden, modtager et opløftende brev fra Inga om hjælp og uddannelse, og indfinder sig i en ny indre ro og beslutsomhed om at gøre hjemmet til centrum for sin kærlighed og for familiens overlevelse. Temaerne omfatter konflikten mellem åndelig hengivenhed og hjemmets pligter, jalousi og mistanke, ofring og bod, moderens beskyttende rolle og en voksende social samvittighed. [Coherence]",4
"Summary #2

Romanen udspiller sig i slutningen af 1800‑tallet og foregår hovedsageligt i hjemmet: Miras stuer, Alfs værelse og Ernestines rum. Hovedpersonerne er Mira Winter, hendes ægtemand præsten Alf Winter, den unge fromme Ernestine Helsing og familiens børn, herunder sønnen Tjodolf og datteren Inga.

Handlingen følger, hvordan Ernestines indtræden i familien gradvis ændrer familiens dynamik. Natlige og daglige scener viser Alfs dybe hengivenhed og ængstelse over for Ernestine, mens Mira sitter ved hendes leje med blandede følelser af medfølelse, mistanke og voksende fjendtlighed. Et kort, flygtigt smil på Ernestines læber tolkes af Mira som tegn på en skjult, farlig natur, og Mira genfinder beslutsomhed til at beskytte børnene og modsætte sig Ernestines formodede magt.

Daglige små forandringer understreger spændingen: Alf bliver rastløs og skiftevis henført og mistænksom; han begynder at blande sig i husholdningens økonomi og vaner, som hidtil lå hos Mira; børnene bliver bange og søger tilflugt hos moderen; Mira må skjule indkøb til dem. Alf fremhæver Ernestines påståede pleje af syge kvinder som tegn på overnaturlig styrke, men Mira opdager, at Fru Hansen døde uden at Ernestine havde vaget hos hende, og frygter at afsløre løgnen.

Konflikten kulminerer i et dramatisk møde, da Tjodolf truer Ernestine; hun beder om nåde og besvimer pludseligt. Alf bryder ind, bærer hende bort og erklærer, at Ernestine er ren og gudbenådet; han fordrer Miras tålmodighed og meddel­er, at han må rejse til Clifton, idet han pålægger Mira at skåne Ernestine i hans fravær. Mira oplever ydmygelse, men også en ny styrke; hun beslutter at vie sig til moderens og husets pligter og at kæmpe for børnenes fred.

Et centralt afsnit er Miras visionære drøm, der fremviser menneskehedens sociale elendighed — landstryge, udbyttede arbejdere, luksus og fattigdom, fabriksarbejde, prostitution, krig — og ender i en form for genfødsel gennem tjenende kærlighed og martyrdom. Visionen fører Mira til ydmyghed og et praktisk løfte om tjeneste.

Afsnittet slutter med tidens gang: Mira afholder sig fra fortiden, modtager et opløftende brev fra Inga om hjælp og uddannelse, og indfinder sig i en ny indre ro og beslutsomhed om at gøre hjemmet til centrum for sin kærlighed og for familiens overlevelse. Temaerne omfatter konflikten mellem åndelig hengivenhed og hjemmets pligter, jalousi og mistanke, ofring og bod, moderens beskyttende rolle og en voksende social samvittighed. [Relevance]",2
"Summary #2

Romanen udspiller sig i slutningen af 1800‑tallet og foregår hovedsageligt i hjemmet: Miras stuer, Alfs værelse og Ernestines rum. Hovedpersonerne er Mira Winter, hendes ægtemand præsten Alf Winter, den unge fromme Ernestine Helsing og familiens børn, herunder sønnen Tjodolf og datteren Inga.

Handlingen følger, hvordan Ernestines indtræden i familien gradvis ændrer familiens dynamik. Natlige og daglige scener viser Alfs dybe hengivenhed og ængstelse over for Ernestine, mens Mira sitter ved hendes leje med blandede følelser af medfølelse, mistanke og voksende fjendtlighed. Et kort, flygtigt smil på Ernestines læber tolkes af Mira som tegn på en skjult, farlig natur, og Mira genfinder beslutsomhed til at beskytte børnene og modsætte sig Ernestines formodede magt.

Daglige små forandringer understreger spændingen: Alf bliver rastløs og skiftevis henført og mistænksom; han begynder at blande sig i husholdningens økonomi og vaner, som hidtil lå hos Mira; børnene bliver bange og søger tilflugt hos moderen; Mira må skjule indkøb til dem. Alf fremhæver Ernestines påståede pleje af syge kvinder som tegn på overnaturlig styrke, men Mira opdager, at Fru Hansen døde uden at Ernestine havde vaget hos hende, og frygter at afsløre løgnen.

Konflikten kulminerer i et dramatisk møde, da Tjodolf truer Ernestine; hun beder om nåde og besvimer pludseligt. Alf bryder ind, bærer hende bort og erklærer, at Ernestine er ren og gudbenådet; han fordrer Miras tålmodighed og meddel­er, at han må rejse til Clifton, idet han pålægger Mira at skåne Ernestine i hans fravær. Mira oplever ydmygelse, men også en ny styrke; hun beslutter at vie sig til moderens og husets pligter og at kæmpe for børnenes fred.

Et centralt afsnit er Miras visionære drøm, der fremviser menneskehedens sociale elendighed — landstryge, udbyttede arbejdere, luksus og fattigdom, fabriksarbejde, prostitution, krig — og ender i en form for genfødsel gennem tjenende kærlighed og martyrdom. Visionen fører Mira til ydmyghed og et praktisk løfte om tjeneste.

Afsnittet slutter med tidens gang: Mira afholder sig fra fortiden, modtager et opløftende brev fra Inga om hjælp og uddannelse, og indfinder sig i en ny indre ro og beslutsomhed om at gøre hjemmet til centrum for sin kærlighed og for familiens overlevelse. Temaerne omfatter konflikten mellem åndelig hengivenhed og hjemmets pligter, jalousi og mistanke, ofring og bod, moderens beskyttende rolle og en voksende social samvittighed. [Factuality]",3
"Summary #2

Romanen udspiller sig i slutningen af 1800‑tallet og foregår hovedsageligt i hjemmet: Miras stuer, Alfs værelse og Ernestines rum. Hovedpersonerne er Mira Winter, hendes ægtemand præsten Alf Winter, den unge fromme Ernestine Helsing og familiens børn, herunder sønnen Tjodolf og datteren Inga.

Handlingen følger, hvordan Ernestines indtræden i familien gradvis ændrer familiens dynamik. Natlige og daglige scener viser Alfs dybe hengivenhed og ængstelse over for Ernestine, mens Mira sitter ved hendes leje med blandede følelser af medfølelse, mistanke og voksende fjendtlighed. Et kort, flygtigt smil på Ernestines læber tolkes af Mira som tegn på en skjult, farlig natur, og Mira genfinder beslutsomhed til at beskytte børnene og modsætte sig Ernestines formodede magt.

Daglige små forandringer understreger spændingen: Alf bliver rastløs og skiftevis henført og mistænksom; han begynder at blande sig i husholdningens økonomi og vaner, som hidtil lå hos Mira; børnene bliver bange og søger tilflugt hos moderen; Mira må skjule indkøb til dem. Alf fremhæver Ernestines påståede pleje af syge kvinder som tegn på overnaturlig styrke, men Mira opdager, at Fru Hansen døde uden at Ernestine havde vaget hos hende, og frygter at afsløre løgnen.

Konflikten kulminerer i et dramatisk møde, da Tjodolf truer Ernestine; hun beder om nåde og besvimer pludseligt. Alf bryder ind, bærer hende bort og erklærer, at Ernestine er ren og gudbenådet; han fordrer Miras tålmodighed og meddel­er, at han må rejse til Clifton, idet han pålægger Mira at skåne Ernestine i hans fravær. Mira oplever ydmygelse, men også en ny styrke; hun beslutter at vie sig til moderens og husets pligter og at kæmpe for børnenes fred.

Et centralt afsnit er Miras visionære drøm, der fremviser menneskehedens sociale elendighed — landstryge, udbyttede arbejdere, luksus og fattigdom, fabriksarbejde, prostitution, krig — og ender i en form for genfødsel gennem tjenende kærlighed og martyrdom. Visionen fører Mira til ydmyghed og et praktisk løfte om tjeneste.

Afsnittet slutter med tidens gang: Mira afholder sig fra fortiden, modtager et opløftende brev fra Inga om hjælp og uddannelse, og indfinder sig i en ny indre ro og beslutsomhed om at gøre hjemmet til centrum for sin kærlighed og for familiens overlevelse. Temaerne omfatter konflikten mellem åndelig hengivenhed og hjemmets pligter, jalousi og mistanke, ofring og bod, moderens beskyttende rolle og en voksende social samvittighed. [Time ]",5
"Summary #2

Romanen udspiller sig i slutningen af 1800‑tallet og foregår hovedsageligt i hjemmet: Miras stuer, Alfs værelse og Ernestines rum. Hovedpersonerne er Mira Winter, hendes ægtemand præsten Alf Winter, den unge fromme Ernestine Helsing og familiens børn, herunder sønnen Tjodolf og datteren Inga.

Handlingen følger, hvordan Ernestines indtræden i familien gradvis ændrer familiens dynamik. Natlige og daglige scener viser Alfs dybe hengivenhed og ængstelse over for Ernestine, mens Mira sitter ved hendes leje med blandede følelser af medfølelse, mistanke og voksende fjendtlighed. Et kort, flygtigt smil på Ernestines læber tolkes af Mira som tegn på en skjult, farlig natur, og Mira genfinder beslutsomhed til at beskytte børnene og modsætte sig Ernestines formodede magt.

Daglige små forandringer understreger spændingen: Alf bliver rastløs og skiftevis henført og mistænksom; han begynder at blande sig i husholdningens økonomi og vaner, som hidtil lå hos Mira; børnene bliver bange og søger tilflugt hos moderen; Mira må skjule indkøb til dem. Alf fremhæver Ernestines påståede pleje af syge kvinder som tegn på overnaturlig styrke, men Mira opdager, at Fru Hansen døde uden at Ernestine havde vaget hos hende, og frygter at afsløre løgnen.

Konflikten kulminerer i et dramatisk møde, da Tjodolf truer Ernestine; hun beder om nåde og besvimer pludseligt. Alf bryder ind, bærer hende bort og erklærer, at Ernestine er ren og gudbenådet; han fordrer Miras tålmodighed og meddel­er, at han må rejse til Clifton, idet han pålægger Mira at skåne Ernestine i hans fravær. Mira oplever ydmygelse, men også en ny styrke; hun beslutter at vie sig til moderens og husets pligter og at kæmpe for børnenes fred.

Et centralt afsnit er Miras visionære drøm, der fremviser menneskehedens sociale elendighed — landstryge, udbyttede arbejdere, luksus og fattigdom, fabriksarbejde, prostitution, krig — og ender i en form for genfødsel gennem tjenende kærlighed og martyrdom. Visionen fører Mira til ydmyghed og et praktisk løfte om tjeneste.

Afsnittet slutter med tidens gang: Mira afholder sig fra fortiden, modtager et opløftende brev fra Inga om hjælp og uddannelse, og indfinder sig i en ny indre ro og beslutsomhed om at gøre hjemmet til centrum for sin kærlighed og for familiens overlevelse. Temaerne omfatter konflikten mellem åndelig hengivenhed og hjemmets pligter, jalousi og mistanke, ofring og bod, moderens beskyttende rolle og en voksende social samvittighed. [Place]",1
"Summary #2

Romanen udspiller sig i slutningen af 1800‑tallet og foregår hovedsageligt i hjemmet: Miras stuer, Alfs værelse og Ernestines rum. Hovedpersonerne er Mira Winter, hendes ægtemand præsten Alf Winter, den unge fromme Ernestine Helsing og familiens børn, herunder sønnen Tjodolf og datteren Inga.

Handlingen følger, hvordan Ernestines indtræden i familien gradvis ændrer familiens dynamik. Natlige og daglige scener viser Alfs dybe hengivenhed og ængstelse over for Ernestine, mens Mira sitter ved hendes leje med blandede følelser af medfølelse, mistanke og voksende fjendtlighed. Et kort, flygtigt smil på Ernestines læber tolkes af Mira som tegn på en skjult, farlig natur, og Mira genfinder beslutsomhed til at beskytte børnene og modsætte sig Ernestines formodede magt.

Daglige små forandringer understreger spændingen: Alf bliver rastløs og skiftevis henført og mistænksom; han begynder at blande sig i husholdningens økonomi og vaner, som hidtil lå hos Mira; børnene bliver bange og søger tilflugt hos moderen; Mira må skjule indkøb til dem. Alf fremhæver Ernestines påståede pleje af syge kvinder som tegn på overnaturlig styrke, men Mira opdager, at Fru Hansen døde uden at Ernestine havde vaget hos hende, og frygter at afsløre løgnen.

Konflikten kulminerer i et dramatisk møde, da Tjodolf truer Ernestine; hun beder om nåde og besvimer pludseligt. Alf bryder ind, bærer hende bort og erklærer, at Ernestine er ren og gudbenådet; han fordrer Miras tålmodighed og meddel­er, at han må rejse til Clifton, idet han pålægger Mira at skåne Ernestine i hans fravær. Mira oplever ydmygelse, men også en ny styrke; hun beslutter at vie sig til moderens og husets pligter og at kæmpe for børnenes fred.

Et centralt afsnit er Miras visionære drøm, der fremviser menneskehedens sociale elendighed — landstryge, udbyttede arbejdere, luksus og fattigdom, fabriksarbejde, prostitution, krig — og ender i en form for genfødsel gennem tjenende kærlighed og martyrdom. Visionen fører Mira til ydmyghed og et praktisk løfte om tjeneste.

Afsnittet slutter med tidens gang: Mira afholder sig fra fortiden, modtager et opløftende brev fra Inga om hjælp og uddannelse, og indfinder sig i en ny indre ro og beslutsomhed om at gøre hjemmet til centrum for sin kærlighed og for familiens overlevelse. Temaerne omfatter konflikten mellem åndelig hengivenhed og hjemmets pligter, jalousi og mistanke, ofring og bod, moderens beskyttende rolle og en voksende social samvittighed. [Characters]",3
"Summary #2

Romanen udspiller sig i slutningen af 1800‑tallet og foregår hovedsageligt i hjemmet: Miras stuer, Alfs værelse og Ernestines rum. Hovedpersonerne er Mira Winter, hendes ægtemand præsten Alf Winter, den unge fromme Ernestine Helsing og familiens børn, herunder sønnen Tjodolf og datteren Inga.

Handlingen følger, hvordan Ernestines indtræden i familien gradvis ændrer familiens dynamik. Natlige og daglige scener viser Alfs dybe hengivenhed og ængstelse over for Ernestine, mens Mira sitter ved hendes leje med blandede følelser af medfølelse, mistanke og voksende fjendtlighed. Et kort, flygtigt smil på Ernestines læber tolkes af Mira som tegn på en skjult, farlig natur, og Mira genfinder beslutsomhed til at beskytte børnene og modsætte sig Ernestines formodede magt.

Daglige små forandringer understreger spændingen: Alf bliver rastløs og skiftevis henført og mistænksom; han begynder at blande sig i husholdningens økonomi og vaner, som hidtil lå hos Mira; børnene bliver bange og søger tilflugt hos moderen; Mira må skjule indkøb til dem. Alf fremhæver Ernestines påståede pleje af syge kvinder som tegn på overnaturlig styrke, men Mira opdager, at Fru Hansen døde uden at Ernestine havde vaget hos hende, og frygter at afsløre løgnen.

Konflikten kulminerer i et dramatisk møde, da Tjodolf truer Ernestine; hun beder om nåde og besvimer pludseligt. Alf bryder ind, bærer hende bort og erklærer, at Ernestine er ren og gudbenådet; han fordrer Miras tålmodighed og meddel­er, at han må rejse til Clifton, idet han pålægger Mira at skåne Ernestine i hans fravær. Mira oplever ydmygelse, men også en ny styrke; hun beslutter at vie sig til moderens og husets pligter og at kæmpe for børnenes fred.

Et centralt afsnit er Miras visionære drøm, der fremviser menneskehedens sociale elendighed — landstryge, udbyttede arbejdere, luksus og fattigdom, fabriksarbejde, prostitution, krig — og ender i en form for genfødsel gennem tjenende kærlighed og martyrdom. Visionen fører Mira til ydmyghed og et praktisk løfte om tjeneste.

Afsnittet slutter med tidens gang: Mira afholder sig fra fortiden, modtager et opløftende brev fra Inga om hjælp og uddannelse, og indfinder sig i en ny indre ro og beslutsomhed om at gøre hjemmet til centrum for sin kærlighed og for familiens overlevelse. Temaerne omfatter konflikten mellem åndelig hengivenhed og hjemmets pligter, jalousi og mistanke, ofring og bod, moderens beskyttende rolle og en voksende social samvittighed. [Plot]",3
"Summary #2

Romanen udspiller sig i slutningen af 1800‑tallet og foregår hovedsageligt i hjemmet: Miras stuer, Alfs værelse og Ernestines rum. Hovedpersonerne er Mira Winter, hendes ægtemand præsten Alf Winter, den unge fromme Ernestine Helsing og familiens børn, herunder sønnen Tjodolf og datteren Inga.

Handlingen følger, hvordan Ernestines indtræden i familien gradvis ændrer familiens dynamik. Natlige og daglige scener viser Alfs dybe hengivenhed og ængstelse over for Ernestine, mens Mira sitter ved hendes leje med blandede følelser af medfølelse, mistanke og voksende fjendtlighed. Et kort, flygtigt smil på Ernestines læber tolkes af Mira som tegn på en skjult, farlig natur, og Mira genfinder beslutsomhed til at beskytte børnene og modsætte sig Ernestines formodede magt.

Daglige små forandringer understreger spændingen: Alf bliver rastløs og skiftevis henført og mistænksom; han begynder at blande sig i husholdningens økonomi og vaner, som hidtil lå hos Mira; børnene bliver bange og søger tilflugt hos moderen; Mira må skjule indkøb til dem. Alf fremhæver Ernestines påståede pleje af syge kvinder som tegn på overnaturlig styrke, men Mira opdager, at Fru Hansen døde uden at Ernestine havde vaget hos hende, og frygter at afsløre løgnen.

Konflikten kulminerer i et dramatisk møde, da Tjodolf truer Ernestine; hun beder om nåde og besvimer pludseligt. Alf bryder ind, bærer hende bort og erklærer, at Ernestine er ren og gudbenådet; han fordrer Miras tålmodighed og meddel­er, at han må rejse til Clifton, idet han pålægger Mira at skåne Ernestine i hans fravær. Mira oplever ydmygelse, men også en ny styrke; hun beslutter at vie sig til moderens og husets pligter og at kæmpe for børnenes fred.

Et centralt afsnit er Miras visionære drøm, der fremviser menneskehedens sociale elendighed — landstryge, udbyttede arbejdere, luksus og fattigdom, fabriksarbejde, prostitution, krig — og ender i en form for genfødsel gennem tjenende kærlighed og martyrdom. Visionen fører Mira til ydmyghed og et praktisk løfte om tjeneste.

Afsnittet slutter med tidens gang: Mira afholder sig fra fortiden, modtager et opløftende brev fra Inga om hjælp og uddannelse, og indfinder sig i en ny indre ro og beslutsomhed om at gøre hjemmet til centrum for sin kærlighed og for familiens overlevelse. Temaerne omfatter konflikten mellem åndelig hengivenhed og hjemmets pligter, jalousi og mistanke, ofring og bod, moderens beskyttende rolle og en voksende social samvittighed. [Themes]",4
"Summary #3

Under den fransk-tyske krig vokser Mira op i Norge; moderen dør tidligt. Sekstenårig forelsker hun sig i den idealistiske teologistuderende Alf Winter, og de gifter sig, men ægteskabet viser sig hurtigt at være præget af hans ulykkelige første kærlighed og hendes skuffede drømme. Fødslen af en søn giver Mira ny livsglæde, men skubber manden i baggrunden. Da Alf får lærerembede i en fjelddal, vækkes Miras åndsliv af lærer Helgesens foredrag, og hun udvikler sig til selvstændig kvinde, mens Alf trækker sig ind i teologiske drømme og lange sommertogter.

Parret udvandrer til en prærieby i Amerika, hvor Alf virker som missionspræst blandt fattige emigranter. Mira føler sig fremmed i det rå, materialistiske samfund og isoleres yderligere, da Alf søger trøst i religiøse ekstaser og beundrer den selvopofrende Ernestine Helsing. I dyb ensomhed og tvivl om kristendommens sandhed søger Mira mening gennem sociale reformidéer og skønlitteratur, men oplever åndeligt sammenbrud, da manuskripter afvises. En koncert fører pianisten Gerard ind i hendes liv; hans musik og forståelse vækker hende på ny, og de indleder et fortroligt, følelsesladet venskab, der foregår i stille aftener, mens Alf er på rejse eller optaget af menighedsmøder.

Alf beder Mira tage imod Ernestine i hjemmet; Mira oplever den anden kvindes dragende, frastødende magt og genkender mandens beundring. Ernestine sygner i hjemmet, og Alf kræver, at hun flytter ind som hans “sjæls hustru”; samtidig afbryder Gerards forlovedes familie al kontakt mellem Mira og ham ved et hånende brev. Mira kastes ud i fortvivlelse og isolation; kun børnenes uskyldige kærlighed giver hende et svagt holdepunkt. Hun aner Ernestines dobbeltspil og manipulationer, men er magtesløs over for den magt, kvinden har over både Alf og hende selv; Alf vokser mistroisk og økonomisk kontrollerende over for Mira, mens Ernestine nu åbent udfordrer hende.

Under Ernestines påståede dødelige sygdom afslører Mira et hemmeligt triumferende smil på hendes læber; Mira indser, at Ernestine spiller på Alfs frygt og kærlighed, og at hendes egen plads i hjemmet er blevet en kampplads. Alfs mistro vokser til åben fjendtlighed; han kontrollerer pengene, anklager Mira for ødselhed og for at forfølge Ernestine. Da sønnen Tjodolf i raseri truer med at kaste Ernestine ud, lader hun sig synke bevidstløs i Alfs ankomstøjeblik; Alf beskylder Mira for at dræbe hende. Mira indser, at hun må bære børnene bort fra huset for at redde dem. Hun begynder en streng selvafstraffelse: lever sparsomt, arbejder for fattige, skjuler sandheden for børnene og skriver ned alle beviser mod Ernestine. Alf afviser enhver anklage mod Ernestine og truer med at forlade Mira, hvis hun fortsætter. I en drøm vises Mira jordens nød, rigdommens tomhed og fremtidens sociale sammenbrud; hun forstår, at kun kærlighed og selvfornegtelse giver evigt liv. Hun vælger tavshed og tjeneste, indtil børnene er ude af fare, og lever nu i bjergene i ydmyg afsoning, omgivet af deres kærlighed og visheden om, at hendes vej er ret. [Fluency]",2
"Summary #3

Under den fransk-tyske krig vokser Mira op i Norge; moderen dør tidligt. Sekstenårig forelsker hun sig i den idealistiske teologistuderende Alf Winter, og de gifter sig, men ægteskabet viser sig hurtigt at være præget af hans ulykkelige første kærlighed og hendes skuffede drømme. Fødslen af en søn giver Mira ny livsglæde, men skubber manden i baggrunden. Da Alf får lærerembede i en fjelddal, vækkes Miras åndsliv af lærer Helgesens foredrag, og hun udvikler sig til selvstændig kvinde, mens Alf trækker sig ind i teologiske drømme og lange sommertogter.

Parret udvandrer til en prærieby i Amerika, hvor Alf virker som missionspræst blandt fattige emigranter. Mira føler sig fremmed i det rå, materialistiske samfund og isoleres yderligere, da Alf søger trøst i religiøse ekstaser og beundrer den selvopofrende Ernestine Helsing. I dyb ensomhed og tvivl om kristendommens sandhed søger Mira mening gennem sociale reformidéer og skønlitteratur, men oplever åndeligt sammenbrud, da manuskripter afvises. En koncert fører pianisten Gerard ind i hendes liv; hans musik og forståelse vækker hende på ny, og de indleder et fortroligt, følelsesladet venskab, der foregår i stille aftener, mens Alf er på rejse eller optaget af menighedsmøder.

Alf beder Mira tage imod Ernestine i hjemmet; Mira oplever den anden kvindes dragende, frastødende magt og genkender mandens beundring. Ernestine sygner i hjemmet, og Alf kræver, at hun flytter ind som hans “sjæls hustru”; samtidig afbryder Gerards forlovedes familie al kontakt mellem Mira og ham ved et hånende brev. Mira kastes ud i fortvivlelse og isolation; kun børnenes uskyldige kærlighed giver hende et svagt holdepunkt. Hun aner Ernestines dobbeltspil og manipulationer, men er magtesløs over for den magt, kvinden har over både Alf og hende selv; Alf vokser mistroisk og økonomisk kontrollerende over for Mira, mens Ernestine nu åbent udfordrer hende.

Under Ernestines påståede dødelige sygdom afslører Mira et hemmeligt triumferende smil på hendes læber; Mira indser, at Ernestine spiller på Alfs frygt og kærlighed, og at hendes egen plads i hjemmet er blevet en kampplads. Alfs mistro vokser til åben fjendtlighed; han kontrollerer pengene, anklager Mira for ødselhed og for at forfølge Ernestine. Da sønnen Tjodolf i raseri truer med at kaste Ernestine ud, lader hun sig synke bevidstløs i Alfs ankomstøjeblik; Alf beskylder Mira for at dræbe hende. Mira indser, at hun må bære børnene bort fra huset for at redde dem. Hun begynder en streng selvafstraffelse: lever sparsomt, arbejder for fattige, skjuler sandheden for børnene og skriver ned alle beviser mod Ernestine. Alf afviser enhver anklage mod Ernestine og truer med at forlade Mira, hvis hun fortsætter. I en drøm vises Mira jordens nød, rigdommens tomhed og fremtidens sociale sammenbrud; hun forstår, at kun kærlighed og selvfornegtelse giver evigt liv. Hun vælger tavshed og tjeneste, indtil børnene er ude af fare, og lever nu i bjergene i ydmyg afsoning, omgivet af deres kærlighed og visheden om, at hendes vej er ret. [Coherence]",3
"Summary #3

Under den fransk-tyske krig vokser Mira op i Norge; moderen dør tidligt. Sekstenårig forelsker hun sig i den idealistiske teologistuderende Alf Winter, og de gifter sig, men ægteskabet viser sig hurtigt at være præget af hans ulykkelige første kærlighed og hendes skuffede drømme. Fødslen af en søn giver Mira ny livsglæde, men skubber manden i baggrunden. Da Alf får lærerembede i en fjelddal, vækkes Miras åndsliv af lærer Helgesens foredrag, og hun udvikler sig til selvstændig kvinde, mens Alf trækker sig ind i teologiske drømme og lange sommertogter.

Parret udvandrer til en prærieby i Amerika, hvor Alf virker som missionspræst blandt fattige emigranter. Mira føler sig fremmed i det rå, materialistiske samfund og isoleres yderligere, da Alf søger trøst i religiøse ekstaser og beundrer den selvopofrende Ernestine Helsing. I dyb ensomhed og tvivl om kristendommens sandhed søger Mira mening gennem sociale reformidéer og skønlitteratur, men oplever åndeligt sammenbrud, da manuskripter afvises. En koncert fører pianisten Gerard ind i hendes liv; hans musik og forståelse vækker hende på ny, og de indleder et fortroligt, følelsesladet venskab, der foregår i stille aftener, mens Alf er på rejse eller optaget af menighedsmøder.

Alf beder Mira tage imod Ernestine i hjemmet; Mira oplever den anden kvindes dragende, frastødende magt og genkender mandens beundring. Ernestine sygner i hjemmet, og Alf kræver, at hun flytter ind som hans “sjæls hustru”; samtidig afbryder Gerards forlovedes familie al kontakt mellem Mira og ham ved et hånende brev. Mira kastes ud i fortvivlelse og isolation; kun børnenes uskyldige kærlighed giver hende et svagt holdepunkt. Hun aner Ernestines dobbeltspil og manipulationer, men er magtesløs over for den magt, kvinden har over både Alf og hende selv; Alf vokser mistroisk og økonomisk kontrollerende over for Mira, mens Ernestine nu åbent udfordrer hende.

Under Ernestines påståede dødelige sygdom afslører Mira et hemmeligt triumferende smil på hendes læber; Mira indser, at Ernestine spiller på Alfs frygt og kærlighed, og at hendes egen plads i hjemmet er blevet en kampplads. Alfs mistro vokser til åben fjendtlighed; han kontrollerer pengene, anklager Mira for ødselhed og for at forfølge Ernestine. Da sønnen Tjodolf i raseri truer med at kaste Ernestine ud, lader hun sig synke bevidstløs i Alfs ankomstøjeblik; Alf beskylder Mira for at dræbe hende. Mira indser, at hun må bære børnene bort fra huset for at redde dem. Hun begynder en streng selvafstraffelse: lever sparsomt, arbejder for fattige, skjuler sandheden for børnene og skriver ned alle beviser mod Ernestine. Alf afviser enhver anklage mod Ernestine og truer med at forlade Mira, hvis hun fortsætter. I en drøm vises Mira jordens nød, rigdommens tomhed og fremtidens sociale sammenbrud; hun forstår, at kun kærlighed og selvfornegtelse giver evigt liv. Hun vælger tavshed og tjeneste, indtil børnene er ude af fare, og lever nu i bjergene i ydmyg afsoning, omgivet af deres kærlighed og visheden om, at hendes vej er ret. [Relevance]",4
"Summary #3

Under den fransk-tyske krig vokser Mira op i Norge; moderen dør tidligt. Sekstenårig forelsker hun sig i den idealistiske teologistuderende Alf Winter, og de gifter sig, men ægteskabet viser sig hurtigt at være præget af hans ulykkelige første kærlighed og hendes skuffede drømme. Fødslen af en søn giver Mira ny livsglæde, men skubber manden i baggrunden. Da Alf får lærerembede i en fjelddal, vækkes Miras åndsliv af lærer Helgesens foredrag, og hun udvikler sig til selvstændig kvinde, mens Alf trækker sig ind i teologiske drømme og lange sommertogter.

Parret udvandrer til en prærieby i Amerika, hvor Alf virker som missionspræst blandt fattige emigranter. Mira føler sig fremmed i det rå, materialistiske samfund og isoleres yderligere, da Alf søger trøst i religiøse ekstaser og beundrer den selvopofrende Ernestine Helsing. I dyb ensomhed og tvivl om kristendommens sandhed søger Mira mening gennem sociale reformidéer og skønlitteratur, men oplever åndeligt sammenbrud, da manuskripter afvises. En koncert fører pianisten Gerard ind i hendes liv; hans musik og forståelse vækker hende på ny, og de indleder et fortroligt, følelsesladet venskab, der foregår i stille aftener, mens Alf er på rejse eller optaget af menighedsmøder.

Alf beder Mira tage imod Ernestine i hjemmet; Mira oplever den anden kvindes dragende, frastødende magt og genkender mandens beundring. Ernestine sygner i hjemmet, og Alf kræver, at hun flytter ind som hans “sjæls hustru”; samtidig afbryder Gerards forlovedes familie al kontakt mellem Mira og ham ved et hånende brev. Mira kastes ud i fortvivlelse og isolation; kun børnenes uskyldige kærlighed giver hende et svagt holdepunkt. Hun aner Ernestines dobbeltspil og manipulationer, men er magtesløs over for den magt, kvinden har over både Alf og hende selv; Alf vokser mistroisk og økonomisk kontrollerende over for Mira, mens Ernestine nu åbent udfordrer hende.

Under Ernestines påståede dødelige sygdom afslører Mira et hemmeligt triumferende smil på hendes læber; Mira indser, at Ernestine spiller på Alfs frygt og kærlighed, og at hendes egen plads i hjemmet er blevet en kampplads. Alfs mistro vokser til åben fjendtlighed; han kontrollerer pengene, anklager Mira for ødselhed og for at forfølge Ernestine. Da sønnen Tjodolf i raseri truer med at kaste Ernestine ud, lader hun sig synke bevidstløs i Alfs ankomstøjeblik; Alf beskylder Mira for at dræbe hende. Mira indser, at hun må bære børnene bort fra huset for at redde dem. Hun begynder en streng selvafstraffelse: lever sparsomt, arbejder for fattige, skjuler sandheden for børnene og skriver ned alle beviser mod Ernestine. Alf afviser enhver anklage mod Ernestine og truer med at forlade Mira, hvis hun fortsætter. I en drøm vises Mira jordens nød, rigdommens tomhed og fremtidens sociale sammenbrud; hun forstår, at kun kærlighed og selvfornegtelse giver evigt liv. Hun vælger tavshed og tjeneste, indtil børnene er ude af fare, og lever nu i bjergene i ydmyg afsoning, omgivet af deres kærlighed og visheden om, at hendes vej er ret. [Factuality]",3
"Summary #3

Under den fransk-tyske krig vokser Mira op i Norge; moderen dør tidligt. Sekstenårig forelsker hun sig i den idealistiske teologistuderende Alf Winter, og de gifter sig, men ægteskabet viser sig hurtigt at være præget af hans ulykkelige første kærlighed og hendes skuffede drømme. Fødslen af en søn giver Mira ny livsglæde, men skubber manden i baggrunden. Da Alf får lærerembede i en fjelddal, vækkes Miras åndsliv af lærer Helgesens foredrag, og hun udvikler sig til selvstændig kvinde, mens Alf trækker sig ind i teologiske drømme og lange sommertogter.

Parret udvandrer til en prærieby i Amerika, hvor Alf virker som missionspræst blandt fattige emigranter. Mira føler sig fremmed i det rå, materialistiske samfund og isoleres yderligere, da Alf søger trøst i religiøse ekstaser og beundrer den selvopofrende Ernestine Helsing. I dyb ensomhed og tvivl om kristendommens sandhed søger Mira mening gennem sociale reformidéer og skønlitteratur, men oplever åndeligt sammenbrud, da manuskripter afvises. En koncert fører pianisten Gerard ind i hendes liv; hans musik og forståelse vækker hende på ny, og de indleder et fortroligt, følelsesladet venskab, der foregår i stille aftener, mens Alf er på rejse eller optaget af menighedsmøder.

Alf beder Mira tage imod Ernestine i hjemmet; Mira oplever den anden kvindes dragende, frastødende magt og genkender mandens beundring. Ernestine sygner i hjemmet, og Alf kræver, at hun flytter ind som hans “sjæls hustru”; samtidig afbryder Gerards forlovedes familie al kontakt mellem Mira og ham ved et hånende brev. Mira kastes ud i fortvivlelse og isolation; kun børnenes uskyldige kærlighed giver hende et svagt holdepunkt. Hun aner Ernestines dobbeltspil og manipulationer, men er magtesløs over for den magt, kvinden har over både Alf og hende selv; Alf vokser mistroisk og økonomisk kontrollerende over for Mira, mens Ernestine nu åbent udfordrer hende.

Under Ernestines påståede dødelige sygdom afslører Mira et hemmeligt triumferende smil på hendes læber; Mira indser, at Ernestine spiller på Alfs frygt og kærlighed, og at hendes egen plads i hjemmet er blevet en kampplads. Alfs mistro vokser til åben fjendtlighed; han kontrollerer pengene, anklager Mira for ødselhed og for at forfølge Ernestine. Da sønnen Tjodolf i raseri truer med at kaste Ernestine ud, lader hun sig synke bevidstløs i Alfs ankomstøjeblik; Alf beskylder Mira for at dræbe hende. Mira indser, at hun må bære børnene bort fra huset for at redde dem. Hun begynder en streng selvafstraffelse: lever sparsomt, arbejder for fattige, skjuler sandheden for børnene og skriver ned alle beviser mod Ernestine. Alf afviser enhver anklage mod Ernestine og truer med at forlade Mira, hvis hun fortsætter. I en drøm vises Mira jordens nød, rigdommens tomhed og fremtidens sociale sammenbrud; hun forstår, at kun kærlighed og selvfornegtelse giver evigt liv. Hun vælger tavshed og tjeneste, indtil børnene er ude af fare, og lever nu i bjergene i ydmyg afsoning, omgivet af deres kærlighed og visheden om, at hendes vej er ret. [Time]",5
"Summary #3

Under den fransk-tyske krig vokser Mira op i Norge; moderen dør tidligt. Sekstenårig forelsker hun sig i den idealistiske teologistuderende Alf Winter, og de gifter sig, men ægteskabet viser sig hurtigt at være præget af hans ulykkelige første kærlighed og hendes skuffede drømme. Fødslen af en søn giver Mira ny livsglæde, men skubber manden i baggrunden. Da Alf får lærerembede i en fjelddal, vækkes Miras åndsliv af lærer Helgesens foredrag, og hun udvikler sig til selvstændig kvinde, mens Alf trækker sig ind i teologiske drømme og lange sommertogter.

Parret udvandrer til en prærieby i Amerika, hvor Alf virker som missionspræst blandt fattige emigranter. Mira føler sig fremmed i det rå, materialistiske samfund og isoleres yderligere, da Alf søger trøst i religiøse ekstaser og beundrer den selvopofrende Ernestine Helsing. I dyb ensomhed og tvivl om kristendommens sandhed søger Mira mening gennem sociale reformidéer og skønlitteratur, men oplever åndeligt sammenbrud, da manuskripter afvises. En koncert fører pianisten Gerard ind i hendes liv; hans musik og forståelse vækker hende på ny, og de indleder et fortroligt, følelsesladet venskab, der foregår i stille aftener, mens Alf er på rejse eller optaget af menighedsmøder.

Alf beder Mira tage imod Ernestine i hjemmet; Mira oplever den anden kvindes dragende, frastødende magt og genkender mandens beundring. Ernestine sygner i hjemmet, og Alf kræver, at hun flytter ind som hans “sjæls hustru”; samtidig afbryder Gerards forlovedes familie al kontakt mellem Mira og ham ved et hånende brev. Mira kastes ud i fortvivlelse og isolation; kun børnenes uskyldige kærlighed giver hende et svagt holdepunkt. Hun aner Ernestines dobbeltspil og manipulationer, men er magtesløs over for den magt, kvinden har over både Alf og hende selv; Alf vokser mistroisk og økonomisk kontrollerende over for Mira, mens Ernestine nu åbent udfordrer hende.

Under Ernestines påståede dødelige sygdom afslører Mira et hemmeligt triumferende smil på hendes læber; Mira indser, at Ernestine spiller på Alfs frygt og kærlighed, og at hendes egen plads i hjemmet er blevet en kampplads. Alfs mistro vokser til åben fjendtlighed; han kontrollerer pengene, anklager Mira for ødselhed og for at forfølge Ernestine. Da sønnen Tjodolf i raseri truer med at kaste Ernestine ud, lader hun sig synke bevidstløs i Alfs ankomstøjeblik; Alf beskylder Mira for at dræbe hende. Mira indser, at hun må bære børnene bort fra huset for at redde dem. Hun begynder en streng selvafstraffelse: lever sparsomt, arbejder for fattige, skjuler sandheden for børnene og skriver ned alle beviser mod Ernestine. Alf afviser enhver anklage mod Ernestine og truer med at forlade Mira, hvis hun fortsætter. I en drøm vises Mira jordens nød, rigdommens tomhed og fremtidens sociale sammenbrud; hun forstår, at kun kærlighed og selvfornegtelse giver evigt liv. Hun vælger tavshed og tjeneste, indtil børnene er ude af fare, og lever nu i bjergene i ydmyg afsoning, omgivet af deres kærlighed og visheden om, at hendes vej er ret. [Place]",5
"Summary #3

Under den fransk-tyske krig vokser Mira op i Norge; moderen dør tidligt. Sekstenårig forelsker hun sig i den idealistiske teologistuderende Alf Winter, og de gifter sig, men ægteskabet viser sig hurtigt at være præget af hans ulykkelige første kærlighed og hendes skuffede drømme. Fødslen af en søn giver Mira ny livsglæde, men skubber manden i baggrunden. Da Alf får lærerembede i en fjelddal, vækkes Miras åndsliv af lærer Helgesens foredrag, og hun udvikler sig til selvstændig kvinde, mens Alf trækker sig ind i teologiske drømme og lange sommertogter.

Parret udvandrer til en prærieby i Amerika, hvor Alf virker som missionspræst blandt fattige emigranter. Mira føler sig fremmed i det rå, materialistiske samfund og isoleres yderligere, da Alf søger trøst i religiøse ekstaser og beundrer den selvopofrende Ernestine Helsing. I dyb ensomhed og tvivl om kristendommens sandhed søger Mira mening gennem sociale reformidéer og skønlitteratur, men oplever åndeligt sammenbrud, da manuskripter afvises. En koncert fører pianisten Gerard ind i hendes liv; hans musik og forståelse vækker hende på ny, og de indleder et fortroligt, følelsesladet venskab, der foregår i stille aftener, mens Alf er på rejse eller optaget af menighedsmøder.

Alf beder Mira tage imod Ernestine i hjemmet; Mira oplever den anden kvindes dragende, frastødende magt og genkender mandens beundring. Ernestine sygner i hjemmet, og Alf kræver, at hun flytter ind som hans “sjæls hustru”; samtidig afbryder Gerards forlovedes familie al kontakt mellem Mira og ham ved et hånende brev. Mira kastes ud i fortvivlelse og isolation; kun børnenes uskyldige kærlighed giver hende et svagt holdepunkt. Hun aner Ernestines dobbeltspil og manipulationer, men er magtesløs over for den magt, kvinden har over både Alf og hende selv; Alf vokser mistroisk og økonomisk kontrollerende over for Mira, mens Ernestine nu åbent udfordrer hende.

Under Ernestines påståede dødelige sygdom afslører Mira et hemmeligt triumferende smil på hendes læber; Mira indser, at Ernestine spiller på Alfs frygt og kærlighed, og at hendes egen plads i hjemmet er blevet en kampplads. Alfs mistro vokser til åben fjendtlighed; han kontrollerer pengene, anklager Mira for ødselhed og for at forfølge Ernestine. Da sønnen Tjodolf i raseri truer med at kaste Ernestine ud, lader hun sig synke bevidstløs i Alfs ankomstøjeblik; Alf beskylder Mira for at dræbe hende. Mira indser, at hun må bære børnene bort fra huset for at redde dem. Hun begynder en streng selvafstraffelse: lever sparsomt, arbejder for fattige, skjuler sandheden for børnene og skriver ned alle beviser mod Ernestine. Alf afviser enhver anklage mod Ernestine og truer med at forlade Mira, hvis hun fortsætter. I en drøm vises Mira jordens nød, rigdommens tomhed og fremtidens sociale sammenbrud; hun forstår, at kun kærlighed og selvfornegtelse giver evigt liv. Hun vælger tavshed og tjeneste, indtil børnene er ude af fare, og lever nu i bjergene i ydmyg afsoning, omgivet af deres kærlighed og visheden om, at hendes vej er ret. [Characters]",4
"Summary #3

Under den fransk-tyske krig vokser Mira op i Norge; moderen dør tidligt. Sekstenårig forelsker hun sig i den idealistiske teologistuderende Alf Winter, og de gifter sig, men ægteskabet viser sig hurtigt at være præget af hans ulykkelige første kærlighed og hendes skuffede drømme. Fødslen af en søn giver Mira ny livsglæde, men skubber manden i baggrunden. Da Alf får lærerembede i en fjelddal, vækkes Miras åndsliv af lærer Helgesens foredrag, og hun udvikler sig til selvstændig kvinde, mens Alf trækker sig ind i teologiske drømme og lange sommertogter.

Parret udvandrer til en prærieby i Amerika, hvor Alf virker som missionspræst blandt fattige emigranter. Mira føler sig fremmed i det rå, materialistiske samfund og isoleres yderligere, da Alf søger trøst i religiøse ekstaser og beundrer den selvopofrende Ernestine Helsing. I dyb ensomhed og tvivl om kristendommens sandhed søger Mira mening gennem sociale reformidéer og skønlitteratur, men oplever åndeligt sammenbrud, da manuskripter afvises. En koncert fører pianisten Gerard ind i hendes liv; hans musik og forståelse vækker hende på ny, og de indleder et fortroligt, følelsesladet venskab, der foregår i stille aftener, mens Alf er på rejse eller optaget af menighedsmøder.

Alf beder Mira tage imod Ernestine i hjemmet; Mira oplever den anden kvindes dragende, frastødende magt og genkender mandens beundring. Ernestine sygner i hjemmet, og Alf kræver, at hun flytter ind som hans “sjæls hustru”; samtidig afbryder Gerards forlovedes familie al kontakt mellem Mira og ham ved et hånende brev. Mira kastes ud i fortvivlelse og isolation; kun børnenes uskyldige kærlighed giver hende et svagt holdepunkt. Hun aner Ernestines dobbeltspil og manipulationer, men er magtesløs over for den magt, kvinden har over både Alf og hende selv; Alf vokser mistroisk og økonomisk kontrollerende over for Mira, mens Ernestine nu åbent udfordrer hende.

Under Ernestines påståede dødelige sygdom afslører Mira et hemmeligt triumferende smil på hendes læber; Mira indser, at Ernestine spiller på Alfs frygt og kærlighed, og at hendes egen plads i hjemmet er blevet en kampplads. Alfs mistro vokser til åben fjendtlighed; han kontrollerer pengene, anklager Mira for ødselhed og for at forfølge Ernestine. Da sønnen Tjodolf i raseri truer med at kaste Ernestine ud, lader hun sig synke bevidstløs i Alfs ankomstøjeblik; Alf beskylder Mira for at dræbe hende. Mira indser, at hun må bære børnene bort fra huset for at redde dem. Hun begynder en streng selvafstraffelse: lever sparsomt, arbejder for fattige, skjuler sandheden for børnene og skriver ned alle beviser mod Ernestine. Alf afviser enhver anklage mod Ernestine og truer med at forlade Mira, hvis hun fortsætter. I en drøm vises Mira jordens nød, rigdommens tomhed og fremtidens sociale sammenbrud; hun forstår, at kun kærlighed og selvfornegtelse giver evigt liv. Hun vælger tavshed og tjeneste, indtil børnene er ude af fare, og lever nu i bjergene i ydmyg afsoning, omgivet af deres kærlighed og visheden om, at hendes vej er ret. [Plot]",3
"Summary #3

Under den fransk-tyske krig vokser Mira op i Norge; moderen dør tidligt. Sekstenårig forelsker hun sig i den idealistiske teologistuderende Alf Winter, og de gifter sig, men ægteskabet viser sig hurtigt at være præget af hans ulykkelige første kærlighed og hendes skuffede drømme. Fødslen af en søn giver Mira ny livsglæde, men skubber manden i baggrunden. Da Alf får lærerembede i en fjelddal, vækkes Miras åndsliv af lærer Helgesens foredrag, og hun udvikler sig til selvstændig kvinde, mens Alf trækker sig ind i teologiske drømme og lange sommertogter.

Parret udvandrer til en prærieby i Amerika, hvor Alf virker som missionspræst blandt fattige emigranter. Mira føler sig fremmed i det rå, materialistiske samfund og isoleres yderligere, da Alf søger trøst i religiøse ekstaser og beundrer den selvopofrende Ernestine Helsing. I dyb ensomhed og tvivl om kristendommens sandhed søger Mira mening gennem sociale reformidéer og skønlitteratur, men oplever åndeligt sammenbrud, da manuskripter afvises. En koncert fører pianisten Gerard ind i hendes liv; hans musik og forståelse vækker hende på ny, og de indleder et fortroligt, følelsesladet venskab, der foregår i stille aftener, mens Alf er på rejse eller optaget af menighedsmøder.

Alf beder Mira tage imod Ernestine i hjemmet; Mira oplever den anden kvindes dragende, frastødende magt og genkender mandens beundring. Ernestine sygner i hjemmet, og Alf kræver, at hun flytter ind som hans “sjæls hustru”; samtidig afbryder Gerards forlovedes familie al kontakt mellem Mira og ham ved et hånende brev. Mira kastes ud i fortvivlelse og isolation; kun børnenes uskyldige kærlighed giver hende et svagt holdepunkt. Hun aner Ernestines dobbeltspil og manipulationer, men er magtesløs over for den magt, kvinden har over både Alf og hende selv; Alf vokser mistroisk og økonomisk kontrollerende over for Mira, mens Ernestine nu åbent udfordrer hende.

Under Ernestines påståede dødelige sygdom afslører Mira et hemmeligt triumferende smil på hendes læber; Mira indser, at Ernestine spiller på Alfs frygt og kærlighed, og at hendes egen plads i hjemmet er blevet en kampplads. Alfs mistro vokser til åben fjendtlighed; han kontrollerer pengene, anklager Mira for ødselhed og for at forfølge Ernestine. Da sønnen Tjodolf i raseri truer med at kaste Ernestine ud, lader hun sig synke bevidstløs i Alfs ankomstøjeblik; Alf beskylder Mira for at dræbe hende. Mira indser, at hun må bære børnene bort fra huset for at redde dem. Hun begynder en streng selvafstraffelse: lever sparsomt, arbejder for fattige, skjuler sandheden for børnene og skriver ned alle beviser mod Ernestine. Alf afviser enhver anklage mod Ernestine og truer med at forlade Mira, hvis hun fortsætter. I en drøm vises Mira jordens nød, rigdommens tomhed og fremtidens sociale sammenbrud; hun forstår, at kun kærlighed og selvfornegtelse giver evigt liv. Hun vælger tavshed og tjeneste, indtil børnene er ude af fare, og lever nu i bjergene i ydmyg afsoning, omgivet af deres kærlighed og visheden om, at hendes vej er ret. [Themes]",3
novel_id,Diana
"Summary #1

Handlingen udspiller sig i oktober på Fyn, hovedsageligt omkring Odense, herregården Linds Gods og nabogodset Ulriksholm. To år før den aktuelle begivenhedsrække forelskede godsejerdatteren Diana Lind sig i den fattige skytte Niels Brandt; hendes far opdagede forholdet, jagede skytten bort og har siden udset fætteren, løjtnant Karlsen, som hendes kommende ægtemand. Nu opsøger den gamle kusk Knud Niels Skytte i en kro og bringer ham ind til Odense, fordi Diana gennem Knud har indkaldt skytten til hemmeligt møde i hotellets have. Undervejs observeres de to af den fattige familiefar Søren, der tidligere er blevet grebet på godsejerens grund og bidt af dennes hunde; Søren sværger hævn og følger efter vognen skjult. Diana og Niels genforenes om aftenen, aflægger hinanden kærlighedserklæringer og aftaler nyt stævnemøde næste aften kl. 10 i et lysthus; en skjult tilskuer – formodentlig Søren – afslører sig med en hånlig latter. Samtidig planlægger teologistuderende Henrik Bjerre, der også bejler til Diana, at vinde hendes kærlighed ved hjælp af urter og heksen Moder Gynts råd; han stjæler urter til et uoplyst formål. Diana modtager dagen efter et anonymt advarselsbrev, der får hende til at aflyse mødet; brevet er bragt af Sørens medløber Jens Krold. Diana indvilger i en ridetur med Henrik Bjerre, hvor han redder hende fra en løbsk hest og udnytter situationen til at erklære sin kærlighed; Diana afviser ham høfligt. Henrik besøger herefter sammen med Diana en syg kone, hvor Moder Gynt optræder som selvudnævnt helbreder; Henrik får hende bortvist og vinder Dianas tillid. Diana indlogeres herefter hos Kammerraad Bjerres familie for at komme væk fra hjemmet; Henrik benytter lejligheden til at servere kaffe for hende fra en kop, han selv har udvalgt, mens han i smug har forberedt et middel til at påvirke hendes sind. Henrik tager derefter til Jylland for at besøge sin fætter Sofie, men er tavs og fjern, fordi hans tanker kun kredser om Diana. Under hans fravær er Diana nedtrykt og længes efter Henrik. Da han vender hjem, erklærer han sin kærlighed, og Diana giver efter, selv om hun stadig føler sig bundet af sit løfte til Niels Brandt. Henrik opsøger nu Niels for at vurdere, om denne virkelig elsker Diana, og lover at bringe et bud fra ham til hende. Samtidig bestikker Henrik Moder Gynt til at arrangere et selskab for de unge piger, der bejler til Niels, og får Karen til at give Niels en kærlighedsdrik. Under påvirkning af drikken forfører Karen Niels, mens Søren i smug observerer det hele og sværger på hævn. Da Diana og Henrik tilfældigt passerer stedet, finder de Niels blødende og bevidstløs efter et sammenstød med Søren. Henrik hjælper Niels hjem, og Diana indser nu, at hendes kærlighed til Niels er forbi. Augusta Bjerre og løjtnant Karlsen forlover sig med forældrenes samtykke. Diana og Henrik er nu fri til at elske hinanden, men Diana plages af dårlig samvittighed over sin troløshed. Henrik forsøger at berolige hende og lover, at Niels ikke vil lide overlast. Om natten ser Diana i et syner Niels død og Karen grædende over ham. Henrik rider til Moder Gynt for at få hende til at arrangere endnu et selskab på kroen, hvor Niels og Karen igen skal mødes. På kroen danser Niels med Karen, men forsvinder pludselig, da Jens Krold hvisker ham i øret, at Diana måske venter i lysthuset. I stedet møder han Søren, der afpresser ham og kræver penge for ikke at afsløre hans forhold til Karen. Under tumulten falder Niels og slår hovedet. Diana og Henrik finder ham bevidstløs og bringer ham tilbage til Linds Gods. Diana er nu overbevist om, at Niels har været hende utro, og giver sig helt hen til Henrik. Samtidig afdækkes løjtnant Karlsens dobbeltspil: han har lovet Marie Birk, skrædderdatteren, at gifte sig med hende, men har også forlovet sig med Augusta. Marie konfronterer ham med brevet fra Augusta og indser, at han har bedraget hende. Karlsen er nu i pengenød og pantsætter sit guldur for at finansiere sit kommende besøg af Augusta og hendes forældre. Moder Gynts fortid som kvaksalver, der har forårsaget en ung piges død, afsløres; Henrik kender hemmeligheden og bruger den til at true hende til lydighed. Henrik og Niels aftaler et natligt møde i skoven for at opgøre deres uoverensstemmelser; Søren overværer samtalen og sværger på hævn. Niels påskydes af Søren i skoven, men overlever og bringes til herregården Emiliesminde, hvor han plejes af den smukke fremmede pige Aurelia, som er vokset op som plejedatter hos godsejer Michael Storm. Aurelia elsker Niels, men han er blind for hendes følelser. Storm, der er barnløs, frier til hende, men hun afviser ham. Henrik og Diana forlover sig, men Diana plages stadig af skyld over for Niels. Henrik rider til Emiliesminde for at tale med Niels og finder ham sammen med Aurelia. Henrik indser, at Niels nu elsker Aurelia, og at Diana er fri. Han vender hjem og beroliger Diana. Niels og Aurelia gifter sig og tager til Jylland. Diana og Henrik gifter sig og overtager Linds Gods. Karlsen må flygte efter sit dobbeltspil. Søren forsvinder sporløst. Moder Gynt dør alene og glemt. [Fluency]",3
"Summary #1

Handlingen udspiller sig i oktober på Fyn, hovedsageligt omkring Odense, herregården Linds Gods og nabogodset Ulriksholm. To år før den aktuelle begivenhedsrække forelskede godsejerdatteren Diana Lind sig i den fattige skytte Niels Brandt; hendes far opdagede forholdet, jagede skytten bort og har siden udset fætteren, løjtnant Karlsen, som hendes kommende ægtemand. Nu opsøger den gamle kusk Knud Niels Skytte i en kro og bringer ham ind til Odense, fordi Diana gennem Knud har indkaldt skytten til hemmeligt møde i hotellets have. Undervejs observeres de to af den fattige familiefar Søren, der tidligere er blevet grebet på godsejerens grund og bidt af dennes hunde; Søren sværger hævn og følger efter vognen skjult. Diana og Niels genforenes om aftenen, aflægger hinanden kærlighedserklæringer og aftaler nyt stævnemøde næste aften kl. 10 i et lysthus; en skjult tilskuer – formodentlig Søren – afslører sig med en hånlig latter. Samtidig planlægger teologistuderende Henrik Bjerre, der også bejler til Diana, at vinde hendes kærlighed ved hjælp af urter og heksen Moder Gynts råd; han stjæler urter til et uoplyst formål. Diana modtager dagen efter et anonymt advarselsbrev, der får hende til at aflyse mødet; brevet er bragt af Sørens medløber Jens Krold. Diana indvilger i en ridetur med Henrik Bjerre, hvor han redder hende fra en løbsk hest og udnytter situationen til at erklære sin kærlighed; Diana afviser ham høfligt. Henrik besøger herefter sammen med Diana en syg kone, hvor Moder Gynt optræder som selvudnævnt helbreder; Henrik får hende bortvist og vinder Dianas tillid. Diana indlogeres herefter hos Kammerraad Bjerres familie for at komme væk fra hjemmet; Henrik benytter lejligheden til at servere kaffe for hende fra en kop, han selv har udvalgt, mens han i smug har forberedt et middel til at påvirke hendes sind. Henrik tager derefter til Jylland for at besøge sin fætter Sofie, men er tavs og fjern, fordi hans tanker kun kredser om Diana. Under hans fravær er Diana nedtrykt og længes efter Henrik. Da han vender hjem, erklærer han sin kærlighed, og Diana giver efter, selv om hun stadig føler sig bundet af sit løfte til Niels Brandt. Henrik opsøger nu Niels for at vurdere, om denne virkelig elsker Diana, og lover at bringe et bud fra ham til hende. Samtidig bestikker Henrik Moder Gynt til at arrangere et selskab for de unge piger, der bejler til Niels, og får Karen til at give Niels en kærlighedsdrik. Under påvirkning af drikken forfører Karen Niels, mens Søren i smug observerer det hele og sværger på hævn. Da Diana og Henrik tilfældigt passerer stedet, finder de Niels blødende og bevidstløs efter et sammenstød med Søren. Henrik hjælper Niels hjem, og Diana indser nu, at hendes kærlighed til Niels er forbi. Augusta Bjerre og løjtnant Karlsen forlover sig med forældrenes samtykke. Diana og Henrik er nu fri til at elske hinanden, men Diana plages af dårlig samvittighed over sin troløshed. Henrik forsøger at berolige hende og lover, at Niels ikke vil lide overlast. Om natten ser Diana i et syner Niels død og Karen grædende over ham. Henrik rider til Moder Gynt for at få hende til at arrangere endnu et selskab på kroen, hvor Niels og Karen igen skal mødes. På kroen danser Niels med Karen, men forsvinder pludselig, da Jens Krold hvisker ham i øret, at Diana måske venter i lysthuset. I stedet møder han Søren, der afpresser ham og kræver penge for ikke at afsløre hans forhold til Karen. Under tumulten falder Niels og slår hovedet. Diana og Henrik finder ham bevidstløs og bringer ham tilbage til Linds Gods. Diana er nu overbevist om, at Niels har været hende utro, og giver sig helt hen til Henrik. Samtidig afdækkes løjtnant Karlsens dobbeltspil: han har lovet Marie Birk, skrædderdatteren, at gifte sig med hende, men har også forlovet sig med Augusta. Marie konfronterer ham med brevet fra Augusta og indser, at han har bedraget hende. Karlsen er nu i pengenød og pantsætter sit guldur for at finansiere sit kommende besøg af Augusta og hendes forældre. Moder Gynts fortid som kvaksalver, der har forårsaget en ung piges død, afsløres; Henrik kender hemmeligheden og bruger den til at true hende til lydighed. Henrik og Niels aftaler et natligt møde i skoven for at opgøre deres uoverensstemmelser; Søren overværer samtalen og sværger på hævn. Niels påskydes af Søren i skoven, men overlever og bringes til herregården Emiliesminde, hvor han plejes af den smukke fremmede pige Aurelia, som er vokset op som plejedatter hos godsejer Michael Storm. Aurelia elsker Niels, men han er blind for hendes følelser. Storm, der er barnløs, frier til hende, men hun afviser ham. Henrik og Diana forlover sig, men Diana plages stadig af skyld over for Niels. Henrik rider til Emiliesminde for at tale med Niels og finder ham sammen med Aurelia. Henrik indser, at Niels nu elsker Aurelia, og at Diana er fri. Han vender hjem og beroliger Diana. Niels og Aurelia gifter sig og tager til Jylland. Diana og Henrik gifter sig og overtager Linds Gods. Karlsen må flygte efter sit dobbeltspil. Søren forsvinder sporløst. Moder Gynt dør alene og glemt. [Coherence]",3
"Summary #1

Handlingen udspiller sig i oktober på Fyn, hovedsageligt omkring Odense, herregården Linds Gods og nabogodset Ulriksholm. To år før den aktuelle begivenhedsrække forelskede godsejerdatteren Diana Lind sig i den fattige skytte Niels Brandt; hendes far opdagede forholdet, jagede skytten bort og har siden udset fætteren, løjtnant Karlsen, som hendes kommende ægtemand. Nu opsøger den gamle kusk Knud Niels Skytte i en kro og bringer ham ind til Odense, fordi Diana gennem Knud har indkaldt skytten til hemmeligt møde i hotellets have. Undervejs observeres de to af den fattige familiefar Søren, der tidligere er blevet grebet på godsejerens grund og bidt af dennes hunde; Søren sværger hævn og følger efter vognen skjult. Diana og Niels genforenes om aftenen, aflægger hinanden kærlighedserklæringer og aftaler nyt stævnemøde næste aften kl. 10 i et lysthus; en skjult tilskuer – formodentlig Søren – afslører sig med en hånlig latter. Samtidig planlægger teologistuderende Henrik Bjerre, der også bejler til Diana, at vinde hendes kærlighed ved hjælp af urter og heksen Moder Gynts råd; han stjæler urter til et uoplyst formål. Diana modtager dagen efter et anonymt advarselsbrev, der får hende til at aflyse mødet; brevet er bragt af Sørens medløber Jens Krold. Diana indvilger i en ridetur med Henrik Bjerre, hvor han redder hende fra en løbsk hest og udnytter situationen til at erklære sin kærlighed; Diana afviser ham høfligt. Henrik besøger herefter sammen med Diana en syg kone, hvor Moder Gynt optræder som selvudnævnt helbreder; Henrik får hende bortvist og vinder Dianas tillid. Diana indlogeres herefter hos Kammerraad Bjerres familie for at komme væk fra hjemmet; Henrik benytter lejligheden til at servere kaffe for hende fra en kop, han selv har udvalgt, mens han i smug har forberedt et middel til at påvirke hendes sind. Henrik tager derefter til Jylland for at besøge sin fætter Sofie, men er tavs og fjern, fordi hans tanker kun kredser om Diana. Under hans fravær er Diana nedtrykt og længes efter Henrik. Da han vender hjem, erklærer han sin kærlighed, og Diana giver efter, selv om hun stadig føler sig bundet af sit løfte til Niels Brandt. Henrik opsøger nu Niels for at vurdere, om denne virkelig elsker Diana, og lover at bringe et bud fra ham til hende. Samtidig bestikker Henrik Moder Gynt til at arrangere et selskab for de unge piger, der bejler til Niels, og får Karen til at give Niels en kærlighedsdrik. Under påvirkning af drikken forfører Karen Niels, mens Søren i smug observerer det hele og sværger på hævn. Da Diana og Henrik tilfældigt passerer stedet, finder de Niels blødende og bevidstløs efter et sammenstød med Søren. Henrik hjælper Niels hjem, og Diana indser nu, at hendes kærlighed til Niels er forbi. Augusta Bjerre og løjtnant Karlsen forlover sig med forældrenes samtykke. Diana og Henrik er nu fri til at elske hinanden, men Diana plages af dårlig samvittighed over sin troløshed. Henrik forsøger at berolige hende og lover, at Niels ikke vil lide overlast. Om natten ser Diana i et syner Niels død og Karen grædende over ham. Henrik rider til Moder Gynt for at få hende til at arrangere endnu et selskab på kroen, hvor Niels og Karen igen skal mødes. På kroen danser Niels med Karen, men forsvinder pludselig, da Jens Krold hvisker ham i øret, at Diana måske venter i lysthuset. I stedet møder han Søren, der afpresser ham og kræver penge for ikke at afsløre hans forhold til Karen. Under tumulten falder Niels og slår hovedet. Diana og Henrik finder ham bevidstløs og bringer ham tilbage til Linds Gods. Diana er nu overbevist om, at Niels har været hende utro, og giver sig helt hen til Henrik. Samtidig afdækkes løjtnant Karlsens dobbeltspil: han har lovet Marie Birk, skrædderdatteren, at gifte sig med hende, men har også forlovet sig med Augusta. Marie konfronterer ham med brevet fra Augusta og indser, at han har bedraget hende. Karlsen er nu i pengenød og pantsætter sit guldur for at finansiere sit kommende besøg af Augusta og hendes forældre. Moder Gynts fortid som kvaksalver, der har forårsaget en ung piges død, afsløres; Henrik kender hemmeligheden og bruger den til at true hende til lydighed. Henrik og Niels aftaler et natligt møde i skoven for at opgøre deres uoverensstemmelser; Søren overværer samtalen og sværger på hævn. Niels påskydes af Søren i skoven, men overlever og bringes til herregården Emiliesminde, hvor han plejes af den smukke fremmede pige Aurelia, som er vokset op som plejedatter hos godsejer Michael Storm. Aurelia elsker Niels, men han er blind for hendes følelser. Storm, der er barnløs, frier til hende, men hun afviser ham. Henrik og Diana forlover sig, men Diana plages stadig af skyld over for Niels. Henrik rider til Emiliesminde for at tale med Niels og finder ham sammen med Aurelia. Henrik indser, at Niels nu elsker Aurelia, og at Diana er fri. Han vender hjem og beroliger Diana. Niels og Aurelia gifter sig og tager til Jylland. Diana og Henrik gifter sig og overtager Linds Gods. Karlsen må flygte efter sit dobbeltspil. Søren forsvinder sporløst. Moder Gynt dør alene og glemt. [Relevance]",3
"Summary #1

Handlingen udspiller sig i oktober på Fyn, hovedsageligt omkring Odense, herregården Linds Gods og nabogodset Ulriksholm. To år før den aktuelle begivenhedsrække forelskede godsejerdatteren Diana Lind sig i den fattige skytte Niels Brandt; hendes far opdagede forholdet, jagede skytten bort og har siden udset fætteren, løjtnant Karlsen, som hendes kommende ægtemand. Nu opsøger den gamle kusk Knud Niels Skytte i en kro og bringer ham ind til Odense, fordi Diana gennem Knud har indkaldt skytten til hemmeligt møde i hotellets have. Undervejs observeres de to af den fattige familiefar Søren, der tidligere er blevet grebet på godsejerens grund og bidt af dennes hunde; Søren sværger hævn og følger efter vognen skjult. Diana og Niels genforenes om aftenen, aflægger hinanden kærlighedserklæringer og aftaler nyt stævnemøde næste aften kl. 10 i et lysthus; en skjult tilskuer – formodentlig Søren – afslører sig med en hånlig latter. Samtidig planlægger teologistuderende Henrik Bjerre, der også bejler til Diana, at vinde hendes kærlighed ved hjælp af urter og heksen Moder Gynts råd; han stjæler urter til et uoplyst formål. Diana modtager dagen efter et anonymt advarselsbrev, der får hende til at aflyse mødet; brevet er bragt af Sørens medløber Jens Krold. Diana indvilger i en ridetur med Henrik Bjerre, hvor han redder hende fra en løbsk hest og udnytter situationen til at erklære sin kærlighed; Diana afviser ham høfligt. Henrik besøger herefter sammen med Diana en syg kone, hvor Moder Gynt optræder som selvudnævnt helbreder; Henrik får hende bortvist og vinder Dianas tillid. Diana indlogeres herefter hos Kammerraad Bjerres familie for at komme væk fra hjemmet; Henrik benytter lejligheden til at servere kaffe for hende fra en kop, han selv har udvalgt, mens han i smug har forberedt et middel til at påvirke hendes sind. Henrik tager derefter til Jylland for at besøge sin fætter Sofie, men er tavs og fjern, fordi hans tanker kun kredser om Diana. Under hans fravær er Diana nedtrykt og længes efter Henrik. Da han vender hjem, erklærer han sin kærlighed, og Diana giver efter, selv om hun stadig føler sig bundet af sit løfte til Niels Brandt. Henrik opsøger nu Niels for at vurdere, om denne virkelig elsker Diana, og lover at bringe et bud fra ham til hende. Samtidig bestikker Henrik Moder Gynt til at arrangere et selskab for de unge piger, der bejler til Niels, og får Karen til at give Niels en kærlighedsdrik. Under påvirkning af drikken forfører Karen Niels, mens Søren i smug observerer det hele og sværger på hævn. Da Diana og Henrik tilfældigt passerer stedet, finder de Niels blødende og bevidstløs efter et sammenstød med Søren. Henrik hjælper Niels hjem, og Diana indser nu, at hendes kærlighed til Niels er forbi. Augusta Bjerre og løjtnant Karlsen forlover sig med forældrenes samtykke. Diana og Henrik er nu fri til at elske hinanden, men Diana plages af dårlig samvittighed over sin troløshed. Henrik forsøger at berolige hende og lover, at Niels ikke vil lide overlast. Om natten ser Diana i et syner Niels død og Karen grædende over ham. Henrik rider til Moder Gynt for at få hende til at arrangere endnu et selskab på kroen, hvor Niels og Karen igen skal mødes. På kroen danser Niels med Karen, men forsvinder pludselig, da Jens Krold hvisker ham i øret, at Diana måske venter i lysthuset. I stedet møder han Søren, der afpresser ham og kræver penge for ikke at afsløre hans forhold til Karen. Under tumulten falder Niels og slår hovedet. Diana og Henrik finder ham bevidstløs og bringer ham tilbage til Linds Gods. Diana er nu overbevist om, at Niels har været hende utro, og giver sig helt hen til Henrik. Samtidig afdækkes løjtnant Karlsens dobbeltspil: han har lovet Marie Birk, skrædderdatteren, at gifte sig med hende, men har også forlovet sig med Augusta. Marie konfronterer ham med brevet fra Augusta og indser, at han har bedraget hende. Karlsen er nu i pengenød og pantsætter sit guldur for at finansiere sit kommende besøg af Augusta og hendes forældre. Moder Gynts fortid som kvaksalver, der har forårsaget en ung piges død, afsløres; Henrik kender hemmeligheden og bruger den til at true hende til lydighed. Henrik og Niels aftaler et natligt møde i skoven for at opgøre deres uoverensstemmelser; Søren overværer samtalen og sværger på hævn. Niels påskydes af Søren i skoven, men overlever og bringes til herregården Emiliesminde, hvor han plejes af den smukke fremmede pige Aurelia, som er vokset op som plejedatter hos godsejer Michael Storm. Aurelia elsker Niels, men han er blind for hendes følelser. Storm, der er barnløs, frier til hende, men hun afviser ham. Henrik og Diana forlover sig, men Diana plages stadig af skyld over for Niels. Henrik rider til Emiliesminde for at tale med Niels og finder ham sammen med Aurelia. Henrik indser, at Niels nu elsker Aurelia, og at Diana er fri. Han vender hjem og beroliger Diana. Niels og Aurelia gifter sig og tager til Jylland. Diana og Henrik gifter sig og overtager Linds Gods. Karlsen må flygte efter sit dobbeltspil. Søren forsvinder sporløst. Moder Gynt dør alene og glemt. [Factuality]",4
"Summary #1

Handlingen udspiller sig i oktober på Fyn, hovedsageligt omkring Odense, herregården Linds Gods og nabogodset Ulriksholm. To år før den aktuelle begivenhedsrække forelskede godsejerdatteren Diana Lind sig i den fattige skytte Niels Brandt; hendes far opdagede forholdet, jagede skytten bort og har siden udset fætteren, løjtnant Karlsen, som hendes kommende ægtemand. Nu opsøger den gamle kusk Knud Niels Skytte i en kro og bringer ham ind til Odense, fordi Diana gennem Knud har indkaldt skytten til hemmeligt møde i hotellets have. Undervejs observeres de to af den fattige familiefar Søren, der tidligere er blevet grebet på godsejerens grund og bidt af dennes hunde; Søren sværger hævn og følger efter vognen skjult. Diana og Niels genforenes om aftenen, aflægger hinanden kærlighedserklæringer og aftaler nyt stævnemøde næste aften kl. 10 i et lysthus; en skjult tilskuer – formodentlig Søren – afslører sig med en hånlig latter. Samtidig planlægger teologistuderende Henrik Bjerre, der også bejler til Diana, at vinde hendes kærlighed ved hjælp af urter og heksen Moder Gynts råd; han stjæler urter til et uoplyst formål. Diana modtager dagen efter et anonymt advarselsbrev, der får hende til at aflyse mødet; brevet er bragt af Sørens medløber Jens Krold. Diana indvilger i en ridetur med Henrik Bjerre, hvor han redder hende fra en løbsk hest og udnytter situationen til at erklære sin kærlighed; Diana afviser ham høfligt. Henrik besøger herefter sammen med Diana en syg kone, hvor Moder Gynt optræder som selvudnævnt helbreder; Henrik får hende bortvist og vinder Dianas tillid. Diana indlogeres herefter hos Kammerraad Bjerres familie for at komme væk fra hjemmet; Henrik benytter lejligheden til at servere kaffe for hende fra en kop, han selv har udvalgt, mens han i smug har forberedt et middel til at påvirke hendes sind. Henrik tager derefter til Jylland for at besøge sin fætter Sofie, men er tavs og fjern, fordi hans tanker kun kredser om Diana. Under hans fravær er Diana nedtrykt og længes efter Henrik. Da han vender hjem, erklærer han sin kærlighed, og Diana giver efter, selv om hun stadig føler sig bundet af sit løfte til Niels Brandt. Henrik opsøger nu Niels for at vurdere, om denne virkelig elsker Diana, og lover at bringe et bud fra ham til hende. Samtidig bestikker Henrik Moder Gynt til at arrangere et selskab for de unge piger, der bejler til Niels, og får Karen til at give Niels en kærlighedsdrik. Under påvirkning af drikken forfører Karen Niels, mens Søren i smug observerer det hele og sværger på hævn. Da Diana og Henrik tilfældigt passerer stedet, finder de Niels blødende og bevidstløs efter et sammenstød med Søren. Henrik hjælper Niels hjem, og Diana indser nu, at hendes kærlighed til Niels er forbi. Augusta Bjerre og løjtnant Karlsen forlover sig med forældrenes samtykke. Diana og Henrik er nu fri til at elske hinanden, men Diana plages af dårlig samvittighed over sin troløshed. Henrik forsøger at berolige hende og lover, at Niels ikke vil lide overlast. Om natten ser Diana i et syner Niels død og Karen grædende over ham. Henrik rider til Moder Gynt for at få hende til at arrangere endnu et selskab på kroen, hvor Niels og Karen igen skal mødes. På kroen danser Niels med Karen, men forsvinder pludselig, da Jens Krold hvisker ham i øret, at Diana måske venter i lysthuset. I stedet møder han Søren, der afpresser ham og kræver penge for ikke at afsløre hans forhold til Karen. Under tumulten falder Niels og slår hovedet. Diana og Henrik finder ham bevidstløs og bringer ham tilbage til Linds Gods. Diana er nu overbevist om, at Niels har været hende utro, og giver sig helt hen til Henrik. Samtidig afdækkes løjtnant Karlsens dobbeltspil: han har lovet Marie Birk, skrædderdatteren, at gifte sig med hende, men har også forlovet sig med Augusta. Marie konfronterer ham med brevet fra Augusta og indser, at han har bedraget hende. Karlsen er nu i pengenød og pantsætter sit guldur for at finansiere sit kommende besøg af Augusta og hendes forældre. Moder Gynts fortid som kvaksalver, der har forårsaget en ung piges død, afsløres; Henrik kender hemmeligheden og bruger den til at true hende til lydighed. Henrik og Niels aftaler et natligt møde i skoven for at opgøre deres uoverensstemmelser; Søren overværer samtalen og sværger på hævn. Niels påskydes af Søren i skoven, men overlever og bringes til herregården Emiliesminde, hvor han plejes af den smukke fremmede pige Aurelia, som er vokset op som plejedatter hos godsejer Michael Storm. Aurelia elsker Niels, men han er blind for hendes følelser. Storm, der er barnløs, frier til hende, men hun afviser ham. Henrik og Diana forlover sig, men Diana plages stadig af skyld over for Niels. Henrik rider til Emiliesminde for at tale med Niels og finder ham sammen med Aurelia. Henrik indser, at Niels nu elsker Aurelia, og at Diana er fri. Han vender hjem og beroliger Diana. Niels og Aurelia gifter sig og tager til Jylland. Diana og Henrik gifter sig og overtager Linds Gods. Karlsen må flygte efter sit dobbeltspil. Søren forsvinder sporløst. Moder Gynt dør alene og glemt. [Time]",2
"Summary #1

Handlingen udspiller sig i oktober på Fyn, hovedsageligt omkring Odense, herregården Linds Gods og nabogodset Ulriksholm. To år før den aktuelle begivenhedsrække forelskede godsejerdatteren Diana Lind sig i den fattige skytte Niels Brandt; hendes far opdagede forholdet, jagede skytten bort og har siden udset fætteren, løjtnant Karlsen, som hendes kommende ægtemand. Nu opsøger den gamle kusk Knud Niels Skytte i en kro og bringer ham ind til Odense, fordi Diana gennem Knud har indkaldt skytten til hemmeligt møde i hotellets have. Undervejs observeres de to af den fattige familiefar Søren, der tidligere er blevet grebet på godsejerens grund og bidt af dennes hunde; Søren sværger hævn og følger efter vognen skjult. Diana og Niels genforenes om aftenen, aflægger hinanden kærlighedserklæringer og aftaler nyt stævnemøde næste aften kl. 10 i et lysthus; en skjult tilskuer – formodentlig Søren – afslører sig med en hånlig latter. Samtidig planlægger teologistuderende Henrik Bjerre, der også bejler til Diana, at vinde hendes kærlighed ved hjælp af urter og heksen Moder Gynts råd; han stjæler urter til et uoplyst formål. Diana modtager dagen efter et anonymt advarselsbrev, der får hende til at aflyse mødet; brevet er bragt af Sørens medløber Jens Krold. Diana indvilger i en ridetur med Henrik Bjerre, hvor han redder hende fra en løbsk hest og udnytter situationen til at erklære sin kærlighed; Diana afviser ham høfligt. Henrik besøger herefter sammen med Diana en syg kone, hvor Moder Gynt optræder som selvudnævnt helbreder; Henrik får hende bortvist og vinder Dianas tillid. Diana indlogeres herefter hos Kammerraad Bjerres familie for at komme væk fra hjemmet; Henrik benytter lejligheden til at servere kaffe for hende fra en kop, han selv har udvalgt, mens han i smug har forberedt et middel til at påvirke hendes sind. Henrik tager derefter til Jylland for at besøge sin fætter Sofie, men er tavs og fjern, fordi hans tanker kun kredser om Diana. Under hans fravær er Diana nedtrykt og længes efter Henrik. Da han vender hjem, erklærer han sin kærlighed, og Diana giver efter, selv om hun stadig føler sig bundet af sit løfte til Niels Brandt. Henrik opsøger nu Niels for at vurdere, om denne virkelig elsker Diana, og lover at bringe et bud fra ham til hende. Samtidig bestikker Henrik Moder Gynt til at arrangere et selskab for de unge piger, der bejler til Niels, og får Karen til at give Niels en kærlighedsdrik. Under påvirkning af drikken forfører Karen Niels, mens Søren i smug observerer det hele og sværger på hævn. Da Diana og Henrik tilfældigt passerer stedet, finder de Niels blødende og bevidstløs efter et sammenstød med Søren. Henrik hjælper Niels hjem, og Diana indser nu, at hendes kærlighed til Niels er forbi. Augusta Bjerre og løjtnant Karlsen forlover sig med forældrenes samtykke. Diana og Henrik er nu fri til at elske hinanden, men Diana plages af dårlig samvittighed over sin troløshed. Henrik forsøger at berolige hende og lover, at Niels ikke vil lide overlast. Om natten ser Diana i et syner Niels død og Karen grædende over ham. Henrik rider til Moder Gynt for at få hende til at arrangere endnu et selskab på kroen, hvor Niels og Karen igen skal mødes. På kroen danser Niels med Karen, men forsvinder pludselig, da Jens Krold hvisker ham i øret, at Diana måske venter i lysthuset. I stedet møder han Søren, der afpresser ham og kræver penge for ikke at afsløre hans forhold til Karen. Under tumulten falder Niels og slår hovedet. Diana og Henrik finder ham bevidstløs og bringer ham tilbage til Linds Gods. Diana er nu overbevist om, at Niels har været hende utro, og giver sig helt hen til Henrik. Samtidig afdækkes løjtnant Karlsens dobbeltspil: han har lovet Marie Birk, skrædderdatteren, at gifte sig med hende, men har også forlovet sig med Augusta. Marie konfronterer ham med brevet fra Augusta og indser, at han har bedraget hende. Karlsen er nu i pengenød og pantsætter sit guldur for at finansiere sit kommende besøg af Augusta og hendes forældre. Moder Gynts fortid som kvaksalver, der har forårsaget en ung piges død, afsløres; Henrik kender hemmeligheden og bruger den til at true hende til lydighed. Henrik og Niels aftaler et natligt møde i skoven for at opgøre deres uoverensstemmelser; Søren overværer samtalen og sværger på hævn. Niels påskydes af Søren i skoven, men overlever og bringes til herregården Emiliesminde, hvor han plejes af den smukke fremmede pige Aurelia, som er vokset op som plejedatter hos godsejer Michael Storm. Aurelia elsker Niels, men han er blind for hendes følelser. Storm, der er barnløs, frier til hende, men hun afviser ham. Henrik og Diana forlover sig, men Diana plages stadig af skyld over for Niels. Henrik rider til Emiliesminde for at tale med Niels og finder ham sammen med Aurelia. Henrik indser, at Niels nu elsker Aurelia, og at Diana er fri. Han vender hjem og beroliger Diana. Niels og Aurelia gifter sig og tager til Jylland. Diana og Henrik gifter sig og overtager Linds Gods. Karlsen må flygte efter sit dobbeltspil. Søren forsvinder sporløst. Moder Gynt dør alene og glemt. [Place]",5
"Summary #1

Handlingen udspiller sig i oktober på Fyn, hovedsageligt omkring Odense, herregården Linds Gods og nabogodset Ulriksholm. To år før den aktuelle begivenhedsrække forelskede godsejerdatteren Diana Lind sig i den fattige skytte Niels Brandt; hendes far opdagede forholdet, jagede skytten bort og har siden udset fætteren, løjtnant Karlsen, som hendes kommende ægtemand. Nu opsøger den gamle kusk Knud Niels Skytte i en kro og bringer ham ind til Odense, fordi Diana gennem Knud har indkaldt skytten til hemmeligt møde i hotellets have. Undervejs observeres de to af den fattige familiefar Søren, der tidligere er blevet grebet på godsejerens grund og bidt af dennes hunde; Søren sværger hævn og følger efter vognen skjult. Diana og Niels genforenes om aftenen, aflægger hinanden kærlighedserklæringer og aftaler nyt stævnemøde næste aften kl. 10 i et lysthus; en skjult tilskuer – formodentlig Søren – afslører sig med en hånlig latter. Samtidig planlægger teologistuderende Henrik Bjerre, der også bejler til Diana, at vinde hendes kærlighed ved hjælp af urter og heksen Moder Gynts råd; han stjæler urter til et uoplyst formål. Diana modtager dagen efter et anonymt advarselsbrev, der får hende til at aflyse mødet; brevet er bragt af Sørens medløber Jens Krold. Diana indvilger i en ridetur med Henrik Bjerre, hvor han redder hende fra en løbsk hest og udnytter situationen til at erklære sin kærlighed; Diana afviser ham høfligt. Henrik besøger herefter sammen med Diana en syg kone, hvor Moder Gynt optræder som selvudnævnt helbreder; Henrik får hende bortvist og vinder Dianas tillid. Diana indlogeres herefter hos Kammerraad Bjerres familie for at komme væk fra hjemmet; Henrik benytter lejligheden til at servere kaffe for hende fra en kop, han selv har udvalgt, mens han i smug har forberedt et middel til at påvirke hendes sind. Henrik tager derefter til Jylland for at besøge sin fætter Sofie, men er tavs og fjern, fordi hans tanker kun kredser om Diana. Under hans fravær er Diana nedtrykt og længes efter Henrik. Da han vender hjem, erklærer han sin kærlighed, og Diana giver efter, selv om hun stadig føler sig bundet af sit løfte til Niels Brandt. Henrik opsøger nu Niels for at vurdere, om denne virkelig elsker Diana, og lover at bringe et bud fra ham til hende. Samtidig bestikker Henrik Moder Gynt til at arrangere et selskab for de unge piger, der bejler til Niels, og får Karen til at give Niels en kærlighedsdrik. Under påvirkning af drikken forfører Karen Niels, mens Søren i smug observerer det hele og sværger på hævn. Da Diana og Henrik tilfældigt passerer stedet, finder de Niels blødende og bevidstløs efter et sammenstød med Søren. Henrik hjælper Niels hjem, og Diana indser nu, at hendes kærlighed til Niels er forbi. Augusta Bjerre og løjtnant Karlsen forlover sig med forældrenes samtykke. Diana og Henrik er nu fri til at elske hinanden, men Diana plages af dårlig samvittighed over sin troløshed. Henrik forsøger at berolige hende og lover, at Niels ikke vil lide overlast. Om natten ser Diana i et syner Niels død og Karen grædende over ham. Henrik rider til Moder Gynt for at få hende til at arrangere endnu et selskab på kroen, hvor Niels og Karen igen skal mødes. På kroen danser Niels med Karen, men forsvinder pludselig, da Jens Krold hvisker ham i øret, at Diana måske venter i lysthuset. I stedet møder han Søren, der afpresser ham og kræver penge for ikke at afsløre hans forhold til Karen. Under tumulten falder Niels og slår hovedet. Diana og Henrik finder ham bevidstløs og bringer ham tilbage til Linds Gods. Diana er nu overbevist om, at Niels har været hende utro, og giver sig helt hen til Henrik. Samtidig afdækkes løjtnant Karlsens dobbeltspil: han har lovet Marie Birk, skrædderdatteren, at gifte sig med hende, men har også forlovet sig med Augusta. Marie konfronterer ham med brevet fra Augusta og indser, at han har bedraget hende. Karlsen er nu i pengenød og pantsætter sit guldur for at finansiere sit kommende besøg af Augusta og hendes forældre. Moder Gynts fortid som kvaksalver, der har forårsaget en ung piges død, afsløres; Henrik kender hemmeligheden og bruger den til at true hende til lydighed. Henrik og Niels aftaler et natligt møde i skoven for at opgøre deres uoverensstemmelser; Søren overværer samtalen og sværger på hævn. Niels påskydes af Søren i skoven, men overlever og bringes til herregården Emiliesminde, hvor han plejes af den smukke fremmede pige Aurelia, som er vokset op som plejedatter hos godsejer Michael Storm. Aurelia elsker Niels, men han er blind for hendes følelser. Storm, der er barnløs, frier til hende, men hun afviser ham. Henrik og Diana forlover sig, men Diana plages stadig af skyld over for Niels. Henrik rider til Emiliesminde for at tale med Niels og finder ham sammen med Aurelia. Henrik indser, at Niels nu elsker Aurelia, og at Diana er fri. Han vender hjem og beroliger Diana. Niels og Aurelia gifter sig og tager til Jylland. Diana og Henrik gifter sig og overtager Linds Gods. Karlsen må flygte efter sit dobbeltspil. Søren forsvinder sporløst. Moder Gynt dør alene og glemt. [Characters]",4
"Summary #1

Handlingen udspiller sig i oktober på Fyn, hovedsageligt omkring Odense, herregården Linds Gods og nabogodset Ulriksholm. To år før den aktuelle begivenhedsrække forelskede godsejerdatteren Diana Lind sig i den fattige skytte Niels Brandt; hendes far opdagede forholdet, jagede skytten bort og har siden udset fætteren, løjtnant Karlsen, som hendes kommende ægtemand. Nu opsøger den gamle kusk Knud Niels Skytte i en kro og bringer ham ind til Odense, fordi Diana gennem Knud har indkaldt skytten til hemmeligt møde i hotellets have. Undervejs observeres de to af den fattige familiefar Søren, der tidligere er blevet grebet på godsejerens grund og bidt af dennes hunde; Søren sværger hævn og følger efter vognen skjult. Diana og Niels genforenes om aftenen, aflægger hinanden kærlighedserklæringer og aftaler nyt stævnemøde næste aften kl. 10 i et lysthus; en skjult tilskuer – formodentlig Søren – afslører sig med en hånlig latter. Samtidig planlægger teologistuderende Henrik Bjerre, der også bejler til Diana, at vinde hendes kærlighed ved hjælp af urter og heksen Moder Gynts råd; han stjæler urter til et uoplyst formål. Diana modtager dagen efter et anonymt advarselsbrev, der får hende til at aflyse mødet; brevet er bragt af Sørens medløber Jens Krold. Diana indvilger i en ridetur med Henrik Bjerre, hvor han redder hende fra en løbsk hest og udnytter situationen til at erklære sin kærlighed; Diana afviser ham høfligt. Henrik besøger herefter sammen med Diana en syg kone, hvor Moder Gynt optræder som selvudnævnt helbreder; Henrik får hende bortvist og vinder Dianas tillid. Diana indlogeres herefter hos Kammerraad Bjerres familie for at komme væk fra hjemmet; Henrik benytter lejligheden til at servere kaffe for hende fra en kop, han selv har udvalgt, mens han i smug har forberedt et middel til at påvirke hendes sind. Henrik tager derefter til Jylland for at besøge sin fætter Sofie, men er tavs og fjern, fordi hans tanker kun kredser om Diana. Under hans fravær er Diana nedtrykt og længes efter Henrik. Da han vender hjem, erklærer han sin kærlighed, og Diana giver efter, selv om hun stadig føler sig bundet af sit løfte til Niels Brandt. Henrik opsøger nu Niels for at vurdere, om denne virkelig elsker Diana, og lover at bringe et bud fra ham til hende. Samtidig bestikker Henrik Moder Gynt til at arrangere et selskab for de unge piger, der bejler til Niels, og får Karen til at give Niels en kærlighedsdrik. Under påvirkning af drikken forfører Karen Niels, mens Søren i smug observerer det hele og sværger på hævn. Da Diana og Henrik tilfældigt passerer stedet, finder de Niels blødende og bevidstløs efter et sammenstød med Søren. Henrik hjælper Niels hjem, og Diana indser nu, at hendes kærlighed til Niels er forbi. Augusta Bjerre og løjtnant Karlsen forlover sig med forældrenes samtykke. Diana og Henrik er nu fri til at elske hinanden, men Diana plages af dårlig samvittighed over sin troløshed. Henrik forsøger at berolige hende og lover, at Niels ikke vil lide overlast. Om natten ser Diana i et syner Niels død og Karen grædende over ham. Henrik rider til Moder Gynt for at få hende til at arrangere endnu et selskab på kroen, hvor Niels og Karen igen skal mødes. På kroen danser Niels med Karen, men forsvinder pludselig, da Jens Krold hvisker ham i øret, at Diana måske venter i lysthuset. I stedet møder han Søren, der afpresser ham og kræver penge for ikke at afsløre hans forhold til Karen. Under tumulten falder Niels og slår hovedet. Diana og Henrik finder ham bevidstløs og bringer ham tilbage til Linds Gods. Diana er nu overbevist om, at Niels har været hende utro, og giver sig helt hen til Henrik. Samtidig afdækkes løjtnant Karlsens dobbeltspil: han har lovet Marie Birk, skrædderdatteren, at gifte sig med hende, men har også forlovet sig med Augusta. Marie konfronterer ham med brevet fra Augusta og indser, at han har bedraget hende. Karlsen er nu i pengenød og pantsætter sit guldur for at finansiere sit kommende besøg af Augusta og hendes forældre. Moder Gynts fortid som kvaksalver, der har forårsaget en ung piges død, afsløres; Henrik kender hemmeligheden og bruger den til at true hende til lydighed. Henrik og Niels aftaler et natligt møde i skoven for at opgøre deres uoverensstemmelser; Søren overværer samtalen og sværger på hævn. Niels påskydes af Søren i skoven, men overlever og bringes til herregården Emiliesminde, hvor han plejes af den smukke fremmede pige Aurelia, som er vokset op som plejedatter hos godsejer Michael Storm. Aurelia elsker Niels, men han er blind for hendes følelser. Storm, der er barnløs, frier til hende, men hun afviser ham. Henrik og Diana forlover sig, men Diana plages stadig af skyld over for Niels. Henrik rider til Emiliesminde for at tale med Niels og finder ham sammen med Aurelia. Henrik indser, at Niels nu elsker Aurelia, og at Diana er fri. Han vender hjem og beroliger Diana. Niels og Aurelia gifter sig og tager til Jylland. Diana og Henrik gifter sig og overtager Linds Gods. Karlsen må flygte efter sit dobbeltspil. Søren forsvinder sporløst. Moder Gynt dør alene og glemt. [Plot]",3
"Summary #1

Handlingen udspiller sig i oktober på Fyn, hovedsageligt omkring Odense, herregården Linds Gods og nabogodset Ulriksholm. To år før den aktuelle begivenhedsrække forelskede godsejerdatteren Diana Lind sig i den fattige skytte Niels Brandt; hendes far opdagede forholdet, jagede skytten bort og har siden udset fætteren, løjtnant Karlsen, som hendes kommende ægtemand. Nu opsøger den gamle kusk Knud Niels Skytte i en kro og bringer ham ind til Odense, fordi Diana gennem Knud har indkaldt skytten til hemmeligt møde i hotellets have. Undervejs observeres de to af den fattige familiefar Søren, der tidligere er blevet grebet på godsejerens grund og bidt af dennes hunde; Søren sværger hævn og følger efter vognen skjult. Diana og Niels genforenes om aftenen, aflægger hinanden kærlighedserklæringer og aftaler nyt stævnemøde næste aften kl. 10 i et lysthus; en skjult tilskuer – formodentlig Søren – afslører sig med en hånlig latter. Samtidig planlægger teologistuderende Henrik Bjerre, der også bejler til Diana, at vinde hendes kærlighed ved hjælp af urter og heksen Moder Gynts råd; han stjæler urter til et uoplyst formål. Diana modtager dagen efter et anonymt advarselsbrev, der får hende til at aflyse mødet; brevet er bragt af Sørens medløber Jens Krold. Diana indvilger i en ridetur med Henrik Bjerre, hvor han redder hende fra en løbsk hest og udnytter situationen til at erklære sin kærlighed; Diana afviser ham høfligt. Henrik besøger herefter sammen med Diana en syg kone, hvor Moder Gynt optræder som selvudnævnt helbreder; Henrik får hende bortvist og vinder Dianas tillid. Diana indlogeres herefter hos Kammerraad Bjerres familie for at komme væk fra hjemmet; Henrik benytter lejligheden til at servere kaffe for hende fra en kop, han selv har udvalgt, mens han i smug har forberedt et middel til at påvirke hendes sind. Henrik tager derefter til Jylland for at besøge sin fætter Sofie, men er tavs og fjern, fordi hans tanker kun kredser om Diana. Under hans fravær er Diana nedtrykt og længes efter Henrik. Da han vender hjem, erklærer han sin kærlighed, og Diana giver efter, selv om hun stadig føler sig bundet af sit løfte til Niels Brandt. Henrik opsøger nu Niels for at vurdere, om denne virkelig elsker Diana, og lover at bringe et bud fra ham til hende. Samtidig bestikker Henrik Moder Gynt til at arrangere et selskab for de unge piger, der bejler til Niels, og får Karen til at give Niels en kærlighedsdrik. Under påvirkning af drikken forfører Karen Niels, mens Søren i smug observerer det hele og sværger på hævn. Da Diana og Henrik tilfældigt passerer stedet, finder de Niels blødende og bevidstløs efter et sammenstød med Søren. Henrik hjælper Niels hjem, og Diana indser nu, at hendes kærlighed til Niels er forbi. Augusta Bjerre og løjtnant Karlsen forlover sig med forældrenes samtykke. Diana og Henrik er nu fri til at elske hinanden, men Diana plages af dårlig samvittighed over sin troløshed. Henrik forsøger at berolige hende og lover, at Niels ikke vil lide overlast. Om natten ser Diana i et syner Niels død og Karen grædende over ham. Henrik rider til Moder Gynt for at få hende til at arrangere endnu et selskab på kroen, hvor Niels og Karen igen skal mødes. På kroen danser Niels med Karen, men forsvinder pludselig, da Jens Krold hvisker ham i øret, at Diana måske venter i lysthuset. I stedet møder han Søren, der afpresser ham og kræver penge for ikke at afsløre hans forhold til Karen. Under tumulten falder Niels og slår hovedet. Diana og Henrik finder ham bevidstløs og bringer ham tilbage til Linds Gods. Diana er nu overbevist om, at Niels har været hende utro, og giver sig helt hen til Henrik. Samtidig afdækkes løjtnant Karlsens dobbeltspil: han har lovet Marie Birk, skrædderdatteren, at gifte sig med hende, men har også forlovet sig med Augusta. Marie konfronterer ham med brevet fra Augusta og indser, at han har bedraget hende. Karlsen er nu i pengenød og pantsætter sit guldur for at finansiere sit kommende besøg af Augusta og hendes forældre. Moder Gynts fortid som kvaksalver, der har forårsaget en ung piges død, afsløres; Henrik kender hemmeligheden og bruger den til at true hende til lydighed. Henrik og Niels aftaler et natligt møde i skoven for at opgøre deres uoverensstemmelser; Søren overværer samtalen og sværger på hævn. Niels påskydes af Søren i skoven, men overlever og bringes til herregården Emiliesminde, hvor han plejes af den smukke fremmede pige Aurelia, som er vokset op som plejedatter hos godsejer Michael Storm. Aurelia elsker Niels, men han er blind for hendes følelser. Storm, der er barnløs, frier til hende, men hun afviser ham. Henrik og Diana forlover sig, men Diana plages stadig af skyld over for Niels. Henrik rider til Emiliesminde for at tale med Niels og finder ham sammen med Aurelia. Henrik indser, at Niels nu elsker Aurelia, og at Diana er fri. Han vender hjem og beroliger Diana. Niels og Aurelia gifter sig og tager til Jylland. Diana og Henrik gifter sig og overtager Linds Gods. Karlsen må flygte efter sit dobbeltspil. Søren forsvinder sporløst. Moder Gynt dør alene og glemt. [Themes]",2
"Summary #2

Handlingen foregår i et samtidspæget fynsk landadeligt og borgerligt miljø omkring Odense og omegn med steder som en landevejskro, Odense (hotelmiljø og løjtnant Karlsens kvarter), godset Lindegaard, kammeråd Bjerres Ulriksholm, Emiliesminde/Storms ejendom samt Mo’er Gynts hytte og skovene; senere udvides geografien til rejse- og havnebyer som Middelfart, Snoghøj, Kolding, Haderslev, Hamborg og København og videre ud i Europa og oversøisk. I baggrunden anes regimentet i Odense, mens konflikter drives af standsforskelle, afhængighed, gæld, hemmeligholdte slægtskaber og intriger.

En regnfuld oktoberaften søger den unge skytte Niels Skytte (senere Niels Brandt) og kusken Knud ly på en kro på vej mod Odense, hvor mistænkelige personer færdes; den ene, Søren, gemmer sig senere i deres vogn. I Odense viser det sig, at frøken Diana Lind i hemmelighed har ladet Knud bringe Niels til byen, mens familien presser på for, at hun skal knyttes til sin fætter, løjtnant Theodor Carlsen. Diana og Niels mødes og aftaler et nyt møde, men deres ord gentages af en skjult stemme, hvilket varsler overvågning. Samtidig opsøger teologisk kandidat Henrik Bjerre den berygtede Mo’er Gynt, en gammel kvinde med ry for “kunster” og et fjendtligt forhold til Lind-familien; han stjæler urter og lægger en plan for at vinde magt over Diana.

Søren og hans kone Marie lever i fattigdom og er knyttet til et tvivlsomt netværk omkring Jens Krold. Søren, tidligere krybskytte på Lindegaards jord, drives af hævn, belurer Diana og Niels og forsøger med opsnappede breve at afpresse dem på deres hemmelige forhold. På Lindegaard kræver godsejer Lind, at Diana gifter sig med Carlsen; da hun erklærer, at hun elsker en anden, reagerer han med raseri, og hun bryder sammen. Et tilbageblik viser, at Dianas og Niels’ kærlighed går tilbage til et løfte ved Niels’ mors dødsleje, som Lind overhørte og straffede ved at forvise Niels.

Bjerre-familien trækkes tættere ind i kredsen, og under en udflugt opstår en hemmelig forlovelse mellem Augusta Bjerre og Carlsen. Henrik arbejder samtidig på at binde Diana til sig: han får hende sendt til Ulriksholm og lader Augusta give hende kaffe i en særlig kop, som han drypper et middel i. Henrik opsøger også Niels, nu i tjeneste på Ulriksholm, foregiver at bringe bud fra Diana og får ham til at skrive et brev, som Henrik lover at overbringe i hemmelighed. Via Mo’er Gynt samles unge piger til en “kaffevisit”; bondepigen Karen, der sværmer for Niels, får en “elskogsdrik” og drypper den i hans drik, så han i påvirket tilstand omfavner Karen, mens Søren spionerer og tolker det som troløshed. Senere møder Niels Søren i skoven med skjult vildt og forsøger at anholde ham; Søren skyder ham i skulderen, men overmandes og overgives til myndighederne, og Niels bringes såret til Emiliesminde.

Mo’er Gynts fortid afdækkes: hun fortæller, at hun er Karens mor, og at Karen som ung blev forført på Lindegaard af den daværende ejers søn (Lind), blev gravid, udstødt og døde kort efter fødslen. Barnet, Viggo, blev sat i pleje og voksede op under andet navn. Ved juletid samles et selskab på Lindegaard, hvor også Aurelia (Thorvald Storms plejedatter) optræder. Viggo ankommer under dæknavnet “Lange” med adgang gennem sin forlovede Henriette. Mo’er Gynt møder Henriette, som rystes af historien og tager den gamle til sig, og Mo’er Gynt bringer samtidig besked om, at Lind vil give Viggo samme rettigheder som en i ægteskab født søn, hvilket fjerner en økonomisk hindring for forlovelsen. Viggo fastholder sin kunstneriske vej og planlægger med Henriette en kort rejse efter brylluppet.

Kort efter jul beslutter man på Lindegaard at gøre Lind bekendt med et forhold mellem Diana og Henrik og få en forlovelse bragt i stand. Henrik beder formelt om Linds samtykke, og Lind og fruen accepterer, men Lind understreger, at Dianas formue efter forældrenes død skal deles mellem hende og “en anden”, og kræver absolut hemmeligholdelse. Diana beder om et snarligt bryllup og afslører, at hun er gravid; Henrik lover at ændre sine planer og om nødvendigt gifte sig uden faderens samtykke. [Fluency]",3
"Summary #2

Handlingen foregår i et samtidspæget fynsk landadeligt og borgerligt miljø omkring Odense og omegn med steder som en landevejskro, Odense (hotelmiljø og løjtnant Karlsens kvarter), godset Lindegaard, kammeråd Bjerres Ulriksholm, Emiliesminde/Storms ejendom samt Mo’er Gynts hytte og skovene; senere udvides geografien til rejse- og havnebyer som Middelfart, Snoghøj, Kolding, Haderslev, Hamborg og København og videre ud i Europa og oversøisk. I baggrunden anes regimentet i Odense, mens konflikter drives af standsforskelle, afhængighed, gæld, hemmeligholdte slægtskaber og intriger.

En regnfuld oktoberaften søger den unge skytte Niels Skytte (senere Niels Brandt) og kusken Knud ly på en kro på vej mod Odense, hvor mistænkelige personer færdes; den ene, Søren, gemmer sig senere i deres vogn. I Odense viser det sig, at frøken Diana Lind i hemmelighed har ladet Knud bringe Niels til byen, mens familien presser på for, at hun skal knyttes til sin fætter, løjtnant Theodor Carlsen. Diana og Niels mødes og aftaler et nyt møde, men deres ord gentages af en skjult stemme, hvilket varsler overvågning. Samtidig opsøger teologisk kandidat Henrik Bjerre den berygtede Mo’er Gynt, en gammel kvinde med ry for “kunster” og et fjendtligt forhold til Lind-familien; han stjæler urter og lægger en plan for at vinde magt over Diana.

Søren og hans kone Marie lever i fattigdom og er knyttet til et tvivlsomt netværk omkring Jens Krold. Søren, tidligere krybskytte på Lindegaards jord, drives af hævn, belurer Diana og Niels og forsøger med opsnappede breve at afpresse dem på deres hemmelige forhold. På Lindegaard kræver godsejer Lind, at Diana gifter sig med Carlsen; da hun erklærer, at hun elsker en anden, reagerer han med raseri, og hun bryder sammen. Et tilbageblik viser, at Dianas og Niels’ kærlighed går tilbage til et løfte ved Niels’ mors dødsleje, som Lind overhørte og straffede ved at forvise Niels.

Bjerre-familien trækkes tættere ind i kredsen, og under en udflugt opstår en hemmelig forlovelse mellem Augusta Bjerre og Carlsen. Henrik arbejder samtidig på at binde Diana til sig: han får hende sendt til Ulriksholm og lader Augusta give hende kaffe i en særlig kop, som han drypper et middel i. Henrik opsøger også Niels, nu i tjeneste på Ulriksholm, foregiver at bringe bud fra Diana og får ham til at skrive et brev, som Henrik lover at overbringe i hemmelighed. Via Mo’er Gynt samles unge piger til en “kaffevisit”; bondepigen Karen, der sværmer for Niels, får en “elskogsdrik” og drypper den i hans drik, så han i påvirket tilstand omfavner Karen, mens Søren spionerer og tolker det som troløshed. Senere møder Niels Søren i skoven med skjult vildt og forsøger at anholde ham; Søren skyder ham i skulderen, men overmandes og overgives til myndighederne, og Niels bringes såret til Emiliesminde.

Mo’er Gynts fortid afdækkes: hun fortæller, at hun er Karens mor, og at Karen som ung blev forført på Lindegaard af den daværende ejers søn (Lind), blev gravid, udstødt og døde kort efter fødslen. Barnet, Viggo, blev sat i pleje og voksede op under andet navn. Ved juletid samles et selskab på Lindegaard, hvor også Aurelia (Thorvald Storms plejedatter) optræder. Viggo ankommer under dæknavnet “Lange” med adgang gennem sin forlovede Henriette. Mo’er Gynt møder Henriette, som rystes af historien og tager den gamle til sig, og Mo’er Gynt bringer samtidig besked om, at Lind vil give Viggo samme rettigheder som en i ægteskab født søn, hvilket fjerner en økonomisk hindring for forlovelsen. Viggo fastholder sin kunstneriske vej og planlægger med Henriette en kort rejse efter brylluppet.

Kort efter jul beslutter man på Lindegaard at gøre Lind bekendt med et forhold mellem Diana og Henrik og få en forlovelse bragt i stand. Henrik beder formelt om Linds samtykke, og Lind og fruen accepterer, men Lind understreger, at Dianas formue efter forældrenes død skal deles mellem hende og “en anden”, og kræver absolut hemmeligholdelse. Diana beder om et snarligt bryllup og afslører, at hun er gravid; Henrik lover at ændre sine planer og om nødvendigt gifte sig uden faderens samtykke. [Coherence]",3
"Summary #2

Handlingen foregår i et samtidspæget fynsk landadeligt og borgerligt miljø omkring Odense og omegn med steder som en landevejskro, Odense (hotelmiljø og løjtnant Karlsens kvarter), godset Lindegaard, kammeråd Bjerres Ulriksholm, Emiliesminde/Storms ejendom samt Mo’er Gynts hytte og skovene; senere udvides geografien til rejse- og havnebyer som Middelfart, Snoghøj, Kolding, Haderslev, Hamborg og København og videre ud i Europa og oversøisk. I baggrunden anes regimentet i Odense, mens konflikter drives af standsforskelle, afhængighed, gæld, hemmeligholdte slægtskaber og intriger.

En regnfuld oktoberaften søger den unge skytte Niels Skytte (senere Niels Brandt) og kusken Knud ly på en kro på vej mod Odense, hvor mistænkelige personer færdes; den ene, Søren, gemmer sig senere i deres vogn. I Odense viser det sig, at frøken Diana Lind i hemmelighed har ladet Knud bringe Niels til byen, mens familien presser på for, at hun skal knyttes til sin fætter, løjtnant Theodor Carlsen. Diana og Niels mødes og aftaler et nyt møde, men deres ord gentages af en skjult stemme, hvilket varsler overvågning. Samtidig opsøger teologisk kandidat Henrik Bjerre den berygtede Mo’er Gynt, en gammel kvinde med ry for “kunster” og et fjendtligt forhold til Lind-familien; han stjæler urter og lægger en plan for at vinde magt over Diana.

Søren og hans kone Marie lever i fattigdom og er knyttet til et tvivlsomt netværk omkring Jens Krold. Søren, tidligere krybskytte på Lindegaards jord, drives af hævn, belurer Diana og Niels og forsøger med opsnappede breve at afpresse dem på deres hemmelige forhold. På Lindegaard kræver godsejer Lind, at Diana gifter sig med Carlsen; da hun erklærer, at hun elsker en anden, reagerer han med raseri, og hun bryder sammen. Et tilbageblik viser, at Dianas og Niels’ kærlighed går tilbage til et løfte ved Niels’ mors dødsleje, som Lind overhørte og straffede ved at forvise Niels.

Bjerre-familien trækkes tættere ind i kredsen, og under en udflugt opstår en hemmelig forlovelse mellem Augusta Bjerre og Carlsen. Henrik arbejder samtidig på at binde Diana til sig: han får hende sendt til Ulriksholm og lader Augusta give hende kaffe i en særlig kop, som han drypper et middel i. Henrik opsøger også Niels, nu i tjeneste på Ulriksholm, foregiver at bringe bud fra Diana og får ham til at skrive et brev, som Henrik lover at overbringe i hemmelighed. Via Mo’er Gynt samles unge piger til en “kaffevisit”; bondepigen Karen, der sværmer for Niels, får en “elskogsdrik” og drypper den i hans drik, så han i påvirket tilstand omfavner Karen, mens Søren spionerer og tolker det som troløshed. Senere møder Niels Søren i skoven med skjult vildt og forsøger at anholde ham; Søren skyder ham i skulderen, men overmandes og overgives til myndighederne, og Niels bringes såret til Emiliesminde.

Mo’er Gynts fortid afdækkes: hun fortæller, at hun er Karens mor, og at Karen som ung blev forført på Lindegaard af den daværende ejers søn (Lind), blev gravid, udstødt og døde kort efter fødslen. Barnet, Viggo, blev sat i pleje og voksede op under andet navn. Ved juletid samles et selskab på Lindegaard, hvor også Aurelia (Thorvald Storms plejedatter) optræder. Viggo ankommer under dæknavnet “Lange” med adgang gennem sin forlovede Henriette. Mo’er Gynt møder Henriette, som rystes af historien og tager den gamle til sig, og Mo’er Gynt bringer samtidig besked om, at Lind vil give Viggo samme rettigheder som en i ægteskab født søn, hvilket fjerner en økonomisk hindring for forlovelsen. Viggo fastholder sin kunstneriske vej og planlægger med Henriette en kort rejse efter brylluppet.

Kort efter jul beslutter man på Lindegaard at gøre Lind bekendt med et forhold mellem Diana og Henrik og få en forlovelse bragt i stand. Henrik beder formelt om Linds samtykke, og Lind og fruen accepterer, men Lind understreger, at Dianas formue efter forældrenes død skal deles mellem hende og “en anden”, og kræver absolut hemmeligholdelse. Diana beder om et snarligt bryllup og afslører, at hun er gravid; Henrik lover at ændre sine planer og om nødvendigt gifte sig uden faderens samtykke. [Relevance]",3
"Summary #2

Handlingen foregår i et samtidspæget fynsk landadeligt og borgerligt miljø omkring Odense og omegn med steder som en landevejskro, Odense (hotelmiljø og løjtnant Karlsens kvarter), godset Lindegaard, kammeråd Bjerres Ulriksholm, Emiliesminde/Storms ejendom samt Mo’er Gynts hytte og skovene; senere udvides geografien til rejse- og havnebyer som Middelfart, Snoghøj, Kolding, Haderslev, Hamborg og København og videre ud i Europa og oversøisk. I baggrunden anes regimentet i Odense, mens konflikter drives af standsforskelle, afhængighed, gæld, hemmeligholdte slægtskaber og intriger.

En regnfuld oktoberaften søger den unge skytte Niels Skytte (senere Niels Brandt) og kusken Knud ly på en kro på vej mod Odense, hvor mistænkelige personer færdes; den ene, Søren, gemmer sig senere i deres vogn. I Odense viser det sig, at frøken Diana Lind i hemmelighed har ladet Knud bringe Niels til byen, mens familien presser på for, at hun skal knyttes til sin fætter, løjtnant Theodor Carlsen. Diana og Niels mødes og aftaler et nyt møde, men deres ord gentages af en skjult stemme, hvilket varsler overvågning. Samtidig opsøger teologisk kandidat Henrik Bjerre den berygtede Mo’er Gynt, en gammel kvinde med ry for “kunster” og et fjendtligt forhold til Lind-familien; han stjæler urter og lægger en plan for at vinde magt over Diana.

Søren og hans kone Marie lever i fattigdom og er knyttet til et tvivlsomt netværk omkring Jens Krold. Søren, tidligere krybskytte på Lindegaards jord, drives af hævn, belurer Diana og Niels og forsøger med opsnappede breve at afpresse dem på deres hemmelige forhold. På Lindegaard kræver godsejer Lind, at Diana gifter sig med Carlsen; da hun erklærer, at hun elsker en anden, reagerer han med raseri, og hun bryder sammen. Et tilbageblik viser, at Dianas og Niels’ kærlighed går tilbage til et løfte ved Niels’ mors dødsleje, som Lind overhørte og straffede ved at forvise Niels.

Bjerre-familien trækkes tættere ind i kredsen, og under en udflugt opstår en hemmelig forlovelse mellem Augusta Bjerre og Carlsen. Henrik arbejder samtidig på at binde Diana til sig: han får hende sendt til Ulriksholm og lader Augusta give hende kaffe i en særlig kop, som han drypper et middel i. Henrik opsøger også Niels, nu i tjeneste på Ulriksholm, foregiver at bringe bud fra Diana og får ham til at skrive et brev, som Henrik lover at overbringe i hemmelighed. Via Mo’er Gynt samles unge piger til en “kaffevisit”; bondepigen Karen, der sværmer for Niels, får en “elskogsdrik” og drypper den i hans drik, så han i påvirket tilstand omfavner Karen, mens Søren spionerer og tolker det som troløshed. Senere møder Niels Søren i skoven med skjult vildt og forsøger at anholde ham; Søren skyder ham i skulderen, men overmandes og overgives til myndighederne, og Niels bringes såret til Emiliesminde.

Mo’er Gynts fortid afdækkes: hun fortæller, at hun er Karens mor, og at Karen som ung blev forført på Lindegaard af den daværende ejers søn (Lind), blev gravid, udstødt og døde kort efter fødslen. Barnet, Viggo, blev sat i pleje og voksede op under andet navn. Ved juletid samles et selskab på Lindegaard, hvor også Aurelia (Thorvald Storms plejedatter) optræder. Viggo ankommer under dæknavnet “Lange” med adgang gennem sin forlovede Henriette. Mo’er Gynt møder Henriette, som rystes af historien og tager den gamle til sig, og Mo’er Gynt bringer samtidig besked om, at Lind vil give Viggo samme rettigheder som en i ægteskab født søn, hvilket fjerner en økonomisk hindring for forlovelsen. Viggo fastholder sin kunstneriske vej og planlægger med Henriette en kort rejse efter brylluppet.

Kort efter jul beslutter man på Lindegaard at gøre Lind bekendt med et forhold mellem Diana og Henrik og få en forlovelse bragt i stand. Henrik beder formelt om Linds samtykke, og Lind og fruen accepterer, men Lind understreger, at Dianas formue efter forældrenes død skal deles mellem hende og “en anden”, og kræver absolut hemmeligholdelse. Diana beder om et snarligt bryllup og afslører, at hun er gravid; Henrik lover at ændre sine planer og om nødvendigt gifte sig uden faderens samtykke. [Factuality]",3
"Summary #2

Handlingen foregår i et samtidspæget fynsk landadeligt og borgerligt miljø omkring Odense og omegn med steder som en landevejskro, Odense (hotelmiljø og løjtnant Karlsens kvarter), godset Lindegaard, kammeråd Bjerres Ulriksholm, Emiliesminde/Storms ejendom samt Mo’er Gynts hytte og skovene; senere udvides geografien til rejse- og havnebyer som Middelfart, Snoghøj, Kolding, Haderslev, Hamborg og København og videre ud i Europa og oversøisk. I baggrunden anes regimentet i Odense, mens konflikter drives af standsforskelle, afhængighed, gæld, hemmeligholdte slægtskaber og intriger.

En regnfuld oktoberaften søger den unge skytte Niels Skytte (senere Niels Brandt) og kusken Knud ly på en kro på vej mod Odense, hvor mistænkelige personer færdes; den ene, Søren, gemmer sig senere i deres vogn. I Odense viser det sig, at frøken Diana Lind i hemmelighed har ladet Knud bringe Niels til byen, mens familien presser på for, at hun skal knyttes til sin fætter, løjtnant Theodor Carlsen. Diana og Niels mødes og aftaler et nyt møde, men deres ord gentages af en skjult stemme, hvilket varsler overvågning. Samtidig opsøger teologisk kandidat Henrik Bjerre den berygtede Mo’er Gynt, en gammel kvinde med ry for “kunster” og et fjendtligt forhold til Lind-familien; han stjæler urter og lægger en plan for at vinde magt over Diana.

Søren og hans kone Marie lever i fattigdom og er knyttet til et tvivlsomt netværk omkring Jens Krold. Søren, tidligere krybskytte på Lindegaards jord, drives af hævn, belurer Diana og Niels og forsøger med opsnappede breve at afpresse dem på deres hemmelige forhold. På Lindegaard kræver godsejer Lind, at Diana gifter sig med Carlsen; da hun erklærer, at hun elsker en anden, reagerer han med raseri, og hun bryder sammen. Et tilbageblik viser, at Dianas og Niels’ kærlighed går tilbage til et løfte ved Niels’ mors dødsleje, som Lind overhørte og straffede ved at forvise Niels.

Bjerre-familien trækkes tættere ind i kredsen, og under en udflugt opstår en hemmelig forlovelse mellem Augusta Bjerre og Carlsen. Henrik arbejder samtidig på at binde Diana til sig: han får hende sendt til Ulriksholm og lader Augusta give hende kaffe i en særlig kop, som han drypper et middel i. Henrik opsøger også Niels, nu i tjeneste på Ulriksholm, foregiver at bringe bud fra Diana og får ham til at skrive et brev, som Henrik lover at overbringe i hemmelighed. Via Mo’er Gynt samles unge piger til en “kaffevisit”; bondepigen Karen, der sværmer for Niels, får en “elskogsdrik” og drypper den i hans drik, så han i påvirket tilstand omfavner Karen, mens Søren spionerer og tolker det som troløshed. Senere møder Niels Søren i skoven med skjult vildt og forsøger at anholde ham; Søren skyder ham i skulderen, men overmandes og overgives til myndighederne, og Niels bringes såret til Emiliesminde.

Mo’er Gynts fortid afdækkes: hun fortæller, at hun er Karens mor, og at Karen som ung blev forført på Lindegaard af den daværende ejers søn (Lind), blev gravid, udstødt og døde kort efter fødslen. Barnet, Viggo, blev sat i pleje og voksede op under andet navn. Ved juletid samles et selskab på Lindegaard, hvor også Aurelia (Thorvald Storms plejedatter) optræder. Viggo ankommer under dæknavnet “Lange” med adgang gennem sin forlovede Henriette. Mo’er Gynt møder Henriette, som rystes af historien og tager den gamle til sig, og Mo’er Gynt bringer samtidig besked om, at Lind vil give Viggo samme rettigheder som en i ægteskab født søn, hvilket fjerner en økonomisk hindring for forlovelsen. Viggo fastholder sin kunstneriske vej og planlægger med Henriette en kort rejse efter brylluppet.

Kort efter jul beslutter man på Lindegaard at gøre Lind bekendt med et forhold mellem Diana og Henrik og få en forlovelse bragt i stand. Henrik beder formelt om Linds samtykke, og Lind og fruen accepterer, men Lind understreger, at Dianas formue efter forældrenes død skal deles mellem hende og “en anden”, og kræver absolut hemmeligholdelse. Diana beder om et snarligt bryllup og afslører, at hun er gravid; Henrik lover at ændre sine planer og om nødvendigt gifte sig uden faderens samtykke. [Time ]",1
"Summary #2

Handlingen foregår i et samtidspæget fynsk landadeligt og borgerligt miljø omkring Odense og omegn med steder som en landevejskro, Odense (hotelmiljø og løjtnant Karlsens kvarter), godset Lindegaard, kammeråd Bjerres Ulriksholm, Emiliesminde/Storms ejendom samt Mo’er Gynts hytte og skovene; senere udvides geografien til rejse- og havnebyer som Middelfart, Snoghøj, Kolding, Haderslev, Hamborg og København og videre ud i Europa og oversøisk. I baggrunden anes regimentet i Odense, mens konflikter drives af standsforskelle, afhængighed, gæld, hemmeligholdte slægtskaber og intriger.

En regnfuld oktoberaften søger den unge skytte Niels Skytte (senere Niels Brandt) og kusken Knud ly på en kro på vej mod Odense, hvor mistænkelige personer færdes; den ene, Søren, gemmer sig senere i deres vogn. I Odense viser det sig, at frøken Diana Lind i hemmelighed har ladet Knud bringe Niels til byen, mens familien presser på for, at hun skal knyttes til sin fætter, løjtnant Theodor Carlsen. Diana og Niels mødes og aftaler et nyt møde, men deres ord gentages af en skjult stemme, hvilket varsler overvågning. Samtidig opsøger teologisk kandidat Henrik Bjerre den berygtede Mo’er Gynt, en gammel kvinde med ry for “kunster” og et fjendtligt forhold til Lind-familien; han stjæler urter og lægger en plan for at vinde magt over Diana.

Søren og hans kone Marie lever i fattigdom og er knyttet til et tvivlsomt netværk omkring Jens Krold. Søren, tidligere krybskytte på Lindegaards jord, drives af hævn, belurer Diana og Niels og forsøger med opsnappede breve at afpresse dem på deres hemmelige forhold. På Lindegaard kræver godsejer Lind, at Diana gifter sig med Carlsen; da hun erklærer, at hun elsker en anden, reagerer han med raseri, og hun bryder sammen. Et tilbageblik viser, at Dianas og Niels’ kærlighed går tilbage til et løfte ved Niels’ mors dødsleje, som Lind overhørte og straffede ved at forvise Niels.

Bjerre-familien trækkes tættere ind i kredsen, og under en udflugt opstår en hemmelig forlovelse mellem Augusta Bjerre og Carlsen. Henrik arbejder samtidig på at binde Diana til sig: han får hende sendt til Ulriksholm og lader Augusta give hende kaffe i en særlig kop, som han drypper et middel i. Henrik opsøger også Niels, nu i tjeneste på Ulriksholm, foregiver at bringe bud fra Diana og får ham til at skrive et brev, som Henrik lover at overbringe i hemmelighed. Via Mo’er Gynt samles unge piger til en “kaffevisit”; bondepigen Karen, der sværmer for Niels, får en “elskogsdrik” og drypper den i hans drik, så han i påvirket tilstand omfavner Karen, mens Søren spionerer og tolker det som troløshed. Senere møder Niels Søren i skoven med skjult vildt og forsøger at anholde ham; Søren skyder ham i skulderen, men overmandes og overgives til myndighederne, og Niels bringes såret til Emiliesminde.

Mo’er Gynts fortid afdækkes: hun fortæller, at hun er Karens mor, og at Karen som ung blev forført på Lindegaard af den daværende ejers søn (Lind), blev gravid, udstødt og døde kort efter fødslen. Barnet, Viggo, blev sat i pleje og voksede op under andet navn. Ved juletid samles et selskab på Lindegaard, hvor også Aurelia (Thorvald Storms plejedatter) optræder. Viggo ankommer under dæknavnet “Lange” med adgang gennem sin forlovede Henriette. Mo’er Gynt møder Henriette, som rystes af historien og tager den gamle til sig, og Mo’er Gynt bringer samtidig besked om, at Lind vil give Viggo samme rettigheder som en i ægteskab født søn, hvilket fjerner en økonomisk hindring for forlovelsen. Viggo fastholder sin kunstneriske vej og planlægger med Henriette en kort rejse efter brylluppet.

Kort efter jul beslutter man på Lindegaard at gøre Lind bekendt med et forhold mellem Diana og Henrik og få en forlovelse bragt i stand. Henrik beder formelt om Linds samtykke, og Lind og fruen accepterer, men Lind understreger, at Dianas formue efter forældrenes død skal deles mellem hende og “en anden”, og kræver absolut hemmeligholdelse. Diana beder om et snarligt bryllup og afslører, at hun er gravid; Henrik lover at ændre sine planer og om nødvendigt gifte sig uden faderens samtykke. [Place]",5
"Summary #2

Handlingen foregår i et samtidspæget fynsk landadeligt og borgerligt miljø omkring Odense og omegn med steder som en landevejskro, Odense (hotelmiljø og løjtnant Karlsens kvarter), godset Lindegaard, kammeråd Bjerres Ulriksholm, Emiliesminde/Storms ejendom samt Mo’er Gynts hytte og skovene; senere udvides geografien til rejse- og havnebyer som Middelfart, Snoghøj, Kolding, Haderslev, Hamborg og København og videre ud i Europa og oversøisk. I baggrunden anes regimentet i Odense, mens konflikter drives af standsforskelle, afhængighed, gæld, hemmeligholdte slægtskaber og intriger.

En regnfuld oktoberaften søger den unge skytte Niels Skytte (senere Niels Brandt) og kusken Knud ly på en kro på vej mod Odense, hvor mistænkelige personer færdes; den ene, Søren, gemmer sig senere i deres vogn. I Odense viser det sig, at frøken Diana Lind i hemmelighed har ladet Knud bringe Niels til byen, mens familien presser på for, at hun skal knyttes til sin fætter, løjtnant Theodor Carlsen. Diana og Niels mødes og aftaler et nyt møde, men deres ord gentages af en skjult stemme, hvilket varsler overvågning. Samtidig opsøger teologisk kandidat Henrik Bjerre den berygtede Mo’er Gynt, en gammel kvinde med ry for “kunster” og et fjendtligt forhold til Lind-familien; han stjæler urter og lægger en plan for at vinde magt over Diana.

Søren og hans kone Marie lever i fattigdom og er knyttet til et tvivlsomt netværk omkring Jens Krold. Søren, tidligere krybskytte på Lindegaards jord, drives af hævn, belurer Diana og Niels og forsøger med opsnappede breve at afpresse dem på deres hemmelige forhold. På Lindegaard kræver godsejer Lind, at Diana gifter sig med Carlsen; da hun erklærer, at hun elsker en anden, reagerer han med raseri, og hun bryder sammen. Et tilbageblik viser, at Dianas og Niels’ kærlighed går tilbage til et løfte ved Niels’ mors dødsleje, som Lind overhørte og straffede ved at forvise Niels.

Bjerre-familien trækkes tættere ind i kredsen, og under en udflugt opstår en hemmelig forlovelse mellem Augusta Bjerre og Carlsen. Henrik arbejder samtidig på at binde Diana til sig: han får hende sendt til Ulriksholm og lader Augusta give hende kaffe i en særlig kop, som han drypper et middel i. Henrik opsøger også Niels, nu i tjeneste på Ulriksholm, foregiver at bringe bud fra Diana og får ham til at skrive et brev, som Henrik lover at overbringe i hemmelighed. Via Mo’er Gynt samles unge piger til en “kaffevisit”; bondepigen Karen, der sværmer for Niels, får en “elskogsdrik” og drypper den i hans drik, så han i påvirket tilstand omfavner Karen, mens Søren spionerer og tolker det som troløshed. Senere møder Niels Søren i skoven med skjult vildt og forsøger at anholde ham; Søren skyder ham i skulderen, men overmandes og overgives til myndighederne, og Niels bringes såret til Emiliesminde.

Mo’er Gynts fortid afdækkes: hun fortæller, at hun er Karens mor, og at Karen som ung blev forført på Lindegaard af den daværende ejers søn (Lind), blev gravid, udstødt og døde kort efter fødslen. Barnet, Viggo, blev sat i pleje og voksede op under andet navn. Ved juletid samles et selskab på Lindegaard, hvor også Aurelia (Thorvald Storms plejedatter) optræder. Viggo ankommer under dæknavnet “Lange” med adgang gennem sin forlovede Henriette. Mo’er Gynt møder Henriette, som rystes af historien og tager den gamle til sig, og Mo’er Gynt bringer samtidig besked om, at Lind vil give Viggo samme rettigheder som en i ægteskab født søn, hvilket fjerner en økonomisk hindring for forlovelsen. Viggo fastholder sin kunstneriske vej og planlægger med Henriette en kort rejse efter brylluppet.

Kort efter jul beslutter man på Lindegaard at gøre Lind bekendt med et forhold mellem Diana og Henrik og få en forlovelse bragt i stand. Henrik beder formelt om Linds samtykke, og Lind og fruen accepterer, men Lind understreger, at Dianas formue efter forældrenes død skal deles mellem hende og “en anden”, og kræver absolut hemmeligholdelse. Diana beder om et snarligt bryllup og afslører, at hun er gravid; Henrik lover at ændre sine planer og om nødvendigt gifte sig uden faderens samtykke. [Characters]",5
"Summary #2

Handlingen foregår i et samtidspæget fynsk landadeligt og borgerligt miljø omkring Odense og omegn med steder som en landevejskro, Odense (hotelmiljø og løjtnant Karlsens kvarter), godset Lindegaard, kammeråd Bjerres Ulriksholm, Emiliesminde/Storms ejendom samt Mo’er Gynts hytte og skovene; senere udvides geografien til rejse- og havnebyer som Middelfart, Snoghøj, Kolding, Haderslev, Hamborg og København og videre ud i Europa og oversøisk. I baggrunden anes regimentet i Odense, mens konflikter drives af standsforskelle, afhængighed, gæld, hemmeligholdte slægtskaber og intriger.

En regnfuld oktoberaften søger den unge skytte Niels Skytte (senere Niels Brandt) og kusken Knud ly på en kro på vej mod Odense, hvor mistænkelige personer færdes; den ene, Søren, gemmer sig senere i deres vogn. I Odense viser det sig, at frøken Diana Lind i hemmelighed har ladet Knud bringe Niels til byen, mens familien presser på for, at hun skal knyttes til sin fætter, løjtnant Theodor Carlsen. Diana og Niels mødes og aftaler et nyt møde, men deres ord gentages af en skjult stemme, hvilket varsler overvågning. Samtidig opsøger teologisk kandidat Henrik Bjerre den berygtede Mo’er Gynt, en gammel kvinde med ry for “kunster” og et fjendtligt forhold til Lind-familien; han stjæler urter og lægger en plan for at vinde magt over Diana.

Søren og hans kone Marie lever i fattigdom og er knyttet til et tvivlsomt netværk omkring Jens Krold. Søren, tidligere krybskytte på Lindegaards jord, drives af hævn, belurer Diana og Niels og forsøger med opsnappede breve at afpresse dem på deres hemmelige forhold. På Lindegaard kræver godsejer Lind, at Diana gifter sig med Carlsen; da hun erklærer, at hun elsker en anden, reagerer han med raseri, og hun bryder sammen. Et tilbageblik viser, at Dianas og Niels’ kærlighed går tilbage til et løfte ved Niels’ mors dødsleje, som Lind overhørte og straffede ved at forvise Niels.

Bjerre-familien trækkes tættere ind i kredsen, og under en udflugt opstår en hemmelig forlovelse mellem Augusta Bjerre og Carlsen. Henrik arbejder samtidig på at binde Diana til sig: han får hende sendt til Ulriksholm og lader Augusta give hende kaffe i en særlig kop, som han drypper et middel i. Henrik opsøger også Niels, nu i tjeneste på Ulriksholm, foregiver at bringe bud fra Diana og får ham til at skrive et brev, som Henrik lover at overbringe i hemmelighed. Via Mo’er Gynt samles unge piger til en “kaffevisit”; bondepigen Karen, der sværmer for Niels, får en “elskogsdrik” og drypper den i hans drik, så han i påvirket tilstand omfavner Karen, mens Søren spionerer og tolker det som troløshed. Senere møder Niels Søren i skoven med skjult vildt og forsøger at anholde ham; Søren skyder ham i skulderen, men overmandes og overgives til myndighederne, og Niels bringes såret til Emiliesminde.

Mo’er Gynts fortid afdækkes: hun fortæller, at hun er Karens mor, og at Karen som ung blev forført på Lindegaard af den daværende ejers søn (Lind), blev gravid, udstødt og døde kort efter fødslen. Barnet, Viggo, blev sat i pleje og voksede op under andet navn. Ved juletid samles et selskab på Lindegaard, hvor også Aurelia (Thorvald Storms plejedatter) optræder. Viggo ankommer under dæknavnet “Lange” med adgang gennem sin forlovede Henriette. Mo’er Gynt møder Henriette, som rystes af historien og tager den gamle til sig, og Mo’er Gynt bringer samtidig besked om, at Lind vil give Viggo samme rettigheder som en i ægteskab født søn, hvilket fjerner en økonomisk hindring for forlovelsen. Viggo fastholder sin kunstneriske vej og planlægger med Henriette en kort rejse efter brylluppet.

Kort efter jul beslutter man på Lindegaard at gøre Lind bekendt med et forhold mellem Diana og Henrik og få en forlovelse bragt i stand. Henrik beder formelt om Linds samtykke, og Lind og fruen accepterer, men Lind understreger, at Dianas formue efter forældrenes død skal deles mellem hende og “en anden”, og kræver absolut hemmeligholdelse. Diana beder om et snarligt bryllup og afslører, at hun er gravid; Henrik lover at ændre sine planer og om nødvendigt gifte sig uden faderens samtykke. [Plot]",3
"Summary #2

Handlingen foregår i et samtidspæget fynsk landadeligt og borgerligt miljø omkring Odense og omegn med steder som en landevejskro, Odense (hotelmiljø og løjtnant Karlsens kvarter), godset Lindegaard, kammeråd Bjerres Ulriksholm, Emiliesminde/Storms ejendom samt Mo’er Gynts hytte og skovene; senere udvides geografien til rejse- og havnebyer som Middelfart, Snoghøj, Kolding, Haderslev, Hamborg og København og videre ud i Europa og oversøisk. I baggrunden anes regimentet i Odense, mens konflikter drives af standsforskelle, afhængighed, gæld, hemmeligholdte slægtskaber og intriger.

En regnfuld oktoberaften søger den unge skytte Niels Skytte (senere Niels Brandt) og kusken Knud ly på en kro på vej mod Odense, hvor mistænkelige personer færdes; den ene, Søren, gemmer sig senere i deres vogn. I Odense viser det sig, at frøken Diana Lind i hemmelighed har ladet Knud bringe Niels til byen, mens familien presser på for, at hun skal knyttes til sin fætter, løjtnant Theodor Carlsen. Diana og Niels mødes og aftaler et nyt møde, men deres ord gentages af en skjult stemme, hvilket varsler overvågning. Samtidig opsøger teologisk kandidat Henrik Bjerre den berygtede Mo’er Gynt, en gammel kvinde med ry for “kunster” og et fjendtligt forhold til Lind-familien; han stjæler urter og lægger en plan for at vinde magt over Diana.

Søren og hans kone Marie lever i fattigdom og er knyttet til et tvivlsomt netværk omkring Jens Krold. Søren, tidligere krybskytte på Lindegaards jord, drives af hævn, belurer Diana og Niels og forsøger med opsnappede breve at afpresse dem på deres hemmelige forhold. På Lindegaard kræver godsejer Lind, at Diana gifter sig med Carlsen; da hun erklærer, at hun elsker en anden, reagerer han med raseri, og hun bryder sammen. Et tilbageblik viser, at Dianas og Niels’ kærlighed går tilbage til et løfte ved Niels’ mors dødsleje, som Lind overhørte og straffede ved at forvise Niels.

Bjerre-familien trækkes tættere ind i kredsen, og under en udflugt opstår en hemmelig forlovelse mellem Augusta Bjerre og Carlsen. Henrik arbejder samtidig på at binde Diana til sig: han får hende sendt til Ulriksholm og lader Augusta give hende kaffe i en særlig kop, som han drypper et middel i. Henrik opsøger også Niels, nu i tjeneste på Ulriksholm, foregiver at bringe bud fra Diana og får ham til at skrive et brev, som Henrik lover at overbringe i hemmelighed. Via Mo’er Gynt samles unge piger til en “kaffevisit”; bondepigen Karen, der sværmer for Niels, får en “elskogsdrik” og drypper den i hans drik, så han i påvirket tilstand omfavner Karen, mens Søren spionerer og tolker det som troløshed. Senere møder Niels Søren i skoven med skjult vildt og forsøger at anholde ham; Søren skyder ham i skulderen, men overmandes og overgives til myndighederne, og Niels bringes såret til Emiliesminde.

Mo’er Gynts fortid afdækkes: hun fortæller, at hun er Karens mor, og at Karen som ung blev forført på Lindegaard af den daværende ejers søn (Lind), blev gravid, udstødt og døde kort efter fødslen. Barnet, Viggo, blev sat i pleje og voksede op under andet navn. Ved juletid samles et selskab på Lindegaard, hvor også Aurelia (Thorvald Storms plejedatter) optræder. Viggo ankommer under dæknavnet “Lange” med adgang gennem sin forlovede Henriette. Mo’er Gynt møder Henriette, som rystes af historien og tager den gamle til sig, og Mo’er Gynt bringer samtidig besked om, at Lind vil give Viggo samme rettigheder som en i ægteskab født søn, hvilket fjerner en økonomisk hindring for forlovelsen. Viggo fastholder sin kunstneriske vej og planlægger med Henriette en kort rejse efter brylluppet.

Kort efter jul beslutter man på Lindegaard at gøre Lind bekendt med et forhold mellem Diana og Henrik og få en forlovelse bragt i stand. Henrik beder formelt om Linds samtykke, og Lind og fruen accepterer, men Lind understreger, at Dianas formue efter forældrenes død skal deles mellem hende og “en anden”, og kræver absolut hemmeligholdelse. Diana beder om et snarligt bryllup og afslører, at hun er gravid; Henrik lover at ændre sine planer og om nødvendigt gifte sig uden faderens samtykke. [Themes]",4
"Summary #3

Handlingen foregår i nutiden i et ruralt miljø omkring Odense med centrale lokaliteter som Lindegaard og Emiliesminde, landsbyer, Mo’er Gynts hytte samt scener i Odense, Fruens Bøge, ved kysten og på Sjælland. Fortællingen følger en stor rollebesætning: jægerskytten Niels Brandt (»Skytten«), godsarvinginden Diana Lind og hendes familie og tjenestepigen Kirstine, teologkandidaten Henrik Bjerre, Kammerraad Lind og hans hustru Augusta, løjtnant Theodor Carlsen, den gamle Mo’er Gynt, bonden Søren med hustru Maria, den fattige Marie Birk, plejedatteren Aurelia og den aldrende godsejer Thorvald Storm/Anton Bagger samt en række bipersoner som Viggo (senere Viggo Svendsen), hans hustru Henriette og deres datter Maria, den vanrøgtede sømand Johan/Julius (Aaby), maleren Johan Poulsen og pigen Sofie.

Tidligt i romanen afdækkes flere hemmeligheder og skjulte slægtsforhold: Diana har haft et hemmeligt forhold til Skytten; Thorvald Storms tidligere identitet som Anton Bagger fremkommer gennem breve, hvilket fører til, at han anerkender Aurelia som sin datter; Mo’er Gynt fortæller Viggos oprindelse, og Viggo søger hjælp hos Lind forklædt som maler. Henrik og Diana forlover sig diskret, men Henrik får ikke faderens samtykke; han falder i isen, bliver syg og dør, og Diana rejser til København, føder et barn, som dør, og vender tilbage til Lindegaard.

Aurelia gifter sig med Niels Brandt; efter en ferie i Schweiz forværres hendes helbred efter en bådhændelse, og hun dør kort efter, hvilket efterlader Niels i stor sorg. Thorvald/Anton påvirkes også af disse begivenheder. Årene går; Diana fremstår roligere, Niels lever i stille tungsind, familier flytter eller ændrer tilværelse, Theodor vender velhavende tilbage fra Amerika og forsones med Augusta, og Viggo får sociale muligheder gennem en forretningsoverdragelse. Søren og Jens Krøld lykkes i udvandringen til nye verdener.

Viggo og Henriettes forhold bekræftes: Henriette modtager sine forældre, Viggo overrasker hende med et portræt og et forslag om fælles fremtid; parret planlægger et gravmæle for Bodil Gynt og Viggos ukendte moder og nyder sommerdage ved strand og have. Andre skæbner afrundes: Kristine driver kro, Diana og hendes mor nærmer sig gensidig forståelse, Sofie gifter sig med maleren Johan Poulsen, Julius/Aaby får hjælp og ender med at genforenes og giftes med Augusta. Temaer, der tydeligt fremstår i teksten, omfatter sociale skel og ære. [Fluency]",3
"Summary #3

Handlingen foregår i nutiden i et ruralt miljø omkring Odense med centrale lokaliteter som Lindegaard og Emiliesminde, landsbyer, Mo’er Gynts hytte samt scener i Odense, Fruens Bøge, ved kysten og på Sjælland. Fortællingen følger en stor rollebesætning: jægerskytten Niels Brandt (»Skytten«), godsarvinginden Diana Lind og hendes familie og tjenestepigen Kirstine, teologkandidaten Henrik Bjerre, Kammerraad Lind og hans hustru Augusta, løjtnant Theodor Carlsen, den gamle Mo’er Gynt, bonden Søren med hustru Maria, den fattige Marie Birk, plejedatteren Aurelia og den aldrende godsejer Thorvald Storm/Anton Bagger samt en række bipersoner som Viggo (senere Viggo Svendsen), hans hustru Henriette og deres datter Maria, den vanrøgtede sømand Johan/Julius (Aaby), maleren Johan Poulsen og pigen Sofie.

Tidligt i romanen afdækkes flere hemmeligheder og skjulte slægtsforhold: Diana har haft et hemmeligt forhold til Skytten; Thorvald Storms tidligere identitet som Anton Bagger fremkommer gennem breve, hvilket fører til, at han anerkender Aurelia som sin datter; Mo’er Gynt fortæller Viggos oprindelse, og Viggo søger hjælp hos Lind forklædt som maler. Henrik og Diana forlover sig diskret, men Henrik får ikke faderens samtykke; han falder i isen, bliver syg og dør, og Diana rejser til København, føder et barn, som dør, og vender tilbage til Lindegaard.

Aurelia gifter sig med Niels Brandt; efter en ferie i Schweiz forværres hendes helbred efter en bådhændelse, og hun dør kort efter, hvilket efterlader Niels i stor sorg. Thorvald/Anton påvirkes også af disse begivenheder. Årene går; Diana fremstår roligere, Niels lever i stille tungsind, familier flytter eller ændrer tilværelse, Theodor vender velhavende tilbage fra Amerika og forsones med Augusta, og Viggo får sociale muligheder gennem en forretningsoverdragelse. Søren og Jens Krøld lykkes i udvandringen til nye verdener.

Viggo og Henriettes forhold bekræftes: Henriette modtager sine forældre, Viggo overrasker hende med et portræt og et forslag om fælles fremtid; parret planlægger et gravmæle for Bodil Gynt og Viggos ukendte moder og nyder sommerdage ved strand og have. Andre skæbner afrundes: Kristine driver kro, Diana og hendes mor nærmer sig gensidig forståelse, Sofie gifter sig med maleren Johan Poulsen, Julius/Aaby får hjælp og ender med at genforenes og giftes med Augusta. Temaer, der tydeligt fremstår i teksten, omfatter sociale skel og ære. [Coherence]",3
"Summary #3

Handlingen foregår i nutiden i et ruralt miljø omkring Odense med centrale lokaliteter som Lindegaard og Emiliesminde, landsbyer, Mo’er Gynts hytte samt scener i Odense, Fruens Bøge, ved kysten og på Sjælland. Fortællingen følger en stor rollebesætning: jægerskytten Niels Brandt (»Skytten«), godsarvinginden Diana Lind og hendes familie og tjenestepigen Kirstine, teologkandidaten Henrik Bjerre, Kammerraad Lind og hans hustru Augusta, løjtnant Theodor Carlsen, den gamle Mo’er Gynt, bonden Søren med hustru Maria, den fattige Marie Birk, plejedatteren Aurelia og den aldrende godsejer Thorvald Storm/Anton Bagger samt en række bipersoner som Viggo (senere Viggo Svendsen), hans hustru Henriette og deres datter Maria, den vanrøgtede sømand Johan/Julius (Aaby), maleren Johan Poulsen og pigen Sofie.

Tidligt i romanen afdækkes flere hemmeligheder og skjulte slægtsforhold: Diana har haft et hemmeligt forhold til Skytten; Thorvald Storms tidligere identitet som Anton Bagger fremkommer gennem breve, hvilket fører til, at han anerkender Aurelia som sin datter; Mo’er Gynt fortæller Viggos oprindelse, og Viggo søger hjælp hos Lind forklædt som maler. Henrik og Diana forlover sig diskret, men Henrik får ikke faderens samtykke; han falder i isen, bliver syg og dør, og Diana rejser til København, føder et barn, som dør, og vender tilbage til Lindegaard.

Aurelia gifter sig med Niels Brandt; efter en ferie i Schweiz forværres hendes helbred efter en bådhændelse, og hun dør kort efter, hvilket efterlader Niels i stor sorg. Thorvald/Anton påvirkes også af disse begivenheder. Årene går; Diana fremstår roligere, Niels lever i stille tungsind, familier flytter eller ændrer tilværelse, Theodor vender velhavende tilbage fra Amerika og forsones med Augusta, og Viggo får sociale muligheder gennem en forretningsoverdragelse. Søren og Jens Krøld lykkes i udvandringen til nye verdener.

Viggo og Henriettes forhold bekræftes: Henriette modtager sine forældre, Viggo overrasker hende med et portræt og et forslag om fælles fremtid; parret planlægger et gravmæle for Bodil Gynt og Viggos ukendte moder og nyder sommerdage ved strand og have. Andre skæbner afrundes: Kristine driver kro, Diana og hendes mor nærmer sig gensidig forståelse, Sofie gifter sig med maleren Johan Poulsen, Julius/Aaby får hjælp og ender med at genforenes og giftes med Augusta. Temaer, der tydeligt fremstår i teksten, omfatter sociale skel og ære. [Relevance]",3
"Summary #3

Handlingen foregår i nutiden i et ruralt miljø omkring Odense med centrale lokaliteter som Lindegaard og Emiliesminde, landsbyer, Mo’er Gynts hytte samt scener i Odense, Fruens Bøge, ved kysten og på Sjælland. Fortællingen følger en stor rollebesætning: jægerskytten Niels Brandt (»Skytten«), godsarvinginden Diana Lind og hendes familie og tjenestepigen Kirstine, teologkandidaten Henrik Bjerre, Kammerraad Lind og hans hustru Augusta, løjtnant Theodor Carlsen, den gamle Mo’er Gynt, bonden Søren med hustru Maria, den fattige Marie Birk, plejedatteren Aurelia og den aldrende godsejer Thorvald Storm/Anton Bagger samt en række bipersoner som Viggo (senere Viggo Svendsen), hans hustru Henriette og deres datter Maria, den vanrøgtede sømand Johan/Julius (Aaby), maleren Johan Poulsen og pigen Sofie.

Tidligt i romanen afdækkes flere hemmeligheder og skjulte slægtsforhold: Diana har haft et hemmeligt forhold til Skytten; Thorvald Storms tidligere identitet som Anton Bagger fremkommer gennem breve, hvilket fører til, at han anerkender Aurelia som sin datter; Mo’er Gynt fortæller Viggos oprindelse, og Viggo søger hjælp hos Lind forklædt som maler. Henrik og Diana forlover sig diskret, men Henrik får ikke faderens samtykke; han falder i isen, bliver syg og dør, og Diana rejser til København, føder et barn, som dør, og vender tilbage til Lindegaard.

Aurelia gifter sig med Niels Brandt; efter en ferie i Schweiz forværres hendes helbred efter en bådhændelse, og hun dør kort efter, hvilket efterlader Niels i stor sorg. Thorvald/Anton påvirkes også af disse begivenheder. Årene går; Diana fremstår roligere, Niels lever i stille tungsind, familier flytter eller ændrer tilværelse, Theodor vender velhavende tilbage fra Amerika og forsones med Augusta, og Viggo får sociale muligheder gennem en forretningsoverdragelse. Søren og Jens Krøld lykkes i udvandringen til nye verdener.

Viggo og Henriettes forhold bekræftes: Henriette modtager sine forældre, Viggo overrasker hende med et portræt og et forslag om fælles fremtid; parret planlægger et gravmæle for Bodil Gynt og Viggos ukendte moder og nyder sommerdage ved strand og have. Andre skæbner afrundes: Kristine driver kro, Diana og hendes mor nærmer sig gensidig forståelse, Sofie gifter sig med maleren Johan Poulsen, Julius/Aaby får hjælp og ender med at genforenes og giftes med Augusta. Temaer, der tydeligt fremstår i teksten, omfatter sociale skel og ære. [Factuality]",4
"Summary #3

Handlingen foregår i nutiden i et ruralt miljø omkring Odense med centrale lokaliteter som Lindegaard og Emiliesminde, landsbyer, Mo’er Gynts hytte samt scener i Odense, Fruens Bøge, ved kysten og på Sjælland. Fortællingen følger en stor rollebesætning: jægerskytten Niels Brandt (»Skytten«), godsarvinginden Diana Lind og hendes familie og tjenestepigen Kirstine, teologkandidaten Henrik Bjerre, Kammerraad Lind og hans hustru Augusta, løjtnant Theodor Carlsen, den gamle Mo’er Gynt, bonden Søren med hustru Maria, den fattige Marie Birk, plejedatteren Aurelia og den aldrende godsejer Thorvald Storm/Anton Bagger samt en række bipersoner som Viggo (senere Viggo Svendsen), hans hustru Henriette og deres datter Maria, den vanrøgtede sømand Johan/Julius (Aaby), maleren Johan Poulsen og pigen Sofie.

Tidligt i romanen afdækkes flere hemmeligheder og skjulte slægtsforhold: Diana har haft et hemmeligt forhold til Skytten; Thorvald Storms tidligere identitet som Anton Bagger fremkommer gennem breve, hvilket fører til, at han anerkender Aurelia som sin datter; Mo’er Gynt fortæller Viggos oprindelse, og Viggo søger hjælp hos Lind forklædt som maler. Henrik og Diana forlover sig diskret, men Henrik får ikke faderens samtykke; han falder i isen, bliver syg og dør, og Diana rejser til København, føder et barn, som dør, og vender tilbage til Lindegaard.

Aurelia gifter sig med Niels Brandt; efter en ferie i Schweiz forværres hendes helbred efter en bådhændelse, og hun dør kort efter, hvilket efterlader Niels i stor sorg. Thorvald/Anton påvirkes også af disse begivenheder. Årene går; Diana fremstår roligere, Niels lever i stille tungsind, familier flytter eller ændrer tilværelse, Theodor vender velhavende tilbage fra Amerika og forsones med Augusta, og Viggo får sociale muligheder gennem en forretningsoverdragelse. Søren og Jens Krøld lykkes i udvandringen til nye verdener.

Viggo og Henriettes forhold bekræftes: Henriette modtager sine forældre, Viggo overrasker hende med et portræt og et forslag om fælles fremtid; parret planlægger et gravmæle for Bodil Gynt og Viggos ukendte moder og nyder sommerdage ved strand og have. Andre skæbner afrundes: Kristine driver kro, Diana og hendes mor nærmer sig gensidig forståelse, Sofie gifter sig med maleren Johan Poulsen, Julius/Aaby får hjælp og ender med at genforenes og giftes med Augusta. Temaer, der tydeligt fremstår i teksten, omfatter sociale skel og ære. [Time]",1
"Summary #3

Handlingen foregår i nutiden i et ruralt miljø omkring Odense med centrale lokaliteter som Lindegaard og Emiliesminde, landsbyer, Mo’er Gynts hytte samt scener i Odense, Fruens Bøge, ved kysten og på Sjælland. Fortællingen følger en stor rollebesætning: jægerskytten Niels Brandt (»Skytten«), godsarvinginden Diana Lind og hendes familie og tjenestepigen Kirstine, teologkandidaten Henrik Bjerre, Kammerraad Lind og hans hustru Augusta, løjtnant Theodor Carlsen, den gamle Mo’er Gynt, bonden Søren med hustru Maria, den fattige Marie Birk, plejedatteren Aurelia og den aldrende godsejer Thorvald Storm/Anton Bagger samt en række bipersoner som Viggo (senere Viggo Svendsen), hans hustru Henriette og deres datter Maria, den vanrøgtede sømand Johan/Julius (Aaby), maleren Johan Poulsen og pigen Sofie.

Tidligt i romanen afdækkes flere hemmeligheder og skjulte slægtsforhold: Diana har haft et hemmeligt forhold til Skytten; Thorvald Storms tidligere identitet som Anton Bagger fremkommer gennem breve, hvilket fører til, at han anerkender Aurelia som sin datter; Mo’er Gynt fortæller Viggos oprindelse, og Viggo søger hjælp hos Lind forklædt som maler. Henrik og Diana forlover sig diskret, men Henrik får ikke faderens samtykke; han falder i isen, bliver syg og dør, og Diana rejser til København, føder et barn, som dør, og vender tilbage til Lindegaard.

Aurelia gifter sig med Niels Brandt; efter en ferie i Schweiz forværres hendes helbred efter en bådhændelse, og hun dør kort efter, hvilket efterlader Niels i stor sorg. Thorvald/Anton påvirkes også af disse begivenheder. Årene går; Diana fremstår roligere, Niels lever i stille tungsind, familier flytter eller ændrer tilværelse, Theodor vender velhavende tilbage fra Amerika og forsones med Augusta, og Viggo får sociale muligheder gennem en forretningsoverdragelse. Søren og Jens Krøld lykkes i udvandringen til nye verdener.

Viggo og Henriettes forhold bekræftes: Henriette modtager sine forældre, Viggo overrasker hende med et portræt og et forslag om fælles fremtid; parret planlægger et gravmæle for Bodil Gynt og Viggos ukendte moder og nyder sommerdage ved strand og have. Andre skæbner afrundes: Kristine driver kro, Diana og hendes mor nærmer sig gensidig forståelse, Sofie gifter sig med maleren Johan Poulsen, Julius/Aaby får hjælp og ender med at genforenes og giftes med Augusta. Temaer, der tydeligt fremstår i teksten, omfatter sociale skel og ære. [Place]",5
"Summary #3

Handlingen foregår i nutiden i et ruralt miljø omkring Odense med centrale lokaliteter som Lindegaard og Emiliesminde, landsbyer, Mo’er Gynts hytte samt scener i Odense, Fruens Bøge, ved kysten og på Sjælland. Fortællingen følger en stor rollebesætning: jægerskytten Niels Brandt (»Skytten«), godsarvinginden Diana Lind og hendes familie og tjenestepigen Kirstine, teologkandidaten Henrik Bjerre, Kammerraad Lind og hans hustru Augusta, løjtnant Theodor Carlsen, den gamle Mo’er Gynt, bonden Søren med hustru Maria, den fattige Marie Birk, plejedatteren Aurelia og den aldrende godsejer Thorvald Storm/Anton Bagger samt en række bipersoner som Viggo (senere Viggo Svendsen), hans hustru Henriette og deres datter Maria, den vanrøgtede sømand Johan/Julius (Aaby), maleren Johan Poulsen og pigen Sofie.

Tidligt i romanen afdækkes flere hemmeligheder og skjulte slægtsforhold: Diana har haft et hemmeligt forhold til Skytten; Thorvald Storms tidligere identitet som Anton Bagger fremkommer gennem breve, hvilket fører til, at han anerkender Aurelia som sin datter; Mo’er Gynt fortæller Viggos oprindelse, og Viggo søger hjælp hos Lind forklædt som maler. Henrik og Diana forlover sig diskret, men Henrik får ikke faderens samtykke; han falder i isen, bliver syg og dør, og Diana rejser til København, føder et barn, som dør, og vender tilbage til Lindegaard.

Aurelia gifter sig med Niels Brandt; efter en ferie i Schweiz forværres hendes helbred efter en bådhændelse, og hun dør kort efter, hvilket efterlader Niels i stor sorg. Thorvald/Anton påvirkes også af disse begivenheder. Årene går; Diana fremstår roligere, Niels lever i stille tungsind, familier flytter eller ændrer tilværelse, Theodor vender velhavende tilbage fra Amerika og forsones med Augusta, og Viggo får sociale muligheder gennem en forretningsoverdragelse. Søren og Jens Krøld lykkes i udvandringen til nye verdener.

Viggo og Henriettes forhold bekræftes: Henriette modtager sine forældre, Viggo overrasker hende med et portræt og et forslag om fælles fremtid; parret planlægger et gravmæle for Bodil Gynt og Viggos ukendte moder og nyder sommerdage ved strand og have. Andre skæbner afrundes: Kristine driver kro, Diana og hendes mor nærmer sig gensidig forståelse, Sofie gifter sig med maleren Johan Poulsen, Julius/Aaby får hjælp og ender med at genforenes og giftes med Augusta. Temaer, der tydeligt fremstår i teksten, omfatter sociale skel og ære. [Characters]",5
"Summary #3

Handlingen foregår i nutiden i et ruralt miljø omkring Odense med centrale lokaliteter som Lindegaard og Emiliesminde, landsbyer, Mo’er Gynts hytte samt scener i Odense, Fruens Bøge, ved kysten og på Sjælland. Fortællingen følger en stor rollebesætning: jægerskytten Niels Brandt (»Skytten«), godsarvinginden Diana Lind og hendes familie og tjenestepigen Kirstine, teologkandidaten Henrik Bjerre, Kammerraad Lind og hans hustru Augusta, løjtnant Theodor Carlsen, den gamle Mo’er Gynt, bonden Søren med hustru Maria, den fattige Marie Birk, plejedatteren Aurelia og den aldrende godsejer Thorvald Storm/Anton Bagger samt en række bipersoner som Viggo (senere Viggo Svendsen), hans hustru Henriette og deres datter Maria, den vanrøgtede sømand Johan/Julius (Aaby), maleren Johan Poulsen og pigen Sofie.

Tidligt i romanen afdækkes flere hemmeligheder og skjulte slægtsforhold: Diana har haft et hemmeligt forhold til Skytten; Thorvald Storms tidligere identitet som Anton Bagger fremkommer gennem breve, hvilket fører til, at han anerkender Aurelia som sin datter; Mo’er Gynt fortæller Viggos oprindelse, og Viggo søger hjælp hos Lind forklædt som maler. Henrik og Diana forlover sig diskret, men Henrik får ikke faderens samtykke; han falder i isen, bliver syg og dør, og Diana rejser til København, føder et barn, som dør, og vender tilbage til Lindegaard.

Aurelia gifter sig med Niels Brandt; efter en ferie i Schweiz forværres hendes helbred efter en bådhændelse, og hun dør kort efter, hvilket efterlader Niels i stor sorg. Thorvald/Anton påvirkes også af disse begivenheder. Årene går; Diana fremstår roligere, Niels lever i stille tungsind, familier flytter eller ændrer tilværelse, Theodor vender velhavende tilbage fra Amerika og forsones med Augusta, og Viggo får sociale muligheder gennem en forretningsoverdragelse. Søren og Jens Krøld lykkes i udvandringen til nye verdener.

Viggo og Henriettes forhold bekræftes: Henriette modtager sine forældre, Viggo overrasker hende med et portræt og et forslag om fælles fremtid; parret planlægger et gravmæle for Bodil Gynt og Viggos ukendte moder og nyder sommerdage ved strand og have. Andre skæbner afrundes: Kristine driver kro, Diana og hendes mor nærmer sig gensidig forståelse, Sofie gifter sig med maleren Johan Poulsen, Julius/Aaby får hjælp og ender med at genforenes og giftes med Augusta. Temaer, der tydeligt fremstår i teksten, omfatter sociale skel og ære. [Plot]",4
"Summary #3

Handlingen foregår i nutiden i et ruralt miljø omkring Odense med centrale lokaliteter som Lindegaard og Emiliesminde, landsbyer, Mo’er Gynts hytte samt scener i Odense, Fruens Bøge, ved kysten og på Sjælland. Fortællingen følger en stor rollebesætning: jægerskytten Niels Brandt (»Skytten«), godsarvinginden Diana Lind og hendes familie og tjenestepigen Kirstine, teologkandidaten Henrik Bjerre, Kammerraad Lind og hans hustru Augusta, løjtnant Theodor Carlsen, den gamle Mo’er Gynt, bonden Søren med hustru Maria, den fattige Marie Birk, plejedatteren Aurelia og den aldrende godsejer Thorvald Storm/Anton Bagger samt en række bipersoner som Viggo (senere Viggo Svendsen), hans hustru Henriette og deres datter Maria, den vanrøgtede sømand Johan/Julius (Aaby), maleren Johan Poulsen og pigen Sofie.

Tidligt i romanen afdækkes flere hemmeligheder og skjulte slægtsforhold: Diana har haft et hemmeligt forhold til Skytten; Thorvald Storms tidligere identitet som Anton Bagger fremkommer gennem breve, hvilket fører til, at han anerkender Aurelia som sin datter; Mo’er Gynt fortæller Viggos oprindelse, og Viggo søger hjælp hos Lind forklædt som maler. Henrik og Diana forlover sig diskret, men Henrik får ikke faderens samtykke; han falder i isen, bliver syg og dør, og Diana rejser til København, føder et barn, som dør, og vender tilbage til Lindegaard.

Aurelia gifter sig med Niels Brandt; efter en ferie i Schweiz forværres hendes helbred efter en bådhændelse, og hun dør kort efter, hvilket efterlader Niels i stor sorg. Thorvald/Anton påvirkes også af disse begivenheder. Årene går; Diana fremstår roligere, Niels lever i stille tungsind, familier flytter eller ændrer tilværelse, Theodor vender velhavende tilbage fra Amerika og forsones med Augusta, og Viggo får sociale muligheder gennem en forretningsoverdragelse. Søren og Jens Krøld lykkes i udvandringen til nye verdener.

Viggo og Henriettes forhold bekræftes: Henriette modtager sine forældre, Viggo overrasker hende med et portræt og et forslag om fælles fremtid; parret planlægger et gravmæle for Bodil Gynt og Viggos ukendte moder og nyder sommerdage ved strand og have. Andre skæbner afrundes: Kristine driver kro, Diana og hendes mor nærmer sig gensidig forståelse, Sofie gifter sig med maleren Johan Poulsen, Julius/Aaby får hjælp og ender med at genforenes og giftes med Augusta. Temaer, der tydeligt fremstår i teksten, omfatter sociale skel og ære. [Themes]",3