Tidsstempel,07/04/2026 23.49.48
novel_id,Fru Marie Grubbe
"Summary #1

Handlingen udspiller sig fra midten af 1600-tallet til begyndelsen af 1700-tallet. Marie Grubbe vokser op som adelsdatter på Tjele Hovedgård i Jylland i et miljø præget af rang, ære og social kontrol. Efter konflikter sendes hun til København for at bo hos sin faster, enken fru Rigitze Grubbe ved Østergade/Pilestræde. Under svenskernes belejring 1658–59 oplever hun byens uro og kommer i berøring med hoffets kredse omkring kongens uægte sønner, Ulrik Frederik og Ulrik Christian Gyldenløve. Marie drages især af Ulrik Christian, som tiltvinger sig en brutal nærhed til hende, men han dør kort efter, og hun reagerer med sammenbrud og religiøs selvpineri, før hun igen føres ind i selskabslivet og knyttes til Ulrik Frederik.

Trods skandale om hans tidligere, ophævede ægteskab bliver Marie og Ulrik Frederik viet i stilhed 16. december 1660. Han rejser siden i spansk tjeneste og opsøger alkymisten Burrhi i Amsterdam, der advarer om en fare før hans 27. år knyttet til en kvindes hånd. Da Ulrik Frederik vender tilbage efter lang tid, er han fordrukken og hård, og et knivoptrin, hvor Marie i affekt hugger mod ham men kun rammer hans ærme, bliver et tegn på deres fjendtlige samliv. Ved hoffets ophold på Frederiksborg i 1663 uddybes Maries relation til svogeren Sti Høg, og i 1664 flytter hun med Ulrik Frederik til Akershus i Norge, hvor han er statholder. Ægteskabet forværres, ikke mindst da han åbent tager elskerinden Karen Fiol ind på slottet; Marie flygter om natten med skib tilbage til Danmark. Efter ophold på Tjele og i København fører faderen, Erik Grubbe, sag mod Ulrik Frederik; Marie medvirker udadtil, men skriver også privat til kongen med ønske om skilsmisse. Ved dom 14. oktober 1670 opløses ægteskabet, og hun får medgift og 12.000 rigsdaler tilbage.

Marie rejser sydpå med kammerpigen Lucie og Sti Høg som rejsemarskal. I Lübeck og videre mod syd indleder hun efter et voldeligt krooptrin i Lohendorf et forhold til Sti, men efter et halvt år i Paris ender det i bitterhed og skam. Hun slår sig ned i Nürnberg, hvor hun møder den unge, rige adelsmand Remigius, som tilbeder hende; han dør i en rideulykke, og hun falder i tung sorg. Hjemrejsen ender i økonomisk ruin, og foråret 1673 vender hun tilbage til Tjele.

I 1679 gifter Marie sig med justitsråd Palle Dyre i et hverdagspræget ægteskab uden fortrolighed. I 1680’erne indleder hun et bindende forhold til kusken og ladefogeden Søren, som svinger mellem hengivenhed, mistro og råhed. Affæren bliver gennemskuet af tyendet og fortsætter i praksis åbent, mens Erik Grubbe forgæves forsøger at standse den. Da Palle Dyre kommer hjem til jul, foregiver Søren et forhold til bryggerspigen Ane Trinderup, men i et optrin skyder han hende med rævehagl, så hun såres. Søren fanges og sættes i arrest i Skanderborg, bryder senere ud og holder til på Gassum Hede, hvor han igen opsøger Marie og modtager hjælp. I august 1690 beder Erik Grubbe kongen om at gøre Marie arveløs og få hende indespærret; dette afslås. Palle søger skilsmisse uden proces, får afslag, men ægtefolkene dømmes skilt 23. marts 1691, mens Marie holdes under bevogtning på Tjele indtil sagens afslutning. Erotiske bindinger, social skandale og magtkampe mellem familie, ægtefæller og tjenestefolk driver forløbet.
 [Fluency]",4
"Summary #1

Handlingen udspiller sig fra midten af 1600-tallet til begyndelsen af 1700-tallet. Marie Grubbe vokser op som adelsdatter på Tjele Hovedgård i Jylland i et miljø præget af rang, ære og social kontrol. Efter konflikter sendes hun til København for at bo hos sin faster, enken fru Rigitze Grubbe ved Østergade/Pilestræde. Under svenskernes belejring 1658–59 oplever hun byens uro og kommer i berøring med hoffets kredse omkring kongens uægte sønner, Ulrik Frederik og Ulrik Christian Gyldenløve. Marie drages især af Ulrik Christian, som tiltvinger sig en brutal nærhed til hende, men han dør kort efter, og hun reagerer med sammenbrud og religiøs selvpineri, før hun igen føres ind i selskabslivet og knyttes til Ulrik Frederik.

Trods skandale om hans tidligere, ophævede ægteskab bliver Marie og Ulrik Frederik viet i stilhed 16. december 1660. Han rejser siden i spansk tjeneste og opsøger alkymisten Burrhi i Amsterdam, der advarer om en fare før hans 27. år knyttet til en kvindes hånd. Da Ulrik Frederik vender tilbage efter lang tid, er han fordrukken og hård, og et knivoptrin, hvor Marie i affekt hugger mod ham men kun rammer hans ærme, bliver et tegn på deres fjendtlige samliv. Ved hoffets ophold på Frederiksborg i 1663 uddybes Maries relation til svogeren Sti Høg, og i 1664 flytter hun med Ulrik Frederik til Akershus i Norge, hvor han er statholder. Ægteskabet forværres, ikke mindst da han åbent tager elskerinden Karen Fiol ind på slottet; Marie flygter om natten med skib tilbage til Danmark. Efter ophold på Tjele og i København fører faderen, Erik Grubbe, sag mod Ulrik Frederik; Marie medvirker udadtil, men skriver også privat til kongen med ønske om skilsmisse. Ved dom 14. oktober 1670 opløses ægteskabet, og hun får medgift og 12.000 rigsdaler tilbage.

Marie rejser sydpå med kammerpigen Lucie og Sti Høg som rejsemarskal. I Lübeck og videre mod syd indleder hun efter et voldeligt krooptrin i Lohendorf et forhold til Sti, men efter et halvt år i Paris ender det i bitterhed og skam. Hun slår sig ned i Nürnberg, hvor hun møder den unge, rige adelsmand Remigius, som tilbeder hende; han dør i en rideulykke, og hun falder i tung sorg. Hjemrejsen ender i økonomisk ruin, og foråret 1673 vender hun tilbage til Tjele.

I 1679 gifter Marie sig med justitsråd Palle Dyre i et hverdagspræget ægteskab uden fortrolighed. I 1680’erne indleder hun et bindende forhold til kusken og ladefogeden Søren, som svinger mellem hengivenhed, mistro og råhed. Affæren bliver gennemskuet af tyendet og fortsætter i praksis åbent, mens Erik Grubbe forgæves forsøger at standse den. Da Palle Dyre kommer hjem til jul, foregiver Søren et forhold til bryggerspigen Ane Trinderup, men i et optrin skyder han hende med rævehagl, så hun såres. Søren fanges og sættes i arrest i Skanderborg, bryder senere ud og holder til på Gassum Hede, hvor han igen opsøger Marie og modtager hjælp. I august 1690 beder Erik Grubbe kongen om at gøre Marie arveløs og få hende indespærret; dette afslås. Palle søger skilsmisse uden proces, får afslag, men ægtefolkene dømmes skilt 23. marts 1691, mens Marie holdes under bevogtning på Tjele indtil sagens afslutning. Erotiske bindinger, social skandale og magtkampe mellem familie, ægtefæller og tjenestefolk driver forløbet.
 [Coherence]",4
"Summary #1

Handlingen udspiller sig fra midten af 1600-tallet til begyndelsen af 1700-tallet. Marie Grubbe vokser op som adelsdatter på Tjele Hovedgård i Jylland i et miljø præget af rang, ære og social kontrol. Efter konflikter sendes hun til København for at bo hos sin faster, enken fru Rigitze Grubbe ved Østergade/Pilestræde. Under svenskernes belejring 1658–59 oplever hun byens uro og kommer i berøring med hoffets kredse omkring kongens uægte sønner, Ulrik Frederik og Ulrik Christian Gyldenløve. Marie drages især af Ulrik Christian, som tiltvinger sig en brutal nærhed til hende, men han dør kort efter, og hun reagerer med sammenbrud og religiøs selvpineri, før hun igen føres ind i selskabslivet og knyttes til Ulrik Frederik.

Trods skandale om hans tidligere, ophævede ægteskab bliver Marie og Ulrik Frederik viet i stilhed 16. december 1660. Han rejser siden i spansk tjeneste og opsøger alkymisten Burrhi i Amsterdam, der advarer om en fare før hans 27. år knyttet til en kvindes hånd. Da Ulrik Frederik vender tilbage efter lang tid, er han fordrukken og hård, og et knivoptrin, hvor Marie i affekt hugger mod ham men kun rammer hans ærme, bliver et tegn på deres fjendtlige samliv. Ved hoffets ophold på Frederiksborg i 1663 uddybes Maries relation til svogeren Sti Høg, og i 1664 flytter hun med Ulrik Frederik til Akershus i Norge, hvor han er statholder. Ægteskabet forværres, ikke mindst da han åbent tager elskerinden Karen Fiol ind på slottet; Marie flygter om natten med skib tilbage til Danmark. Efter ophold på Tjele og i København fører faderen, Erik Grubbe, sag mod Ulrik Frederik; Marie medvirker udadtil, men skriver også privat til kongen med ønske om skilsmisse. Ved dom 14. oktober 1670 opløses ægteskabet, og hun får medgift og 12.000 rigsdaler tilbage.

Marie rejser sydpå med kammerpigen Lucie og Sti Høg som rejsemarskal. I Lübeck og videre mod syd indleder hun efter et voldeligt krooptrin i Lohendorf et forhold til Sti, men efter et halvt år i Paris ender det i bitterhed og skam. Hun slår sig ned i Nürnberg, hvor hun møder den unge, rige adelsmand Remigius, som tilbeder hende; han dør i en rideulykke, og hun falder i tung sorg. Hjemrejsen ender i økonomisk ruin, og foråret 1673 vender hun tilbage til Tjele.

I 1679 gifter Marie sig med justitsråd Palle Dyre i et hverdagspræget ægteskab uden fortrolighed. I 1680’erne indleder hun et bindende forhold til kusken og ladefogeden Søren, som svinger mellem hengivenhed, mistro og råhed. Affæren bliver gennemskuet af tyendet og fortsætter i praksis åbent, mens Erik Grubbe forgæves forsøger at standse den. Da Palle Dyre kommer hjem til jul, foregiver Søren et forhold til bryggerspigen Ane Trinderup, men i et optrin skyder han hende med rævehagl, så hun såres. Søren fanges og sættes i arrest i Skanderborg, bryder senere ud og holder til på Gassum Hede, hvor han igen opsøger Marie og modtager hjælp. I august 1690 beder Erik Grubbe kongen om at gøre Marie arveløs og få hende indespærret; dette afslås. Palle søger skilsmisse uden proces, får afslag, men ægtefolkene dømmes skilt 23. marts 1691, mens Marie holdes under bevogtning på Tjele indtil sagens afslutning. Erotiske bindinger, social skandale og magtkampe mellem familie, ægtefæller og tjenestefolk driver forløbet.
 [Relevance]",4
"Summary #1

Handlingen udspiller sig fra midten af 1600-tallet til begyndelsen af 1700-tallet. Marie Grubbe vokser op som adelsdatter på Tjele Hovedgård i Jylland i et miljø præget af rang, ære og social kontrol. Efter konflikter sendes hun til København for at bo hos sin faster, enken fru Rigitze Grubbe ved Østergade/Pilestræde. Under svenskernes belejring 1658–59 oplever hun byens uro og kommer i berøring med hoffets kredse omkring kongens uægte sønner, Ulrik Frederik og Ulrik Christian Gyldenløve. Marie drages især af Ulrik Christian, som tiltvinger sig en brutal nærhed til hende, men han dør kort efter, og hun reagerer med sammenbrud og religiøs selvpineri, før hun igen føres ind i selskabslivet og knyttes til Ulrik Frederik.

Trods skandale om hans tidligere, ophævede ægteskab bliver Marie og Ulrik Frederik viet i stilhed 16. december 1660. Han rejser siden i spansk tjeneste og opsøger alkymisten Burrhi i Amsterdam, der advarer om en fare før hans 27. år knyttet til en kvindes hånd. Da Ulrik Frederik vender tilbage efter lang tid, er han fordrukken og hård, og et knivoptrin, hvor Marie i affekt hugger mod ham men kun rammer hans ærme, bliver et tegn på deres fjendtlige samliv. Ved hoffets ophold på Frederiksborg i 1663 uddybes Maries relation til svogeren Sti Høg, og i 1664 flytter hun med Ulrik Frederik til Akershus i Norge, hvor han er statholder. Ægteskabet forværres, ikke mindst da han åbent tager elskerinden Karen Fiol ind på slottet; Marie flygter om natten med skib tilbage til Danmark. Efter ophold på Tjele og i København fører faderen, Erik Grubbe, sag mod Ulrik Frederik; Marie medvirker udadtil, men skriver også privat til kongen med ønske om skilsmisse. Ved dom 14. oktober 1670 opløses ægteskabet, og hun får medgift og 12.000 rigsdaler tilbage.

Marie rejser sydpå med kammerpigen Lucie og Sti Høg som rejsemarskal. I Lübeck og videre mod syd indleder hun efter et voldeligt krooptrin i Lohendorf et forhold til Sti, men efter et halvt år i Paris ender det i bitterhed og skam. Hun slår sig ned i Nürnberg, hvor hun møder den unge, rige adelsmand Remigius, som tilbeder hende; han dør i en rideulykke, og hun falder i tung sorg. Hjemrejsen ender i økonomisk ruin, og foråret 1673 vender hun tilbage til Tjele.

I 1679 gifter Marie sig med justitsråd Palle Dyre i et hverdagspræget ægteskab uden fortrolighed. I 1680’erne indleder hun et bindende forhold til kusken og ladefogeden Søren, som svinger mellem hengivenhed, mistro og råhed. Affæren bliver gennemskuet af tyendet og fortsætter i praksis åbent, mens Erik Grubbe forgæves forsøger at standse den. Da Palle Dyre kommer hjem til jul, foregiver Søren et forhold til bryggerspigen Ane Trinderup, men i et optrin skyder han hende med rævehagl, så hun såres. Søren fanges og sættes i arrest i Skanderborg, bryder senere ud og holder til på Gassum Hede, hvor han igen opsøger Marie og modtager hjælp. I august 1690 beder Erik Grubbe kongen om at gøre Marie arveløs og få hende indespærret; dette afslås. Palle søger skilsmisse uden proces, får afslag, men ægtefolkene dømmes skilt 23. marts 1691, mens Marie holdes under bevogtning på Tjele indtil sagens afslutning. Erotiske bindinger, social skandale og magtkampe mellem familie, ægtefæller og tjenestefolk driver forløbet.
 [Factuality]",3
"Summary #1

Handlingen udspiller sig fra midten af 1600-tallet til begyndelsen af 1700-tallet. Marie Grubbe vokser op som adelsdatter på Tjele Hovedgård i Jylland i et miljø præget af rang, ære og social kontrol. Efter konflikter sendes hun til København for at bo hos sin faster, enken fru Rigitze Grubbe ved Østergade/Pilestræde. Under svenskernes belejring 1658–59 oplever hun byens uro og kommer i berøring med hoffets kredse omkring kongens uægte sønner, Ulrik Frederik og Ulrik Christian Gyldenløve. Marie drages især af Ulrik Christian, som tiltvinger sig en brutal nærhed til hende, men han dør kort efter, og hun reagerer med sammenbrud og religiøs selvpineri, før hun igen føres ind i selskabslivet og knyttes til Ulrik Frederik.

Trods skandale om hans tidligere, ophævede ægteskab bliver Marie og Ulrik Frederik viet i stilhed 16. december 1660. Han rejser siden i spansk tjeneste og opsøger alkymisten Burrhi i Amsterdam, der advarer om en fare før hans 27. år knyttet til en kvindes hånd. Da Ulrik Frederik vender tilbage efter lang tid, er han fordrukken og hård, og et knivoptrin, hvor Marie i affekt hugger mod ham men kun rammer hans ærme, bliver et tegn på deres fjendtlige samliv. Ved hoffets ophold på Frederiksborg i 1663 uddybes Maries relation til svogeren Sti Høg, og i 1664 flytter hun med Ulrik Frederik til Akershus i Norge, hvor han er statholder. Ægteskabet forværres, ikke mindst da han åbent tager elskerinden Karen Fiol ind på slottet; Marie flygter om natten med skib tilbage til Danmark. Efter ophold på Tjele og i København fører faderen, Erik Grubbe, sag mod Ulrik Frederik; Marie medvirker udadtil, men skriver også privat til kongen med ønske om skilsmisse. Ved dom 14. oktober 1670 opløses ægteskabet, og hun får medgift og 12.000 rigsdaler tilbage.

Marie rejser sydpå med kammerpigen Lucie og Sti Høg som rejsemarskal. I Lübeck og videre mod syd indleder hun efter et voldeligt krooptrin i Lohendorf et forhold til Sti, men efter et halvt år i Paris ender det i bitterhed og skam. Hun slår sig ned i Nürnberg, hvor hun møder den unge, rige adelsmand Remigius, som tilbeder hende; han dør i en rideulykke, og hun falder i tung sorg. Hjemrejsen ender i økonomisk ruin, og foråret 1673 vender hun tilbage til Tjele.

I 1679 gifter Marie sig med justitsråd Palle Dyre i et hverdagspræget ægteskab uden fortrolighed. I 1680’erne indleder hun et bindende forhold til kusken og ladefogeden Søren, som svinger mellem hengivenhed, mistro og råhed. Affæren bliver gennemskuet af tyendet og fortsætter i praksis åbent, mens Erik Grubbe forgæves forsøger at standse den. Da Palle Dyre kommer hjem til jul, foregiver Søren et forhold til bryggerspigen Ane Trinderup, men i et optrin skyder han hende med rævehagl, så hun såres. Søren fanges og sættes i arrest i Skanderborg, bryder senere ud og holder til på Gassum Hede, hvor han igen opsøger Marie og modtager hjælp. I august 1690 beder Erik Grubbe kongen om at gøre Marie arveløs og få hende indespærret; dette afslås. Palle søger skilsmisse uden proces, får afslag, men ægtefolkene dømmes skilt 23. marts 1691, mens Marie holdes under bevogtning på Tjele indtil sagens afslutning. Erotiske bindinger, social skandale og magtkampe mellem familie, ægtefæller og tjenestefolk driver forløbet.
 [Time]",4
"Summary #1

Handlingen udspiller sig fra midten af 1600-tallet til begyndelsen af 1700-tallet. Marie Grubbe vokser op som adelsdatter på Tjele Hovedgård i Jylland i et miljø præget af rang, ære og social kontrol. Efter konflikter sendes hun til København for at bo hos sin faster, enken fru Rigitze Grubbe ved Østergade/Pilestræde. Under svenskernes belejring 1658–59 oplever hun byens uro og kommer i berøring med hoffets kredse omkring kongens uægte sønner, Ulrik Frederik og Ulrik Christian Gyldenløve. Marie drages især af Ulrik Christian, som tiltvinger sig en brutal nærhed til hende, men han dør kort efter, og hun reagerer med sammenbrud og religiøs selvpineri, før hun igen føres ind i selskabslivet og knyttes til Ulrik Frederik.

Trods skandale om hans tidligere, ophævede ægteskab bliver Marie og Ulrik Frederik viet i stilhed 16. december 1660. Han rejser siden i spansk tjeneste og opsøger alkymisten Burrhi i Amsterdam, der advarer om en fare før hans 27. år knyttet til en kvindes hånd. Da Ulrik Frederik vender tilbage efter lang tid, er han fordrukken og hård, og et knivoptrin, hvor Marie i affekt hugger mod ham men kun rammer hans ærme, bliver et tegn på deres fjendtlige samliv. Ved hoffets ophold på Frederiksborg i 1663 uddybes Maries relation til svogeren Sti Høg, og i 1664 flytter hun med Ulrik Frederik til Akershus i Norge, hvor han er statholder. Ægteskabet forværres, ikke mindst da han åbent tager elskerinden Karen Fiol ind på slottet; Marie flygter om natten med skib tilbage til Danmark. Efter ophold på Tjele og i København fører faderen, Erik Grubbe, sag mod Ulrik Frederik; Marie medvirker udadtil, men skriver også privat til kongen med ønske om skilsmisse. Ved dom 14. oktober 1670 opløses ægteskabet, og hun får medgift og 12.000 rigsdaler tilbage.

Marie rejser sydpå med kammerpigen Lucie og Sti Høg som rejsemarskal. I Lübeck og videre mod syd indleder hun efter et voldeligt krooptrin i Lohendorf et forhold til Sti, men efter et halvt år i Paris ender det i bitterhed og skam. Hun slår sig ned i Nürnberg, hvor hun møder den unge, rige adelsmand Remigius, som tilbeder hende; han dør i en rideulykke, og hun falder i tung sorg. Hjemrejsen ender i økonomisk ruin, og foråret 1673 vender hun tilbage til Tjele.

I 1679 gifter Marie sig med justitsråd Palle Dyre i et hverdagspræget ægteskab uden fortrolighed. I 1680’erne indleder hun et bindende forhold til kusken og ladefogeden Søren, som svinger mellem hengivenhed, mistro og råhed. Affæren bliver gennemskuet af tyendet og fortsætter i praksis åbent, mens Erik Grubbe forgæves forsøger at standse den. Da Palle Dyre kommer hjem til jul, foregiver Søren et forhold til bryggerspigen Ane Trinderup, men i et optrin skyder han hende med rævehagl, så hun såres. Søren fanges og sættes i arrest i Skanderborg, bryder senere ud og holder til på Gassum Hede, hvor han igen opsøger Marie og modtager hjælp. I august 1690 beder Erik Grubbe kongen om at gøre Marie arveløs og få hende indespærret; dette afslås. Palle søger skilsmisse uden proces, får afslag, men ægtefolkene dømmes skilt 23. marts 1691, mens Marie holdes under bevogtning på Tjele indtil sagens afslutning. Erotiske bindinger, social skandale og magtkampe mellem familie, ægtefæller og tjenestefolk driver forløbet.
 [Place]",3
"Summary #1

Handlingen udspiller sig fra midten af 1600-tallet til begyndelsen af 1700-tallet. Marie Grubbe vokser op som adelsdatter på Tjele Hovedgård i Jylland i et miljø præget af rang, ære og social kontrol. Efter konflikter sendes hun til København for at bo hos sin faster, enken fru Rigitze Grubbe ved Østergade/Pilestræde. Under svenskernes belejring 1658–59 oplever hun byens uro og kommer i berøring med hoffets kredse omkring kongens uægte sønner, Ulrik Frederik og Ulrik Christian Gyldenløve. Marie drages især af Ulrik Christian, som tiltvinger sig en brutal nærhed til hende, men han dør kort efter, og hun reagerer med sammenbrud og religiøs selvpineri, før hun igen føres ind i selskabslivet og knyttes til Ulrik Frederik.

Trods skandale om hans tidligere, ophævede ægteskab bliver Marie og Ulrik Frederik viet i stilhed 16. december 1660. Han rejser siden i spansk tjeneste og opsøger alkymisten Burrhi i Amsterdam, der advarer om en fare før hans 27. år knyttet til en kvindes hånd. Da Ulrik Frederik vender tilbage efter lang tid, er han fordrukken og hård, og et knivoptrin, hvor Marie i affekt hugger mod ham men kun rammer hans ærme, bliver et tegn på deres fjendtlige samliv. Ved hoffets ophold på Frederiksborg i 1663 uddybes Maries relation til svogeren Sti Høg, og i 1664 flytter hun med Ulrik Frederik til Akershus i Norge, hvor han er statholder. Ægteskabet forværres, ikke mindst da han åbent tager elskerinden Karen Fiol ind på slottet; Marie flygter om natten med skib tilbage til Danmark. Efter ophold på Tjele og i København fører faderen, Erik Grubbe, sag mod Ulrik Frederik; Marie medvirker udadtil, men skriver også privat til kongen med ønske om skilsmisse. Ved dom 14. oktober 1670 opløses ægteskabet, og hun får medgift og 12.000 rigsdaler tilbage.

Marie rejser sydpå med kammerpigen Lucie og Sti Høg som rejsemarskal. I Lübeck og videre mod syd indleder hun efter et voldeligt krooptrin i Lohendorf et forhold til Sti, men efter et halvt år i Paris ender det i bitterhed og skam. Hun slår sig ned i Nürnberg, hvor hun møder den unge, rige adelsmand Remigius, som tilbeder hende; han dør i en rideulykke, og hun falder i tung sorg. Hjemrejsen ender i økonomisk ruin, og foråret 1673 vender hun tilbage til Tjele.

I 1679 gifter Marie sig med justitsråd Palle Dyre i et hverdagspræget ægteskab uden fortrolighed. I 1680’erne indleder hun et bindende forhold til kusken og ladefogeden Søren, som svinger mellem hengivenhed, mistro og råhed. Affæren bliver gennemskuet af tyendet og fortsætter i praksis åbent, mens Erik Grubbe forgæves forsøger at standse den. Da Palle Dyre kommer hjem til jul, foregiver Søren et forhold til bryggerspigen Ane Trinderup, men i et optrin skyder han hende med rævehagl, så hun såres. Søren fanges og sættes i arrest i Skanderborg, bryder senere ud og holder til på Gassum Hede, hvor han igen opsøger Marie og modtager hjælp. I august 1690 beder Erik Grubbe kongen om at gøre Marie arveløs og få hende indespærret; dette afslås. Palle søger skilsmisse uden proces, får afslag, men ægtefolkene dømmes skilt 23. marts 1691, mens Marie holdes under bevogtning på Tjele indtil sagens afslutning. Erotiske bindinger, social skandale og magtkampe mellem familie, ægtefæller og tjenestefolk driver forløbet.
 [Characters]",3
"Summary #1

Handlingen udspiller sig fra midten af 1600-tallet til begyndelsen af 1700-tallet. Marie Grubbe vokser op som adelsdatter på Tjele Hovedgård i Jylland i et miljø præget af rang, ære og social kontrol. Efter konflikter sendes hun til København for at bo hos sin faster, enken fru Rigitze Grubbe ved Østergade/Pilestræde. Under svenskernes belejring 1658–59 oplever hun byens uro og kommer i berøring med hoffets kredse omkring kongens uægte sønner, Ulrik Frederik og Ulrik Christian Gyldenløve. Marie drages især af Ulrik Christian, som tiltvinger sig en brutal nærhed til hende, men han dør kort efter, og hun reagerer med sammenbrud og religiøs selvpineri, før hun igen føres ind i selskabslivet og knyttes til Ulrik Frederik.

Trods skandale om hans tidligere, ophævede ægteskab bliver Marie og Ulrik Frederik viet i stilhed 16. december 1660. Han rejser siden i spansk tjeneste og opsøger alkymisten Burrhi i Amsterdam, der advarer om en fare før hans 27. år knyttet til en kvindes hånd. Da Ulrik Frederik vender tilbage efter lang tid, er han fordrukken og hård, og et knivoptrin, hvor Marie i affekt hugger mod ham men kun rammer hans ærme, bliver et tegn på deres fjendtlige samliv. Ved hoffets ophold på Frederiksborg i 1663 uddybes Maries relation til svogeren Sti Høg, og i 1664 flytter hun med Ulrik Frederik til Akershus i Norge, hvor han er statholder. Ægteskabet forværres, ikke mindst da han åbent tager elskerinden Karen Fiol ind på slottet; Marie flygter om natten med skib tilbage til Danmark. Efter ophold på Tjele og i København fører faderen, Erik Grubbe, sag mod Ulrik Frederik; Marie medvirker udadtil, men skriver også privat til kongen med ønske om skilsmisse. Ved dom 14. oktober 1670 opløses ægteskabet, og hun får medgift og 12.000 rigsdaler tilbage.

Marie rejser sydpå med kammerpigen Lucie og Sti Høg som rejsemarskal. I Lübeck og videre mod syd indleder hun efter et voldeligt krooptrin i Lohendorf et forhold til Sti, men efter et halvt år i Paris ender det i bitterhed og skam. Hun slår sig ned i Nürnberg, hvor hun møder den unge, rige adelsmand Remigius, som tilbeder hende; han dør i en rideulykke, og hun falder i tung sorg. Hjemrejsen ender i økonomisk ruin, og foråret 1673 vender hun tilbage til Tjele.

I 1679 gifter Marie sig med justitsråd Palle Dyre i et hverdagspræget ægteskab uden fortrolighed. I 1680’erne indleder hun et bindende forhold til kusken og ladefogeden Søren, som svinger mellem hengivenhed, mistro og råhed. Affæren bliver gennemskuet af tyendet og fortsætter i praksis åbent, mens Erik Grubbe forgæves forsøger at standse den. Da Palle Dyre kommer hjem til jul, foregiver Søren et forhold til bryggerspigen Ane Trinderup, men i et optrin skyder han hende med rævehagl, så hun såres. Søren fanges og sættes i arrest i Skanderborg, bryder senere ud og holder til på Gassum Hede, hvor han igen opsøger Marie og modtager hjælp. I august 1690 beder Erik Grubbe kongen om at gøre Marie arveløs og få hende indespærret; dette afslås. Palle søger skilsmisse uden proces, får afslag, men ægtefolkene dømmes skilt 23. marts 1691, mens Marie holdes under bevogtning på Tjele indtil sagens afslutning. Erotiske bindinger, social skandale og magtkampe mellem familie, ægtefæller og tjenestefolk driver forløbet.
 [Plot]",3
"Summary #1

Handlingen udspiller sig fra midten af 1600-tallet til begyndelsen af 1700-tallet. Marie Grubbe vokser op som adelsdatter på Tjele Hovedgård i Jylland i et miljø præget af rang, ære og social kontrol. Efter konflikter sendes hun til København for at bo hos sin faster, enken fru Rigitze Grubbe ved Østergade/Pilestræde. Under svenskernes belejring 1658–59 oplever hun byens uro og kommer i berøring med hoffets kredse omkring kongens uægte sønner, Ulrik Frederik og Ulrik Christian Gyldenløve. Marie drages især af Ulrik Christian, som tiltvinger sig en brutal nærhed til hende, men han dør kort efter, og hun reagerer med sammenbrud og religiøs selvpineri, før hun igen føres ind i selskabslivet og knyttes til Ulrik Frederik.

Trods skandale om hans tidligere, ophævede ægteskab bliver Marie og Ulrik Frederik viet i stilhed 16. december 1660. Han rejser siden i spansk tjeneste og opsøger alkymisten Burrhi i Amsterdam, der advarer om en fare før hans 27. år knyttet til en kvindes hånd. Da Ulrik Frederik vender tilbage efter lang tid, er han fordrukken og hård, og et knivoptrin, hvor Marie i affekt hugger mod ham men kun rammer hans ærme, bliver et tegn på deres fjendtlige samliv. Ved hoffets ophold på Frederiksborg i 1663 uddybes Maries relation til svogeren Sti Høg, og i 1664 flytter hun med Ulrik Frederik til Akershus i Norge, hvor han er statholder. Ægteskabet forværres, ikke mindst da han åbent tager elskerinden Karen Fiol ind på slottet; Marie flygter om natten med skib tilbage til Danmark. Efter ophold på Tjele og i København fører faderen, Erik Grubbe, sag mod Ulrik Frederik; Marie medvirker udadtil, men skriver også privat til kongen med ønske om skilsmisse. Ved dom 14. oktober 1670 opløses ægteskabet, og hun får medgift og 12.000 rigsdaler tilbage.

Marie rejser sydpå med kammerpigen Lucie og Sti Høg som rejsemarskal. I Lübeck og videre mod syd indleder hun efter et voldeligt krooptrin i Lohendorf et forhold til Sti, men efter et halvt år i Paris ender det i bitterhed og skam. Hun slår sig ned i Nürnberg, hvor hun møder den unge, rige adelsmand Remigius, som tilbeder hende; han dør i en rideulykke, og hun falder i tung sorg. Hjemrejsen ender i økonomisk ruin, og foråret 1673 vender hun tilbage til Tjele.

I 1679 gifter Marie sig med justitsråd Palle Dyre i et hverdagspræget ægteskab uden fortrolighed. I 1680’erne indleder hun et bindende forhold til kusken og ladefogeden Søren, som svinger mellem hengivenhed, mistro og råhed. Affæren bliver gennemskuet af tyendet og fortsætter i praksis åbent, mens Erik Grubbe forgæves forsøger at standse den. Da Palle Dyre kommer hjem til jul, foregiver Søren et forhold til bryggerspigen Ane Trinderup, men i et optrin skyder han hende med rævehagl, så hun såres. Søren fanges og sættes i arrest i Skanderborg, bryder senere ud og holder til på Gassum Hede, hvor han igen opsøger Marie og modtager hjælp. I august 1690 beder Erik Grubbe kongen om at gøre Marie arveløs og få hende indespærret; dette afslås. Palle søger skilsmisse uden proces, får afslag, men ægtefolkene dømmes skilt 23. marts 1691, mens Marie holdes under bevogtning på Tjele indtil sagens afslutning. Erotiske bindinger, social skandale og magtkampe mellem familie, ægtefæller og tjenestefolk driver forløbet.
 [Themes]",3
"Summary #2

Romanen udspiller sig i 1600‑tallet og følger især Marie Grubbes liv fra hendes rolle som statholderske i Norge gennem skandale, skilsmisse, eksil og tilbagevenden til et tilsyneladende almindeligt bondeliv. Handlingen bevæger sig mellem steder som herregårdene Tjele og Kalø, København og hoffet ved Frederiksborg, Aggershus i Norge samt byer på hendes rejser i Europa — Lübeck, Nürnberg og Paris — og senere jyske egne og en færge på Falster. Centrale personer er Marie Grubbe, hendes far Erik Grubbe, hendes første mand Ulrik Frederik (statholder), den korte elsker Sti Høg, kammerpigen Lucie, hendes anden mand justitsråd Palle Dyre og i de senere afsnit kusket Søren Ladefoged, der senere bliver hendes tredje ægtefælle, samt et kor af tjenestefolk, hoffolk og embedsmænd.

Fortællingen åbner med Maries ægteskab med Ulrik Frederik, konflikter på Aggershus og hendes flugt, efterfulgt af Erik Grubbes indgriben ved hoffet og en skilsmisse, der endeligt stadfæstes af højesteret. Marie modtager sin medgift og rejser ud i Europa, hvor et kort og lidenskabeligt forhold til Sti Høg bryder sammen. Hjemvendt indgår hun et økonomisk og følelsesmæssigt anstrengt ægteskab med Palle Dyre; de første år præges af smålig karrighed, gensidig nag og Maries voksende tristesse, som også manifesterer sig i hendes fysiske forandring.

Senere træder Søren Ladefoged frem som en stærk, grov men hengiven skikkelse, hvis grove hengivenhed og vedvarende erklæringer vinder Maries følelser. Efter hemmeligholdelse bliver deres forhold hurtigt kendt blandt tjenestefolk og møder hån, jalousi og anspændte magtrelationer over for Erik Grubbe og Palle Dyre. Affæren kulminerer dramatisk, da Søren i et øjeblik af raseri eller panik skyder Ane Trinderup, en bryggerspige og hans slægtning; Ane overlever med skader. Søren arresteres, flygter og skjules i omegnen, mens Palle Dyre forsøger at dæmpe skandalen af hensyn til omkostninger og omdømme, og Erik Grubbe søger strengere sanktioner. Temaer i romanen omfatter sociale og kønsmæssige magtforhold, ægteskabets økonomi, skandale, skam og konsekvenserne af lidenskab og vold inden for et aristokratisk landsbymiljø. [Fluency]",4
"Summary #2

Romanen udspiller sig i 1600‑tallet og følger især Marie Grubbes liv fra hendes rolle som statholderske i Norge gennem skandale, skilsmisse, eksil og tilbagevenden til et tilsyneladende almindeligt bondeliv. Handlingen bevæger sig mellem steder som herregårdene Tjele og Kalø, København og hoffet ved Frederiksborg, Aggershus i Norge samt byer på hendes rejser i Europa — Lübeck, Nürnberg og Paris — og senere jyske egne og en færge på Falster. Centrale personer er Marie Grubbe, hendes far Erik Grubbe, hendes første mand Ulrik Frederik (statholder), den korte elsker Sti Høg, kammerpigen Lucie, hendes anden mand justitsråd Palle Dyre og i de senere afsnit kusket Søren Ladefoged, der senere bliver hendes tredje ægtefælle, samt et kor af tjenestefolk, hoffolk og embedsmænd.

Fortællingen åbner med Maries ægteskab med Ulrik Frederik, konflikter på Aggershus og hendes flugt, efterfulgt af Erik Grubbes indgriben ved hoffet og en skilsmisse, der endeligt stadfæstes af højesteret. Marie modtager sin medgift og rejser ud i Europa, hvor et kort og lidenskabeligt forhold til Sti Høg bryder sammen. Hjemvendt indgår hun et økonomisk og følelsesmæssigt anstrengt ægteskab med Palle Dyre; de første år præges af smålig karrighed, gensidig nag og Maries voksende tristesse, som også manifesterer sig i hendes fysiske forandring.

Senere træder Søren Ladefoged frem som en stærk, grov men hengiven skikkelse, hvis grove hengivenhed og vedvarende erklæringer vinder Maries følelser. Efter hemmeligholdelse bliver deres forhold hurtigt kendt blandt tjenestefolk og møder hån, jalousi og anspændte magtrelationer over for Erik Grubbe og Palle Dyre. Affæren kulminerer dramatisk, da Søren i et øjeblik af raseri eller panik skyder Ane Trinderup, en bryggerspige og hans slægtning; Ane overlever med skader. Søren arresteres, flygter og skjules i omegnen, mens Palle Dyre forsøger at dæmpe skandalen af hensyn til omkostninger og omdømme, og Erik Grubbe søger strengere sanktioner. Temaer i romanen omfatter sociale og kønsmæssige magtforhold, ægteskabets økonomi, skandale, skam og konsekvenserne af lidenskab og vold inden for et aristokratisk landsbymiljø. [Coherence]",4
"Summary #2

Romanen udspiller sig i 1600‑tallet og følger især Marie Grubbes liv fra hendes rolle som statholderske i Norge gennem skandale, skilsmisse, eksil og tilbagevenden til et tilsyneladende almindeligt bondeliv. Handlingen bevæger sig mellem steder som herregårdene Tjele og Kalø, København og hoffet ved Frederiksborg, Aggershus i Norge samt byer på hendes rejser i Europa — Lübeck, Nürnberg og Paris — og senere jyske egne og en færge på Falster. Centrale personer er Marie Grubbe, hendes far Erik Grubbe, hendes første mand Ulrik Frederik (statholder), den korte elsker Sti Høg, kammerpigen Lucie, hendes anden mand justitsråd Palle Dyre og i de senere afsnit kusket Søren Ladefoged, der senere bliver hendes tredje ægtefælle, samt et kor af tjenestefolk, hoffolk og embedsmænd.

Fortællingen åbner med Maries ægteskab med Ulrik Frederik, konflikter på Aggershus og hendes flugt, efterfulgt af Erik Grubbes indgriben ved hoffet og en skilsmisse, der endeligt stadfæstes af højesteret. Marie modtager sin medgift og rejser ud i Europa, hvor et kort og lidenskabeligt forhold til Sti Høg bryder sammen. Hjemvendt indgår hun et økonomisk og følelsesmæssigt anstrengt ægteskab med Palle Dyre; de første år præges af smålig karrighed, gensidig nag og Maries voksende tristesse, som også manifesterer sig i hendes fysiske forandring.

Senere træder Søren Ladefoged frem som en stærk, grov men hengiven skikkelse, hvis grove hengivenhed og vedvarende erklæringer vinder Maries følelser. Efter hemmeligholdelse bliver deres forhold hurtigt kendt blandt tjenestefolk og møder hån, jalousi og anspændte magtrelationer over for Erik Grubbe og Palle Dyre. Affæren kulminerer dramatisk, da Søren i et øjeblik af raseri eller panik skyder Ane Trinderup, en bryggerspige og hans slægtning; Ane overlever med skader. Søren arresteres, flygter og skjules i omegnen, mens Palle Dyre forsøger at dæmpe skandalen af hensyn til omkostninger og omdømme, og Erik Grubbe søger strengere sanktioner. Temaer i romanen omfatter sociale og kønsmæssige magtforhold, ægteskabets økonomi, skandale, skam og konsekvenserne af lidenskab og vold inden for et aristokratisk landsbymiljø. [Relevance]",4
"Summary #2

Romanen udspiller sig i 1600‑tallet og følger især Marie Grubbes liv fra hendes rolle som statholderske i Norge gennem skandale, skilsmisse, eksil og tilbagevenden til et tilsyneladende almindeligt bondeliv. Handlingen bevæger sig mellem steder som herregårdene Tjele og Kalø, København og hoffet ved Frederiksborg, Aggershus i Norge samt byer på hendes rejser i Europa — Lübeck, Nürnberg og Paris — og senere jyske egne og en færge på Falster. Centrale personer er Marie Grubbe, hendes far Erik Grubbe, hendes første mand Ulrik Frederik (statholder), den korte elsker Sti Høg, kammerpigen Lucie, hendes anden mand justitsråd Palle Dyre og i de senere afsnit kusket Søren Ladefoged, der senere bliver hendes tredje ægtefælle, samt et kor af tjenestefolk, hoffolk og embedsmænd.

Fortællingen åbner med Maries ægteskab med Ulrik Frederik, konflikter på Aggershus og hendes flugt, efterfulgt af Erik Grubbes indgriben ved hoffet og en skilsmisse, der endeligt stadfæstes af højesteret. Marie modtager sin medgift og rejser ud i Europa, hvor et kort og lidenskabeligt forhold til Sti Høg bryder sammen. Hjemvendt indgår hun et økonomisk og følelsesmæssigt anstrengt ægteskab med Palle Dyre; de første år præges af smålig karrighed, gensidig nag og Maries voksende tristesse, som også manifesterer sig i hendes fysiske forandring.

Senere træder Søren Ladefoged frem som en stærk, grov men hengiven skikkelse, hvis grove hengivenhed og vedvarende erklæringer vinder Maries følelser. Efter hemmeligholdelse bliver deres forhold hurtigt kendt blandt tjenestefolk og møder hån, jalousi og anspændte magtrelationer over for Erik Grubbe og Palle Dyre. Affæren kulminerer dramatisk, da Søren i et øjeblik af raseri eller panik skyder Ane Trinderup, en bryggerspige og hans slægtning; Ane overlever med skader. Søren arresteres, flygter og skjules i omegnen, mens Palle Dyre forsøger at dæmpe skandalen af hensyn til omkostninger og omdømme, og Erik Grubbe søger strengere sanktioner. Temaer i romanen omfatter sociale og kønsmæssige magtforhold, ægteskabets økonomi, skandale, skam og konsekvenserne af lidenskab og vold inden for et aristokratisk landsbymiljø. [Factuality]",4
"Summary #2

Romanen udspiller sig i 1600‑tallet og følger især Marie Grubbes liv fra hendes rolle som statholderske i Norge gennem skandale, skilsmisse, eksil og tilbagevenden til et tilsyneladende almindeligt bondeliv. Handlingen bevæger sig mellem steder som herregårdene Tjele og Kalø, København og hoffet ved Frederiksborg, Aggershus i Norge samt byer på hendes rejser i Europa — Lübeck, Nürnberg og Paris — og senere jyske egne og en færge på Falster. Centrale personer er Marie Grubbe, hendes far Erik Grubbe, hendes første mand Ulrik Frederik (statholder), den korte elsker Sti Høg, kammerpigen Lucie, hendes anden mand justitsråd Palle Dyre og i de senere afsnit kusket Søren Ladefoged, der senere bliver hendes tredje ægtefælle, samt et kor af tjenestefolk, hoffolk og embedsmænd.

Fortællingen åbner med Maries ægteskab med Ulrik Frederik, konflikter på Aggershus og hendes flugt, efterfulgt af Erik Grubbes indgriben ved hoffet og en skilsmisse, der endeligt stadfæstes af højesteret. Marie modtager sin medgift og rejser ud i Europa, hvor et kort og lidenskabeligt forhold til Sti Høg bryder sammen. Hjemvendt indgår hun et økonomisk og følelsesmæssigt anstrengt ægteskab med Palle Dyre; de første år præges af smålig karrighed, gensidig nag og Maries voksende tristesse, som også manifesterer sig i hendes fysiske forandring.

Senere træder Søren Ladefoged frem som en stærk, grov men hengiven skikkelse, hvis grove hengivenhed og vedvarende erklæringer vinder Maries følelser. Efter hemmeligholdelse bliver deres forhold hurtigt kendt blandt tjenestefolk og møder hån, jalousi og anspændte magtrelationer over for Erik Grubbe og Palle Dyre. Affæren kulminerer dramatisk, da Søren i et øjeblik af raseri eller panik skyder Ane Trinderup, en bryggerspige og hans slægtning; Ane overlever med skader. Søren arresteres, flygter og skjules i omegnen, mens Palle Dyre forsøger at dæmpe skandalen af hensyn til omkostninger og omdømme, og Erik Grubbe søger strengere sanktioner. Temaer i romanen omfatter sociale og kønsmæssige magtforhold, ægteskabets økonomi, skandale, skam og konsekvenserne af lidenskab og vold inden for et aristokratisk landsbymiljø. [Time ]",4
"Summary #2

Romanen udspiller sig i 1600‑tallet og følger især Marie Grubbes liv fra hendes rolle som statholderske i Norge gennem skandale, skilsmisse, eksil og tilbagevenden til et tilsyneladende almindeligt bondeliv. Handlingen bevæger sig mellem steder som herregårdene Tjele og Kalø, København og hoffet ved Frederiksborg, Aggershus i Norge samt byer på hendes rejser i Europa — Lübeck, Nürnberg og Paris — og senere jyske egne og en færge på Falster. Centrale personer er Marie Grubbe, hendes far Erik Grubbe, hendes første mand Ulrik Frederik (statholder), den korte elsker Sti Høg, kammerpigen Lucie, hendes anden mand justitsråd Palle Dyre og i de senere afsnit kusket Søren Ladefoged, der senere bliver hendes tredje ægtefælle, samt et kor af tjenestefolk, hoffolk og embedsmænd.

Fortællingen åbner med Maries ægteskab med Ulrik Frederik, konflikter på Aggershus og hendes flugt, efterfulgt af Erik Grubbes indgriben ved hoffet og en skilsmisse, der endeligt stadfæstes af højesteret. Marie modtager sin medgift og rejser ud i Europa, hvor et kort og lidenskabeligt forhold til Sti Høg bryder sammen. Hjemvendt indgår hun et økonomisk og følelsesmæssigt anstrengt ægteskab med Palle Dyre; de første år præges af smålig karrighed, gensidig nag og Maries voksende tristesse, som også manifesterer sig i hendes fysiske forandring.

Senere træder Søren Ladefoged frem som en stærk, grov men hengiven skikkelse, hvis grove hengivenhed og vedvarende erklæringer vinder Maries følelser. Efter hemmeligholdelse bliver deres forhold hurtigt kendt blandt tjenestefolk og møder hån, jalousi og anspændte magtrelationer over for Erik Grubbe og Palle Dyre. Affæren kulminerer dramatisk, da Søren i et øjeblik af raseri eller panik skyder Ane Trinderup, en bryggerspige og hans slægtning; Ane overlever med skader. Søren arresteres, flygter og skjules i omegnen, mens Palle Dyre forsøger at dæmpe skandalen af hensyn til omkostninger og omdømme, og Erik Grubbe søger strengere sanktioner. Temaer i romanen omfatter sociale og kønsmæssige magtforhold, ægteskabets økonomi, skandale, skam og konsekvenserne af lidenskab og vold inden for et aristokratisk landsbymiljø. [Place]",4
"Summary #2

Romanen udspiller sig i 1600‑tallet og følger især Marie Grubbes liv fra hendes rolle som statholderske i Norge gennem skandale, skilsmisse, eksil og tilbagevenden til et tilsyneladende almindeligt bondeliv. Handlingen bevæger sig mellem steder som herregårdene Tjele og Kalø, København og hoffet ved Frederiksborg, Aggershus i Norge samt byer på hendes rejser i Europa — Lübeck, Nürnberg og Paris — og senere jyske egne og en færge på Falster. Centrale personer er Marie Grubbe, hendes far Erik Grubbe, hendes første mand Ulrik Frederik (statholder), den korte elsker Sti Høg, kammerpigen Lucie, hendes anden mand justitsråd Palle Dyre og i de senere afsnit kusket Søren Ladefoged, der senere bliver hendes tredje ægtefælle, samt et kor af tjenestefolk, hoffolk og embedsmænd.

Fortællingen åbner med Maries ægteskab med Ulrik Frederik, konflikter på Aggershus og hendes flugt, efterfulgt af Erik Grubbes indgriben ved hoffet og en skilsmisse, der endeligt stadfæstes af højesteret. Marie modtager sin medgift og rejser ud i Europa, hvor et kort og lidenskabeligt forhold til Sti Høg bryder sammen. Hjemvendt indgår hun et økonomisk og følelsesmæssigt anstrengt ægteskab med Palle Dyre; de første år præges af smålig karrighed, gensidig nag og Maries voksende tristesse, som også manifesterer sig i hendes fysiske forandring.

Senere træder Søren Ladefoged frem som en stærk, grov men hengiven skikkelse, hvis grove hengivenhed og vedvarende erklæringer vinder Maries følelser. Efter hemmeligholdelse bliver deres forhold hurtigt kendt blandt tjenestefolk og møder hån, jalousi og anspændte magtrelationer over for Erik Grubbe og Palle Dyre. Affæren kulminerer dramatisk, da Søren i et øjeblik af raseri eller panik skyder Ane Trinderup, en bryggerspige og hans slægtning; Ane overlever med skader. Søren arresteres, flygter og skjules i omegnen, mens Palle Dyre forsøger at dæmpe skandalen af hensyn til omkostninger og omdømme, og Erik Grubbe søger strengere sanktioner. Temaer i romanen omfatter sociale og kønsmæssige magtforhold, ægteskabets økonomi, skandale, skam og konsekvenserne af lidenskab og vold inden for et aristokratisk landsbymiljø. [Characters]",5
"Summary #2

Romanen udspiller sig i 1600‑tallet og følger især Marie Grubbes liv fra hendes rolle som statholderske i Norge gennem skandale, skilsmisse, eksil og tilbagevenden til et tilsyneladende almindeligt bondeliv. Handlingen bevæger sig mellem steder som herregårdene Tjele og Kalø, København og hoffet ved Frederiksborg, Aggershus i Norge samt byer på hendes rejser i Europa — Lübeck, Nürnberg og Paris — og senere jyske egne og en færge på Falster. Centrale personer er Marie Grubbe, hendes far Erik Grubbe, hendes første mand Ulrik Frederik (statholder), den korte elsker Sti Høg, kammerpigen Lucie, hendes anden mand justitsråd Palle Dyre og i de senere afsnit kusket Søren Ladefoged, der senere bliver hendes tredje ægtefælle, samt et kor af tjenestefolk, hoffolk og embedsmænd.

Fortællingen åbner med Maries ægteskab med Ulrik Frederik, konflikter på Aggershus og hendes flugt, efterfulgt af Erik Grubbes indgriben ved hoffet og en skilsmisse, der endeligt stadfæstes af højesteret. Marie modtager sin medgift og rejser ud i Europa, hvor et kort og lidenskabeligt forhold til Sti Høg bryder sammen. Hjemvendt indgår hun et økonomisk og følelsesmæssigt anstrengt ægteskab med Palle Dyre; de første år præges af smålig karrighed, gensidig nag og Maries voksende tristesse, som også manifesterer sig i hendes fysiske forandring.

Senere træder Søren Ladefoged frem som en stærk, grov men hengiven skikkelse, hvis grove hengivenhed og vedvarende erklæringer vinder Maries følelser. Efter hemmeligholdelse bliver deres forhold hurtigt kendt blandt tjenestefolk og møder hån, jalousi og anspændte magtrelationer over for Erik Grubbe og Palle Dyre. Affæren kulminerer dramatisk, da Søren i et øjeblik af raseri eller panik skyder Ane Trinderup, en bryggerspige og hans slægtning; Ane overlever med skader. Søren arresteres, flygter og skjules i omegnen, mens Palle Dyre forsøger at dæmpe skandalen af hensyn til omkostninger og omdømme, og Erik Grubbe søger strengere sanktioner. Temaer i romanen omfatter sociale og kønsmæssige magtforhold, ægteskabets økonomi, skandale, skam og konsekvenserne af lidenskab og vold inden for et aristokratisk landsbymiljø. [Plot]",4
"Summary #2

Romanen udspiller sig i 1600‑tallet og følger især Marie Grubbes liv fra hendes rolle som statholderske i Norge gennem skandale, skilsmisse, eksil og tilbagevenden til et tilsyneladende almindeligt bondeliv. Handlingen bevæger sig mellem steder som herregårdene Tjele og Kalø, København og hoffet ved Frederiksborg, Aggershus i Norge samt byer på hendes rejser i Europa — Lübeck, Nürnberg og Paris — og senere jyske egne og en færge på Falster. Centrale personer er Marie Grubbe, hendes far Erik Grubbe, hendes første mand Ulrik Frederik (statholder), den korte elsker Sti Høg, kammerpigen Lucie, hendes anden mand justitsråd Palle Dyre og i de senere afsnit kusket Søren Ladefoged, der senere bliver hendes tredje ægtefælle, samt et kor af tjenestefolk, hoffolk og embedsmænd.

Fortællingen åbner med Maries ægteskab med Ulrik Frederik, konflikter på Aggershus og hendes flugt, efterfulgt af Erik Grubbes indgriben ved hoffet og en skilsmisse, der endeligt stadfæstes af højesteret. Marie modtager sin medgift og rejser ud i Europa, hvor et kort og lidenskabeligt forhold til Sti Høg bryder sammen. Hjemvendt indgår hun et økonomisk og følelsesmæssigt anstrengt ægteskab med Palle Dyre; de første år præges af smålig karrighed, gensidig nag og Maries voksende tristesse, som også manifesterer sig i hendes fysiske forandring.

Senere træder Søren Ladefoged frem som en stærk, grov men hengiven skikkelse, hvis grove hengivenhed og vedvarende erklæringer vinder Maries følelser. Efter hemmeligholdelse bliver deres forhold hurtigt kendt blandt tjenestefolk og møder hån, jalousi og anspændte magtrelationer over for Erik Grubbe og Palle Dyre. Affæren kulminerer dramatisk, da Søren i et øjeblik af raseri eller panik skyder Ane Trinderup, en bryggerspige og hans slægtning; Ane overlever med skader. Søren arresteres, flygter og skjules i omegnen, mens Palle Dyre forsøger at dæmpe skandalen af hensyn til omkostninger og omdømme, og Erik Grubbe søger strengere sanktioner. Temaer i romanen omfatter sociale og kønsmæssige magtforhold, ægteskabets økonomi, skandale, skam og konsekvenserne af lidenskab og vold inden for et aristokratisk landsbymiljø. [Themes]",4
"Summary #3

Sommeren 1657 på Tjele Hovedgaard oplever den fjortenårige Marie Grubbe krigserklæringen og vognulykken, der sender faderen Erik Grubbe til København og hende selv til faster Rigitze. I byen betragter hun livet fra vinduet, indtil generalløjtnant Ulrik Christian Gyldenløve en aften kysser hende i fasters stue; hans død 11. december efterlader hende i døs af længsel. Samtidig forlover Ulrik Frederik Gyldenløve sig med Sofie Urne, men deres hemmelige ægteskab ophæves ved kongelig ordre, og Sofie sendes til klostret i Itzehoe, mens Ulrik Frederik falder i druk og vanry. Efter sejren ved Nyborg i november 1659 vender han tilbage til hoffet som oberst tilhest.

Marie, nu sytten og asketisk efter Ulrik Christians død, trækkes sommeren 1659 ud i det sociale liv med voksentøj og danselære. Ved en søndagsspadsér på Petri Kirkegaard møder hun Ulrik Frederik igen; de forlover sig med Rigitzes og kongens billigelse og stilgifter i december 1660. Uden for hoffets gunst længes Ulrik Frederik efter krig og rejser i april 1661 til Spanien i fjorten måneder. I hans fravær opsluger ensomhed og længsel Marie; hun dvæler ved dødsdrift og selvskade, indtil han i august 1662 vender beruset og hædret hjem. Under et voldeligt genskabsmøde stikker hun efter ham med en brødkniv; skræmt af sin handling og hans kolde distance siver hendes kærlighed ud i ligegyldighed. Ulrik Frederik indleder et forhold til Karen Fiol; på Frederiksborg sommeren 1662 konfronterer Marie dem i haven, kaster en sten mod vinduet og trues med en nål, hvorefter hun tavser for hoffet og indvendigt bryder med ham.

Ved balletten «Die Waldlust» i september 1663 danser Marie som Diana og møder i en grotte Sti Høg, hvis tilbedelse hun belønner med et medlidenhedskys. I januar 1664 følger hun Ulrik Frederik til Aggershus som norsk statholderske; de lever adskilt, indtil han i «Daasen» en rå eftermiddag opsøger hende. Under en drukken samtale bekender hun sin døde kærlighed; i vildt raseri jager han hende ud, og samme nat flygter hun med en skipper til Danmark. Efter brevvekslinger indgives i maj 1667 en supplik til kong Christian V; ved højesteretsdom 14. oktober 1667 ophæves ægteskabet, og Marie får medgift og klenodier tilbage.

Umiddelbart efter rejser hun til Lübeck med kammerpigen Lucie og møder Sti Høg, der følger hende som rejsemarskalk gennem Tyskland. Deres kærlighed brister i Paris, da hans svaghed viser sig. Marie driver herefter om i Europa, indtil hun i Nürnberg møder den fromme adelsmand Remigius, hvis død i en rideulykke sender hende hjem til Tjele med tomme hænder. [Fluency]",3
"Summary #3

Sommeren 1657 på Tjele Hovedgaard oplever den fjortenårige Marie Grubbe krigserklæringen og vognulykken, der sender faderen Erik Grubbe til København og hende selv til faster Rigitze. I byen betragter hun livet fra vinduet, indtil generalløjtnant Ulrik Christian Gyldenløve en aften kysser hende i fasters stue; hans død 11. december efterlader hende i døs af længsel. Samtidig forlover Ulrik Frederik Gyldenløve sig med Sofie Urne, men deres hemmelige ægteskab ophæves ved kongelig ordre, og Sofie sendes til klostret i Itzehoe, mens Ulrik Frederik falder i druk og vanry. Efter sejren ved Nyborg i november 1659 vender han tilbage til hoffet som oberst tilhest.

Marie, nu sytten og asketisk efter Ulrik Christians død, trækkes sommeren 1659 ud i det sociale liv med voksentøj og danselære. Ved en søndagsspadsér på Petri Kirkegaard møder hun Ulrik Frederik igen; de forlover sig med Rigitzes og kongens billigelse og stilgifter i december 1660. Uden for hoffets gunst længes Ulrik Frederik efter krig og rejser i april 1661 til Spanien i fjorten måneder. I hans fravær opsluger ensomhed og længsel Marie; hun dvæler ved dødsdrift og selvskade, indtil han i august 1662 vender beruset og hædret hjem. Under et voldeligt genskabsmøde stikker hun efter ham med en brødkniv; skræmt af sin handling og hans kolde distance siver hendes kærlighed ud i ligegyldighed. Ulrik Frederik indleder et forhold til Karen Fiol; på Frederiksborg sommeren 1662 konfronterer Marie dem i haven, kaster en sten mod vinduet og trues med en nål, hvorefter hun tavser for hoffet og indvendigt bryder med ham.

Ved balletten «Die Waldlust» i september 1663 danser Marie som Diana og møder i en grotte Sti Høg, hvis tilbedelse hun belønner med et medlidenhedskys. I januar 1664 følger hun Ulrik Frederik til Aggershus som norsk statholderske; de lever adskilt, indtil han i «Daasen» en rå eftermiddag opsøger hende. Under en drukken samtale bekender hun sin døde kærlighed; i vildt raseri jager han hende ud, og samme nat flygter hun med en skipper til Danmark. Efter brevvekslinger indgives i maj 1667 en supplik til kong Christian V; ved højesteretsdom 14. oktober 1667 ophæves ægteskabet, og Marie får medgift og klenodier tilbage.

Umiddelbart efter rejser hun til Lübeck med kammerpigen Lucie og møder Sti Høg, der følger hende som rejsemarskalk gennem Tyskland. Deres kærlighed brister i Paris, da hans svaghed viser sig. Marie driver herefter om i Europa, indtil hun i Nürnberg møder den fromme adelsmand Remigius, hvis død i en rideulykke sender hende hjem til Tjele med tomme hænder. [Coherence]",4
"Summary #3

Sommeren 1657 på Tjele Hovedgaard oplever den fjortenårige Marie Grubbe krigserklæringen og vognulykken, der sender faderen Erik Grubbe til København og hende selv til faster Rigitze. I byen betragter hun livet fra vinduet, indtil generalløjtnant Ulrik Christian Gyldenløve en aften kysser hende i fasters stue; hans død 11. december efterlader hende i døs af længsel. Samtidig forlover Ulrik Frederik Gyldenløve sig med Sofie Urne, men deres hemmelige ægteskab ophæves ved kongelig ordre, og Sofie sendes til klostret i Itzehoe, mens Ulrik Frederik falder i druk og vanry. Efter sejren ved Nyborg i november 1659 vender han tilbage til hoffet som oberst tilhest.

Marie, nu sytten og asketisk efter Ulrik Christians død, trækkes sommeren 1659 ud i det sociale liv med voksentøj og danselære. Ved en søndagsspadsér på Petri Kirkegaard møder hun Ulrik Frederik igen; de forlover sig med Rigitzes og kongens billigelse og stilgifter i december 1660. Uden for hoffets gunst længes Ulrik Frederik efter krig og rejser i april 1661 til Spanien i fjorten måneder. I hans fravær opsluger ensomhed og længsel Marie; hun dvæler ved dødsdrift og selvskade, indtil han i august 1662 vender beruset og hædret hjem. Under et voldeligt genskabsmøde stikker hun efter ham med en brødkniv; skræmt af sin handling og hans kolde distance siver hendes kærlighed ud i ligegyldighed. Ulrik Frederik indleder et forhold til Karen Fiol; på Frederiksborg sommeren 1662 konfronterer Marie dem i haven, kaster en sten mod vinduet og trues med en nål, hvorefter hun tavser for hoffet og indvendigt bryder med ham.

Ved balletten «Die Waldlust» i september 1663 danser Marie som Diana og møder i en grotte Sti Høg, hvis tilbedelse hun belønner med et medlidenhedskys. I januar 1664 følger hun Ulrik Frederik til Aggershus som norsk statholderske; de lever adskilt, indtil han i «Daasen» en rå eftermiddag opsøger hende. Under en drukken samtale bekender hun sin døde kærlighed; i vildt raseri jager han hende ud, og samme nat flygter hun med en skipper til Danmark. Efter brevvekslinger indgives i maj 1667 en supplik til kong Christian V; ved højesteretsdom 14. oktober 1667 ophæves ægteskabet, og Marie får medgift og klenodier tilbage.

Umiddelbart efter rejser hun til Lübeck med kammerpigen Lucie og møder Sti Høg, der følger hende som rejsemarskalk gennem Tyskland. Deres kærlighed brister i Paris, da hans svaghed viser sig. Marie driver herefter om i Europa, indtil hun i Nürnberg møder den fromme adelsmand Remigius, hvis død i en rideulykke sender hende hjem til Tjele med tomme hænder. [Relevance]",3
"Summary #3

Sommeren 1657 på Tjele Hovedgaard oplever den fjortenårige Marie Grubbe krigserklæringen og vognulykken, der sender faderen Erik Grubbe til København og hende selv til faster Rigitze. I byen betragter hun livet fra vinduet, indtil generalløjtnant Ulrik Christian Gyldenløve en aften kysser hende i fasters stue; hans død 11. december efterlader hende i døs af længsel. Samtidig forlover Ulrik Frederik Gyldenløve sig med Sofie Urne, men deres hemmelige ægteskab ophæves ved kongelig ordre, og Sofie sendes til klostret i Itzehoe, mens Ulrik Frederik falder i druk og vanry. Efter sejren ved Nyborg i november 1659 vender han tilbage til hoffet som oberst tilhest.

Marie, nu sytten og asketisk efter Ulrik Christians død, trækkes sommeren 1659 ud i det sociale liv med voksentøj og danselære. Ved en søndagsspadsér på Petri Kirkegaard møder hun Ulrik Frederik igen; de forlover sig med Rigitzes og kongens billigelse og stilgifter i december 1660. Uden for hoffets gunst længes Ulrik Frederik efter krig og rejser i april 1661 til Spanien i fjorten måneder. I hans fravær opsluger ensomhed og længsel Marie; hun dvæler ved dødsdrift og selvskade, indtil han i august 1662 vender beruset og hædret hjem. Under et voldeligt genskabsmøde stikker hun efter ham med en brødkniv; skræmt af sin handling og hans kolde distance siver hendes kærlighed ud i ligegyldighed. Ulrik Frederik indleder et forhold til Karen Fiol; på Frederiksborg sommeren 1662 konfronterer Marie dem i haven, kaster en sten mod vinduet og trues med en nål, hvorefter hun tavser for hoffet og indvendigt bryder med ham.

Ved balletten «Die Waldlust» i september 1663 danser Marie som Diana og møder i en grotte Sti Høg, hvis tilbedelse hun belønner med et medlidenhedskys. I januar 1664 følger hun Ulrik Frederik til Aggershus som norsk statholderske; de lever adskilt, indtil han i «Daasen» en rå eftermiddag opsøger hende. Under en drukken samtale bekender hun sin døde kærlighed; i vildt raseri jager han hende ud, og samme nat flygter hun med en skipper til Danmark. Efter brevvekslinger indgives i maj 1667 en supplik til kong Christian V; ved højesteretsdom 14. oktober 1667 ophæves ægteskabet, og Marie får medgift og klenodier tilbage.

Umiddelbart efter rejser hun til Lübeck med kammerpigen Lucie og møder Sti Høg, der følger hende som rejsemarskalk gennem Tyskland. Deres kærlighed brister i Paris, da hans svaghed viser sig. Marie driver herefter om i Europa, indtil hun i Nürnberg møder den fromme adelsmand Remigius, hvis død i en rideulykke sender hende hjem til Tjele med tomme hænder. [Factuality]",3
"Summary #3

Sommeren 1657 på Tjele Hovedgaard oplever den fjortenårige Marie Grubbe krigserklæringen og vognulykken, der sender faderen Erik Grubbe til København og hende selv til faster Rigitze. I byen betragter hun livet fra vinduet, indtil generalløjtnant Ulrik Christian Gyldenløve en aften kysser hende i fasters stue; hans død 11. december efterlader hende i døs af længsel. Samtidig forlover Ulrik Frederik Gyldenløve sig med Sofie Urne, men deres hemmelige ægteskab ophæves ved kongelig ordre, og Sofie sendes til klostret i Itzehoe, mens Ulrik Frederik falder i druk og vanry. Efter sejren ved Nyborg i november 1659 vender han tilbage til hoffet som oberst tilhest.

Marie, nu sytten og asketisk efter Ulrik Christians død, trækkes sommeren 1659 ud i det sociale liv med voksentøj og danselære. Ved en søndagsspadsér på Petri Kirkegaard møder hun Ulrik Frederik igen; de forlover sig med Rigitzes og kongens billigelse og stilgifter i december 1660. Uden for hoffets gunst længes Ulrik Frederik efter krig og rejser i april 1661 til Spanien i fjorten måneder. I hans fravær opsluger ensomhed og længsel Marie; hun dvæler ved dødsdrift og selvskade, indtil han i august 1662 vender beruset og hædret hjem. Under et voldeligt genskabsmøde stikker hun efter ham med en brødkniv; skræmt af sin handling og hans kolde distance siver hendes kærlighed ud i ligegyldighed. Ulrik Frederik indleder et forhold til Karen Fiol; på Frederiksborg sommeren 1662 konfronterer Marie dem i haven, kaster en sten mod vinduet og trues med en nål, hvorefter hun tavser for hoffet og indvendigt bryder med ham.

Ved balletten «Die Waldlust» i september 1663 danser Marie som Diana og møder i en grotte Sti Høg, hvis tilbedelse hun belønner med et medlidenhedskys. I januar 1664 følger hun Ulrik Frederik til Aggershus som norsk statholderske; de lever adskilt, indtil han i «Daasen» en rå eftermiddag opsøger hende. Under en drukken samtale bekender hun sin døde kærlighed; i vildt raseri jager han hende ud, og samme nat flygter hun med en skipper til Danmark. Efter brevvekslinger indgives i maj 1667 en supplik til kong Christian V; ved højesteretsdom 14. oktober 1667 ophæves ægteskabet, og Marie får medgift og klenodier tilbage.

Umiddelbart efter rejser hun til Lübeck med kammerpigen Lucie og møder Sti Høg, der følger hende som rejsemarskalk gennem Tyskland. Deres kærlighed brister i Paris, da hans svaghed viser sig. Marie driver herefter om i Europa, indtil hun i Nürnberg møder den fromme adelsmand Remigius, hvis død i en rideulykke sender hende hjem til Tjele med tomme hænder. [Time]",4
"Summary #3

Sommeren 1657 på Tjele Hovedgaard oplever den fjortenårige Marie Grubbe krigserklæringen og vognulykken, der sender faderen Erik Grubbe til København og hende selv til faster Rigitze. I byen betragter hun livet fra vinduet, indtil generalløjtnant Ulrik Christian Gyldenløve en aften kysser hende i fasters stue; hans død 11. december efterlader hende i døs af længsel. Samtidig forlover Ulrik Frederik Gyldenløve sig med Sofie Urne, men deres hemmelige ægteskab ophæves ved kongelig ordre, og Sofie sendes til klostret i Itzehoe, mens Ulrik Frederik falder i druk og vanry. Efter sejren ved Nyborg i november 1659 vender han tilbage til hoffet som oberst tilhest.

Marie, nu sytten og asketisk efter Ulrik Christians død, trækkes sommeren 1659 ud i det sociale liv med voksentøj og danselære. Ved en søndagsspadsér på Petri Kirkegaard møder hun Ulrik Frederik igen; de forlover sig med Rigitzes og kongens billigelse og stilgifter i december 1660. Uden for hoffets gunst længes Ulrik Frederik efter krig og rejser i april 1661 til Spanien i fjorten måneder. I hans fravær opsluger ensomhed og længsel Marie; hun dvæler ved dødsdrift og selvskade, indtil han i august 1662 vender beruset og hædret hjem. Under et voldeligt genskabsmøde stikker hun efter ham med en brødkniv; skræmt af sin handling og hans kolde distance siver hendes kærlighed ud i ligegyldighed. Ulrik Frederik indleder et forhold til Karen Fiol; på Frederiksborg sommeren 1662 konfronterer Marie dem i haven, kaster en sten mod vinduet og trues med en nål, hvorefter hun tavser for hoffet og indvendigt bryder med ham.

Ved balletten «Die Waldlust» i september 1663 danser Marie som Diana og møder i en grotte Sti Høg, hvis tilbedelse hun belønner med et medlidenhedskys. I januar 1664 følger hun Ulrik Frederik til Aggershus som norsk statholderske; de lever adskilt, indtil han i «Daasen» en rå eftermiddag opsøger hende. Under en drukken samtale bekender hun sin døde kærlighed; i vildt raseri jager han hende ud, og samme nat flygter hun med en skipper til Danmark. Efter brevvekslinger indgives i maj 1667 en supplik til kong Christian V; ved højesteretsdom 14. oktober 1667 ophæves ægteskabet, og Marie får medgift og klenodier tilbage.

Umiddelbart efter rejser hun til Lübeck med kammerpigen Lucie og møder Sti Høg, der følger hende som rejsemarskalk gennem Tyskland. Deres kærlighed brister i Paris, da hans svaghed viser sig. Marie driver herefter om i Europa, indtil hun i Nürnberg møder den fromme adelsmand Remigius, hvis død i en rideulykke sender hende hjem til Tjele med tomme hænder. [Place]",3
"Summary #3

Sommeren 1657 på Tjele Hovedgaard oplever den fjortenårige Marie Grubbe krigserklæringen og vognulykken, der sender faderen Erik Grubbe til København og hende selv til faster Rigitze. I byen betragter hun livet fra vinduet, indtil generalløjtnant Ulrik Christian Gyldenløve en aften kysser hende i fasters stue; hans død 11. december efterlader hende i døs af længsel. Samtidig forlover Ulrik Frederik Gyldenløve sig med Sofie Urne, men deres hemmelige ægteskab ophæves ved kongelig ordre, og Sofie sendes til klostret i Itzehoe, mens Ulrik Frederik falder i druk og vanry. Efter sejren ved Nyborg i november 1659 vender han tilbage til hoffet som oberst tilhest.

Marie, nu sytten og asketisk efter Ulrik Christians død, trækkes sommeren 1659 ud i det sociale liv med voksentøj og danselære. Ved en søndagsspadsér på Petri Kirkegaard møder hun Ulrik Frederik igen; de forlover sig med Rigitzes og kongens billigelse og stilgifter i december 1660. Uden for hoffets gunst længes Ulrik Frederik efter krig og rejser i april 1661 til Spanien i fjorten måneder. I hans fravær opsluger ensomhed og længsel Marie; hun dvæler ved dødsdrift og selvskade, indtil han i august 1662 vender beruset og hædret hjem. Under et voldeligt genskabsmøde stikker hun efter ham med en brødkniv; skræmt af sin handling og hans kolde distance siver hendes kærlighed ud i ligegyldighed. Ulrik Frederik indleder et forhold til Karen Fiol; på Frederiksborg sommeren 1662 konfronterer Marie dem i haven, kaster en sten mod vinduet og trues med en nål, hvorefter hun tavser for hoffet og indvendigt bryder med ham.

Ved balletten «Die Waldlust» i september 1663 danser Marie som Diana og møder i en grotte Sti Høg, hvis tilbedelse hun belønner med et medlidenhedskys. I januar 1664 følger hun Ulrik Frederik til Aggershus som norsk statholderske; de lever adskilt, indtil han i «Daasen» en rå eftermiddag opsøger hende. Under en drukken samtale bekender hun sin døde kærlighed; i vildt raseri jager han hende ud, og samme nat flygter hun med en skipper til Danmark. Efter brevvekslinger indgives i maj 1667 en supplik til kong Christian V; ved højesteretsdom 14. oktober 1667 ophæves ægteskabet, og Marie får medgift og klenodier tilbage.

Umiddelbart efter rejser hun til Lübeck med kammerpigen Lucie og møder Sti Høg, der følger hende som rejsemarskalk gennem Tyskland. Deres kærlighed brister i Paris, da hans svaghed viser sig. Marie driver herefter om i Europa, indtil hun i Nürnberg møder den fromme adelsmand Remigius, hvis død i en rideulykke sender hende hjem til Tjele med tomme hænder. [Characters]",3
"Summary #3

Sommeren 1657 på Tjele Hovedgaard oplever den fjortenårige Marie Grubbe krigserklæringen og vognulykken, der sender faderen Erik Grubbe til København og hende selv til faster Rigitze. I byen betragter hun livet fra vinduet, indtil generalløjtnant Ulrik Christian Gyldenløve en aften kysser hende i fasters stue; hans død 11. december efterlader hende i døs af længsel. Samtidig forlover Ulrik Frederik Gyldenløve sig med Sofie Urne, men deres hemmelige ægteskab ophæves ved kongelig ordre, og Sofie sendes til klostret i Itzehoe, mens Ulrik Frederik falder i druk og vanry. Efter sejren ved Nyborg i november 1659 vender han tilbage til hoffet som oberst tilhest.

Marie, nu sytten og asketisk efter Ulrik Christians død, trækkes sommeren 1659 ud i det sociale liv med voksentøj og danselære. Ved en søndagsspadsér på Petri Kirkegaard møder hun Ulrik Frederik igen; de forlover sig med Rigitzes og kongens billigelse og stilgifter i december 1660. Uden for hoffets gunst længes Ulrik Frederik efter krig og rejser i april 1661 til Spanien i fjorten måneder. I hans fravær opsluger ensomhed og længsel Marie; hun dvæler ved dødsdrift og selvskade, indtil han i august 1662 vender beruset og hædret hjem. Under et voldeligt genskabsmøde stikker hun efter ham med en brødkniv; skræmt af sin handling og hans kolde distance siver hendes kærlighed ud i ligegyldighed. Ulrik Frederik indleder et forhold til Karen Fiol; på Frederiksborg sommeren 1662 konfronterer Marie dem i haven, kaster en sten mod vinduet og trues med en nål, hvorefter hun tavser for hoffet og indvendigt bryder med ham.

Ved balletten «Die Waldlust» i september 1663 danser Marie som Diana og møder i en grotte Sti Høg, hvis tilbedelse hun belønner med et medlidenhedskys. I januar 1664 følger hun Ulrik Frederik til Aggershus som norsk statholderske; de lever adskilt, indtil han i «Daasen» en rå eftermiddag opsøger hende. Under en drukken samtale bekender hun sin døde kærlighed; i vildt raseri jager han hende ud, og samme nat flygter hun med en skipper til Danmark. Efter brevvekslinger indgives i maj 1667 en supplik til kong Christian V; ved højesteretsdom 14. oktober 1667 ophæves ægteskabet, og Marie får medgift og klenodier tilbage.

Umiddelbart efter rejser hun til Lübeck med kammerpigen Lucie og møder Sti Høg, der følger hende som rejsemarskalk gennem Tyskland. Deres kærlighed brister i Paris, da hans svaghed viser sig. Marie driver herefter om i Europa, indtil hun i Nürnberg møder den fromme adelsmand Remigius, hvis død i en rideulykke sender hende hjem til Tjele med tomme hænder. [Plot]",3
"Summary #3

Sommeren 1657 på Tjele Hovedgaard oplever den fjortenårige Marie Grubbe krigserklæringen og vognulykken, der sender faderen Erik Grubbe til København og hende selv til faster Rigitze. I byen betragter hun livet fra vinduet, indtil generalløjtnant Ulrik Christian Gyldenløve en aften kysser hende i fasters stue; hans død 11. december efterlader hende i døs af længsel. Samtidig forlover Ulrik Frederik Gyldenløve sig med Sofie Urne, men deres hemmelige ægteskab ophæves ved kongelig ordre, og Sofie sendes til klostret i Itzehoe, mens Ulrik Frederik falder i druk og vanry. Efter sejren ved Nyborg i november 1659 vender han tilbage til hoffet som oberst tilhest.

Marie, nu sytten og asketisk efter Ulrik Christians død, trækkes sommeren 1659 ud i det sociale liv med voksentøj og danselære. Ved en søndagsspadsér på Petri Kirkegaard møder hun Ulrik Frederik igen; de forlover sig med Rigitzes og kongens billigelse og stilgifter i december 1660. Uden for hoffets gunst længes Ulrik Frederik efter krig og rejser i april 1661 til Spanien i fjorten måneder. I hans fravær opsluger ensomhed og længsel Marie; hun dvæler ved dødsdrift og selvskade, indtil han i august 1662 vender beruset og hædret hjem. Under et voldeligt genskabsmøde stikker hun efter ham med en brødkniv; skræmt af sin handling og hans kolde distance siver hendes kærlighed ud i ligegyldighed. Ulrik Frederik indleder et forhold til Karen Fiol; på Frederiksborg sommeren 1662 konfronterer Marie dem i haven, kaster en sten mod vinduet og trues med en nål, hvorefter hun tavser for hoffet og indvendigt bryder med ham.

Ved balletten «Die Waldlust» i september 1663 danser Marie som Diana og møder i en grotte Sti Høg, hvis tilbedelse hun belønner med et medlidenhedskys. I januar 1664 følger hun Ulrik Frederik til Aggershus som norsk statholderske; de lever adskilt, indtil han i «Daasen» en rå eftermiddag opsøger hende. Under en drukken samtale bekender hun sin døde kærlighed; i vildt raseri jager han hende ud, og samme nat flygter hun med en skipper til Danmark. Efter brevvekslinger indgives i maj 1667 en supplik til kong Christian V; ved højesteretsdom 14. oktober 1667 ophæves ægteskabet, og Marie får medgift og klenodier tilbage.

Umiddelbart efter rejser hun til Lübeck med kammerpigen Lucie og møder Sti Høg, der følger hende som rejsemarskalk gennem Tyskland. Deres kærlighed brister i Paris, da hans svaghed viser sig. Marie driver herefter om i Europa, indtil hun i Nürnberg møder den fromme adelsmand Remigius, hvis død i en rideulykke sender hende hjem til Tjele med tomme hænder. [Themes]",2
novel_id,Niels Lyhne
"Summary #1

Den realistisk-historiske roman foregår i 1800-tallets danske provins og i København og følger slægterne Bliderne og Lyhnerne. Bartholine Blider, en følsom og digtglad bondepige, føler sig fremmed i sin jævne familie og drømmer om at leve gennem poesien. Den unge student Lyhne fra Lønborggaard forelsker sig i hende, og de gifter sig, men ægteskabet skranter: han længes efter hverdagens ro, hun taber sine illusioner og trækker sig tilbage i bitterhed. Deres søn Niels vokser op mellem moderens eventyr og faderens jordbundne fornuft og udvikler en urolig fantasi sammen med veninden Frithiof.

Da Niels er tolv, ankommer huslæreren Hr. Bigum og Lyhnes søster Edele fra København. Edeles mondæne arrogance og afvisning af Bigums kærlighed gør indtryk på Niels. Edeles død under kirsebærblomsterne knuser hans barnetro og vækker oprør mod Gud. Et halvt år senere kommer fætter Erik i lære på gården; hans jordnære natur vinder magt over Niels og Frithiof, og den fælles fantasihistorie opgives. Niels undertrykker sin hemmelige kærlighed til Erik, der sendes til Kunstakademiet i København.

I hovedstaden møder Niels gennem Erik den livlige enke Fru Boye, hvis atelier er centrum for unge kunstnere og frisindede diskussioner om sensualitet og idealisme. Niels føler sig draget af hendes udstråling og frigjorte livssyn og viger bort fra sine puritanske slægtninge. En forårsaften hos Fru Boye erkender han sin kærlighed til hende, kysser hendes hånd og går ud i natten med ny sikkerhed. [Fluency]",3
"Summary #1

Den realistisk-historiske roman foregår i 1800-tallets danske provins og i København og følger slægterne Bliderne og Lyhnerne. Bartholine Blider, en følsom og digtglad bondepige, føler sig fremmed i sin jævne familie og drømmer om at leve gennem poesien. Den unge student Lyhne fra Lønborggaard forelsker sig i hende, og de gifter sig, men ægteskabet skranter: han længes efter hverdagens ro, hun taber sine illusioner og trækker sig tilbage i bitterhed. Deres søn Niels vokser op mellem moderens eventyr og faderens jordbundne fornuft og udvikler en urolig fantasi sammen med veninden Frithiof.

Da Niels er tolv, ankommer huslæreren Hr. Bigum og Lyhnes søster Edele fra København. Edeles mondæne arrogance og afvisning af Bigums kærlighed gør indtryk på Niels. Edeles død under kirsebærblomsterne knuser hans barnetro og vækker oprør mod Gud. Et halvt år senere kommer fætter Erik i lære på gården; hans jordnære natur vinder magt over Niels og Frithiof, og den fælles fantasihistorie opgives. Niels undertrykker sin hemmelige kærlighed til Erik, der sendes til Kunstakademiet i København.

I hovedstaden møder Niels gennem Erik den livlige enke Fru Boye, hvis atelier er centrum for unge kunstnere og frisindede diskussioner om sensualitet og idealisme. Niels føler sig draget af hendes udstråling og frigjorte livssyn og viger bort fra sine puritanske slægtninge. En forårsaften hos Fru Boye erkender han sin kærlighed til hende, kysser hendes hånd og går ud i natten med ny sikkerhed. [Coherence]",4
"Summary #1

Den realistisk-historiske roman foregår i 1800-tallets danske provins og i København og følger slægterne Bliderne og Lyhnerne. Bartholine Blider, en følsom og digtglad bondepige, føler sig fremmed i sin jævne familie og drømmer om at leve gennem poesien. Den unge student Lyhne fra Lønborggaard forelsker sig i hende, og de gifter sig, men ægteskabet skranter: han længes efter hverdagens ro, hun taber sine illusioner og trækker sig tilbage i bitterhed. Deres søn Niels vokser op mellem moderens eventyr og faderens jordbundne fornuft og udvikler en urolig fantasi sammen med veninden Frithiof.

Da Niels er tolv, ankommer huslæreren Hr. Bigum og Lyhnes søster Edele fra København. Edeles mondæne arrogance og afvisning af Bigums kærlighed gør indtryk på Niels. Edeles død under kirsebærblomsterne knuser hans barnetro og vækker oprør mod Gud. Et halvt år senere kommer fætter Erik i lære på gården; hans jordnære natur vinder magt over Niels og Frithiof, og den fælles fantasihistorie opgives. Niels undertrykker sin hemmelige kærlighed til Erik, der sendes til Kunstakademiet i København.

I hovedstaden møder Niels gennem Erik den livlige enke Fru Boye, hvis atelier er centrum for unge kunstnere og frisindede diskussioner om sensualitet og idealisme. Niels føler sig draget af hendes udstråling og frigjorte livssyn og viger bort fra sine puritanske slægtninge. En forårsaften hos Fru Boye erkender han sin kærlighed til hende, kysser hendes hånd og går ud i natten med ny sikkerhed. [Relevance]",3
"Summary #1

Den realistisk-historiske roman foregår i 1800-tallets danske provins og i København og følger slægterne Bliderne og Lyhnerne. Bartholine Blider, en følsom og digtglad bondepige, føler sig fremmed i sin jævne familie og drømmer om at leve gennem poesien. Den unge student Lyhne fra Lønborggaard forelsker sig i hende, og de gifter sig, men ægteskabet skranter: han længes efter hverdagens ro, hun taber sine illusioner og trækker sig tilbage i bitterhed. Deres søn Niels vokser op mellem moderens eventyr og faderens jordbundne fornuft og udvikler en urolig fantasi sammen med veninden Frithiof.

Da Niels er tolv, ankommer huslæreren Hr. Bigum og Lyhnes søster Edele fra København. Edeles mondæne arrogance og afvisning af Bigums kærlighed gør indtryk på Niels. Edeles død under kirsebærblomsterne knuser hans barnetro og vækker oprør mod Gud. Et halvt år senere kommer fætter Erik i lære på gården; hans jordnære natur vinder magt over Niels og Frithiof, og den fælles fantasihistorie opgives. Niels undertrykker sin hemmelige kærlighed til Erik, der sendes til Kunstakademiet i København.

I hovedstaden møder Niels gennem Erik den livlige enke Fru Boye, hvis atelier er centrum for unge kunstnere og frisindede diskussioner om sensualitet og idealisme. Niels føler sig draget af hendes udstråling og frigjorte livssyn og viger bort fra sine puritanske slægtninge. En forårsaften hos Fru Boye erkender han sin kærlighed til hende, kysser hendes hånd og går ud i natten med ny sikkerhed. [Factuality]",3
"Summary #1

Den realistisk-historiske roman foregår i 1800-tallets danske provins og i København og følger slægterne Bliderne og Lyhnerne. Bartholine Blider, en følsom og digtglad bondepige, føler sig fremmed i sin jævne familie og drømmer om at leve gennem poesien. Den unge student Lyhne fra Lønborggaard forelsker sig i hende, og de gifter sig, men ægteskabet skranter: han længes efter hverdagens ro, hun taber sine illusioner og trækker sig tilbage i bitterhed. Deres søn Niels vokser op mellem moderens eventyr og faderens jordbundne fornuft og udvikler en urolig fantasi sammen med veninden Frithiof.

Da Niels er tolv, ankommer huslæreren Hr. Bigum og Lyhnes søster Edele fra København. Edeles mondæne arrogance og afvisning af Bigums kærlighed gør indtryk på Niels. Edeles død under kirsebærblomsterne knuser hans barnetro og vækker oprør mod Gud. Et halvt år senere kommer fætter Erik i lære på gården; hans jordnære natur vinder magt over Niels og Frithiof, og den fælles fantasihistorie opgives. Niels undertrykker sin hemmelige kærlighed til Erik, der sendes til Kunstakademiet i København.

I hovedstaden møder Niels gennem Erik den livlige enke Fru Boye, hvis atelier er centrum for unge kunstnere og frisindede diskussioner om sensualitet og idealisme. Niels føler sig draget af hendes udstråling og frigjorte livssyn og viger bort fra sine puritanske slægtninge. En forårsaften hos Fru Boye erkender han sin kærlighed til hende, kysser hendes hånd og går ud i natten med ny sikkerhed. [Time]",3
"Summary #1

Den realistisk-historiske roman foregår i 1800-tallets danske provins og i København og følger slægterne Bliderne og Lyhnerne. Bartholine Blider, en følsom og digtglad bondepige, føler sig fremmed i sin jævne familie og drømmer om at leve gennem poesien. Den unge student Lyhne fra Lønborggaard forelsker sig i hende, og de gifter sig, men ægteskabet skranter: han længes efter hverdagens ro, hun taber sine illusioner og trækker sig tilbage i bitterhed. Deres søn Niels vokser op mellem moderens eventyr og faderens jordbundne fornuft og udvikler en urolig fantasi sammen med veninden Frithiof.

Da Niels er tolv, ankommer huslæreren Hr. Bigum og Lyhnes søster Edele fra København. Edeles mondæne arrogance og afvisning af Bigums kærlighed gør indtryk på Niels. Edeles død under kirsebærblomsterne knuser hans barnetro og vækker oprør mod Gud. Et halvt år senere kommer fætter Erik i lære på gården; hans jordnære natur vinder magt over Niels og Frithiof, og den fælles fantasihistorie opgives. Niels undertrykker sin hemmelige kærlighed til Erik, der sendes til Kunstakademiet i København.

I hovedstaden møder Niels gennem Erik den livlige enke Fru Boye, hvis atelier er centrum for unge kunstnere og frisindede diskussioner om sensualitet og idealisme. Niels føler sig draget af hendes udstråling og frigjorte livssyn og viger bort fra sine puritanske slægtninge. En forårsaften hos Fru Boye erkender han sin kærlighed til hende, kysser hendes hånd og går ud i natten med ny sikkerhed. [Place]",2
"Summary #1

Den realistisk-historiske roman foregår i 1800-tallets danske provins og i København og følger slægterne Bliderne og Lyhnerne. Bartholine Blider, en følsom og digtglad bondepige, føler sig fremmed i sin jævne familie og drømmer om at leve gennem poesien. Den unge student Lyhne fra Lønborggaard forelsker sig i hende, og de gifter sig, men ægteskabet skranter: han længes efter hverdagens ro, hun taber sine illusioner og trækker sig tilbage i bitterhed. Deres søn Niels vokser op mellem moderens eventyr og faderens jordbundne fornuft og udvikler en urolig fantasi sammen med veninden Frithiof.

Da Niels er tolv, ankommer huslæreren Hr. Bigum og Lyhnes søster Edele fra København. Edeles mondæne arrogance og afvisning af Bigums kærlighed gør indtryk på Niels. Edeles død under kirsebærblomsterne knuser hans barnetro og vækker oprør mod Gud. Et halvt år senere kommer fætter Erik i lære på gården; hans jordnære natur vinder magt over Niels og Frithiof, og den fælles fantasihistorie opgives. Niels undertrykker sin hemmelige kærlighed til Erik, der sendes til Kunstakademiet i København.

I hovedstaden møder Niels gennem Erik den livlige enke Fru Boye, hvis atelier er centrum for unge kunstnere og frisindede diskussioner om sensualitet og idealisme. Niels føler sig draget af hendes udstråling og frigjorte livssyn og viger bort fra sine puritanske slægtninge. En forårsaften hos Fru Boye erkender han sin kærlighed til hende, kysser hendes hånd og går ud i natten med ny sikkerhed. [Characters]",2
"Summary #1

Den realistisk-historiske roman foregår i 1800-tallets danske provins og i København og følger slægterne Bliderne og Lyhnerne. Bartholine Blider, en følsom og digtglad bondepige, føler sig fremmed i sin jævne familie og drømmer om at leve gennem poesien. Den unge student Lyhne fra Lønborggaard forelsker sig i hende, og de gifter sig, men ægteskabet skranter: han længes efter hverdagens ro, hun taber sine illusioner og trækker sig tilbage i bitterhed. Deres søn Niels vokser op mellem moderens eventyr og faderens jordbundne fornuft og udvikler en urolig fantasi sammen med veninden Frithiof.

Da Niels er tolv, ankommer huslæreren Hr. Bigum og Lyhnes søster Edele fra København. Edeles mondæne arrogance og afvisning af Bigums kærlighed gør indtryk på Niels. Edeles død under kirsebærblomsterne knuser hans barnetro og vækker oprør mod Gud. Et halvt år senere kommer fætter Erik i lære på gården; hans jordnære natur vinder magt over Niels og Frithiof, og den fælles fantasihistorie opgives. Niels undertrykker sin hemmelige kærlighed til Erik, der sendes til Kunstakademiet i København.

I hovedstaden møder Niels gennem Erik den livlige enke Fru Boye, hvis atelier er centrum for unge kunstnere og frisindede diskussioner om sensualitet og idealisme. Niels føler sig draget af hendes udstråling og frigjorte livssyn og viger bort fra sine puritanske slægtninge. En forårsaften hos Fru Boye erkender han sin kærlighed til hende, kysser hendes hånd og går ud i natten med ny sikkerhed. [Plot]",2
"Summary #1

Den realistisk-historiske roman foregår i 1800-tallets danske provins og i København og følger slægterne Bliderne og Lyhnerne. Bartholine Blider, en følsom og digtglad bondepige, føler sig fremmed i sin jævne familie og drømmer om at leve gennem poesien. Den unge student Lyhne fra Lønborggaard forelsker sig i hende, og de gifter sig, men ægteskabet skranter: han længes efter hverdagens ro, hun taber sine illusioner og trækker sig tilbage i bitterhed. Deres søn Niels vokser op mellem moderens eventyr og faderens jordbundne fornuft og udvikler en urolig fantasi sammen med veninden Frithiof.

Da Niels er tolv, ankommer huslæreren Hr. Bigum og Lyhnes søster Edele fra København. Edeles mondæne arrogance og afvisning af Bigums kærlighed gør indtryk på Niels. Edeles død under kirsebærblomsterne knuser hans barnetro og vækker oprør mod Gud. Et halvt år senere kommer fætter Erik i lære på gården; hans jordnære natur vinder magt over Niels og Frithiof, og den fælles fantasihistorie opgives. Niels undertrykker sin hemmelige kærlighed til Erik, der sendes til Kunstakademiet i København.

I hovedstaden møder Niels gennem Erik den livlige enke Fru Boye, hvis atelier er centrum for unge kunstnere og frisindede diskussioner om sensualitet og idealisme. Niels føler sig draget af hendes udstråling og frigjorte livssyn og viger bort fra sine puritanske slægtninge. En forårsaften hos Fru Boye erkender han sin kærlighed til hende, kysser hendes hånd og går ud i natten med ny sikkerhed. [Themes]",2
"Summary #2

Romanen foregår i et dansk, provinsielt herregårds- og bymiljø i anden halvdel af 1800-tallet med Lønborggaard som omdrejningspunkt, senere især København og ophold i Europa, blandt andet i Clarens ved Genfersøen og i Riva ved Gardasøen. I slægten Blider følger fortællingen især Niels Lyhnes liv fra barndom til død og skildrer en vedvarende konflikt mellem romantiske forestillinger om “storhed” og en mere nøgtern livsholdning samt en tilbagevendende kamp mellem tro og gudsfornægtelse.

Bartholine Blider gifter sig med herremanden Lyhne på Lønborggaard, men ægteskabet præges af hendes længsel og hans voksende jordbundethed. De får sønnen Niels, hvis barndom bliver præget af forældrenes uenigheder og hans eget drømmeri. Sammen med præstens søn Frithiof Petersen opbygger han en fantasiverden. Huslæreren hr. Bigum ansættes, og Lyhnes søster Edele kommer fra København for helbredets skyld. Niels forelsker sig i Edele, men hun afviser både ham og Bigum; hendes sygdom forværres, og hun dør på Lønborggaard. Niels beder om et mirakel uden at få svar, og dødsfaldet bliver et brud med hans barndomstro. Slægtningen Erik Refstrup flytter ind og gør med sin fornuft og hån drengenes fantasiliv umuligt; Niels knytter sig stærkt til ham. I København opdages Eriks talent af billedhuggeren Mikkelsen, og Erik rejser til Akademiet, mens Niels efterlades med en tomhed, han forsøger at bekæmpe gennem disciplin og studier.

Som ung i København indleder Niels et forhold til den ældre Fru Boye, præget af spil, tilbageholdenhed og ensomhed; venskabet med Frithiof går i stykker, mens forbindelsen til Erik består. Han kaldes hjem, men faderen dør før han når frem, og skyldfølelsen følger ham. Moderen bliver siden alvorligt syg, betror ham sin livslange længsel og skuffelse, og de rejser til Clarens, hvor hun dør. Tilbage i København opsøger han Fru Boye, men hun forlover sig og gifter sig; deres sidste møde ender voldsomt. Juleaften møder Niels doktor Hjerrild, der bliver hans nærmeste fortrolige, og deres samtaler kredser om kristendom, ateisme og muligheden for et etisk liv uden Gud.

En sommer i Fjordby forelsker Niels sig i sin kusine Fennimore, men hun gifter sig med Erik. Tre år senere bor de på Marianelund ved Mariagerfjord, hvor Erik klager over kunstnerisk ufrugtbarhed. Niels kommer dertil og ser et ægteskab i opløsning: Erik søger mod drik og spil, Fennimore er desillusioneret. Niels bosætter sig på den anden side af fjorden og ror dagligt over; han og Fennimore indleder et hemmeligt forhold, der gradvist udhules af løgn og skyld. Erik dør i Aalborg efter en løbsk køretur, og i chok vender Fennimore sig mod Niels, fordømmer ham og afviser ham; han rejser i selvforagt, og hun forlader stedet næste morgen.

Niels flakker næsten to år rundt i udlandet. I Riva, isoleret af kolera i egnen, knytter han sig til den berømte operasangerinde Madame Odéro, som er forbudt at synge; deres fortrolighed ender, da hun bryder forbuddet og rejser brat, og Niels vender hjem til Lønborggaard. Omtrent et år driver han gården og finder ro i det fysiske arbejde. Han lærer kancelliråd Skinnerup i Varde at kende og gifter sig med dennes syttenårige datter Gerda; deres ægteskab skildres som enkelt og lykkeligt, men Niels tøver med at dele sine gudsfornægtende synspunkter, indtil hun kræver fuld åbenhed.

Da deres barn rammes af voldsomme kramper, bryder Niels i desperation ud i bøn, selv om han opfatter troen som en drøm; barnet dør, og noget går i stykker i ham. I efteråret vandrer han i bittert tungsind på det nu tomme Lønborggaard. Da kongen dør og krigen truer, melder han sig som frivillig; den hårde militærhverdag opleves som en lettelse, men i marts bliver han skudt i brystet, og kuglen bliver siddende i højre lunge. På lazarettet plejes han af Hjerrild; Niels afviser præst, veksler mellem livslængsel og en følelse af sjælens grundlæggende ensomhed, og dør efter smerter, betændelse og delirium som krigsoffer, mens Hjerrild bliver tilbage med sin egen tanke om værdien af ikke at omvende sig i sidste øjeblik. [Fluency]",4
"Summary #2

Romanen foregår i et dansk, provinsielt herregårds- og bymiljø i anden halvdel af 1800-tallet med Lønborggaard som omdrejningspunkt, senere især København og ophold i Europa, blandt andet i Clarens ved Genfersøen og i Riva ved Gardasøen. I slægten Blider følger fortællingen især Niels Lyhnes liv fra barndom til død og skildrer en vedvarende konflikt mellem romantiske forestillinger om “storhed” og en mere nøgtern livsholdning samt en tilbagevendende kamp mellem tro og gudsfornægtelse.

Bartholine Blider gifter sig med herremanden Lyhne på Lønborggaard, men ægteskabet præges af hendes længsel og hans voksende jordbundethed. De får sønnen Niels, hvis barndom bliver præget af forældrenes uenigheder og hans eget drømmeri. Sammen med præstens søn Frithiof Petersen opbygger han en fantasiverden. Huslæreren hr. Bigum ansættes, og Lyhnes søster Edele kommer fra København for helbredets skyld. Niels forelsker sig i Edele, men hun afviser både ham og Bigum; hendes sygdom forværres, og hun dør på Lønborggaard. Niels beder om et mirakel uden at få svar, og dødsfaldet bliver et brud med hans barndomstro. Slægtningen Erik Refstrup flytter ind og gør med sin fornuft og hån drengenes fantasiliv umuligt; Niels knytter sig stærkt til ham. I København opdages Eriks talent af billedhuggeren Mikkelsen, og Erik rejser til Akademiet, mens Niels efterlades med en tomhed, han forsøger at bekæmpe gennem disciplin og studier.

Som ung i København indleder Niels et forhold til den ældre Fru Boye, præget af spil, tilbageholdenhed og ensomhed; venskabet med Frithiof går i stykker, mens forbindelsen til Erik består. Han kaldes hjem, men faderen dør før han når frem, og skyldfølelsen følger ham. Moderen bliver siden alvorligt syg, betror ham sin livslange længsel og skuffelse, og de rejser til Clarens, hvor hun dør. Tilbage i København opsøger han Fru Boye, men hun forlover sig og gifter sig; deres sidste møde ender voldsomt. Juleaften møder Niels doktor Hjerrild, der bliver hans nærmeste fortrolige, og deres samtaler kredser om kristendom, ateisme og muligheden for et etisk liv uden Gud.

En sommer i Fjordby forelsker Niels sig i sin kusine Fennimore, men hun gifter sig med Erik. Tre år senere bor de på Marianelund ved Mariagerfjord, hvor Erik klager over kunstnerisk ufrugtbarhed. Niels kommer dertil og ser et ægteskab i opløsning: Erik søger mod drik og spil, Fennimore er desillusioneret. Niels bosætter sig på den anden side af fjorden og ror dagligt over; han og Fennimore indleder et hemmeligt forhold, der gradvist udhules af løgn og skyld. Erik dør i Aalborg efter en løbsk køretur, og i chok vender Fennimore sig mod Niels, fordømmer ham og afviser ham; han rejser i selvforagt, og hun forlader stedet næste morgen.

Niels flakker næsten to år rundt i udlandet. I Riva, isoleret af kolera i egnen, knytter han sig til den berømte operasangerinde Madame Odéro, som er forbudt at synge; deres fortrolighed ender, da hun bryder forbuddet og rejser brat, og Niels vender hjem til Lønborggaard. Omtrent et år driver han gården og finder ro i det fysiske arbejde. Han lærer kancelliråd Skinnerup i Varde at kende og gifter sig med dennes syttenårige datter Gerda; deres ægteskab skildres som enkelt og lykkeligt, men Niels tøver med at dele sine gudsfornægtende synspunkter, indtil hun kræver fuld åbenhed.

Da deres barn rammes af voldsomme kramper, bryder Niels i desperation ud i bøn, selv om han opfatter troen som en drøm; barnet dør, og noget går i stykker i ham. I efteråret vandrer han i bittert tungsind på det nu tomme Lønborggaard. Da kongen dør og krigen truer, melder han sig som frivillig; den hårde militærhverdag opleves som en lettelse, men i marts bliver han skudt i brystet, og kuglen bliver siddende i højre lunge. På lazarettet plejes han af Hjerrild; Niels afviser præst, veksler mellem livslængsel og en følelse af sjælens grundlæggende ensomhed, og dør efter smerter, betændelse og delirium som krigsoffer, mens Hjerrild bliver tilbage med sin egen tanke om værdien af ikke at omvende sig i sidste øjeblik. [Coherence]",4
"Summary #2

Romanen foregår i et dansk, provinsielt herregårds- og bymiljø i anden halvdel af 1800-tallet med Lønborggaard som omdrejningspunkt, senere især København og ophold i Europa, blandt andet i Clarens ved Genfersøen og i Riva ved Gardasøen. I slægten Blider følger fortællingen især Niels Lyhnes liv fra barndom til død og skildrer en vedvarende konflikt mellem romantiske forestillinger om “storhed” og en mere nøgtern livsholdning samt en tilbagevendende kamp mellem tro og gudsfornægtelse.

Bartholine Blider gifter sig med herremanden Lyhne på Lønborggaard, men ægteskabet præges af hendes længsel og hans voksende jordbundethed. De får sønnen Niels, hvis barndom bliver præget af forældrenes uenigheder og hans eget drømmeri. Sammen med præstens søn Frithiof Petersen opbygger han en fantasiverden. Huslæreren hr. Bigum ansættes, og Lyhnes søster Edele kommer fra København for helbredets skyld. Niels forelsker sig i Edele, men hun afviser både ham og Bigum; hendes sygdom forværres, og hun dør på Lønborggaard. Niels beder om et mirakel uden at få svar, og dødsfaldet bliver et brud med hans barndomstro. Slægtningen Erik Refstrup flytter ind og gør med sin fornuft og hån drengenes fantasiliv umuligt; Niels knytter sig stærkt til ham. I København opdages Eriks talent af billedhuggeren Mikkelsen, og Erik rejser til Akademiet, mens Niels efterlades med en tomhed, han forsøger at bekæmpe gennem disciplin og studier.

Som ung i København indleder Niels et forhold til den ældre Fru Boye, præget af spil, tilbageholdenhed og ensomhed; venskabet med Frithiof går i stykker, mens forbindelsen til Erik består. Han kaldes hjem, men faderen dør før han når frem, og skyldfølelsen følger ham. Moderen bliver siden alvorligt syg, betror ham sin livslange længsel og skuffelse, og de rejser til Clarens, hvor hun dør. Tilbage i København opsøger han Fru Boye, men hun forlover sig og gifter sig; deres sidste møde ender voldsomt. Juleaften møder Niels doktor Hjerrild, der bliver hans nærmeste fortrolige, og deres samtaler kredser om kristendom, ateisme og muligheden for et etisk liv uden Gud.

En sommer i Fjordby forelsker Niels sig i sin kusine Fennimore, men hun gifter sig med Erik. Tre år senere bor de på Marianelund ved Mariagerfjord, hvor Erik klager over kunstnerisk ufrugtbarhed. Niels kommer dertil og ser et ægteskab i opløsning: Erik søger mod drik og spil, Fennimore er desillusioneret. Niels bosætter sig på den anden side af fjorden og ror dagligt over; han og Fennimore indleder et hemmeligt forhold, der gradvist udhules af løgn og skyld. Erik dør i Aalborg efter en løbsk køretur, og i chok vender Fennimore sig mod Niels, fordømmer ham og afviser ham; han rejser i selvforagt, og hun forlader stedet næste morgen.

Niels flakker næsten to år rundt i udlandet. I Riva, isoleret af kolera i egnen, knytter han sig til den berømte operasangerinde Madame Odéro, som er forbudt at synge; deres fortrolighed ender, da hun bryder forbuddet og rejser brat, og Niels vender hjem til Lønborggaard. Omtrent et år driver han gården og finder ro i det fysiske arbejde. Han lærer kancelliråd Skinnerup i Varde at kende og gifter sig med dennes syttenårige datter Gerda; deres ægteskab skildres som enkelt og lykkeligt, men Niels tøver med at dele sine gudsfornægtende synspunkter, indtil hun kræver fuld åbenhed.

Da deres barn rammes af voldsomme kramper, bryder Niels i desperation ud i bøn, selv om han opfatter troen som en drøm; barnet dør, og noget går i stykker i ham. I efteråret vandrer han i bittert tungsind på det nu tomme Lønborggaard. Da kongen dør og krigen truer, melder han sig som frivillig; den hårde militærhverdag opleves som en lettelse, men i marts bliver han skudt i brystet, og kuglen bliver siddende i højre lunge. På lazarettet plejes han af Hjerrild; Niels afviser præst, veksler mellem livslængsel og en følelse af sjælens grundlæggende ensomhed, og dør efter smerter, betændelse og delirium som krigsoffer, mens Hjerrild bliver tilbage med sin egen tanke om værdien af ikke at omvende sig i sidste øjeblik. [Relevance]",4
"Summary #2

Romanen foregår i et dansk, provinsielt herregårds- og bymiljø i anden halvdel af 1800-tallet med Lønborggaard som omdrejningspunkt, senere især København og ophold i Europa, blandt andet i Clarens ved Genfersøen og i Riva ved Gardasøen. I slægten Blider følger fortællingen især Niels Lyhnes liv fra barndom til død og skildrer en vedvarende konflikt mellem romantiske forestillinger om “storhed” og en mere nøgtern livsholdning samt en tilbagevendende kamp mellem tro og gudsfornægtelse.

Bartholine Blider gifter sig med herremanden Lyhne på Lønborggaard, men ægteskabet præges af hendes længsel og hans voksende jordbundethed. De får sønnen Niels, hvis barndom bliver præget af forældrenes uenigheder og hans eget drømmeri. Sammen med præstens søn Frithiof Petersen opbygger han en fantasiverden. Huslæreren hr. Bigum ansættes, og Lyhnes søster Edele kommer fra København for helbredets skyld. Niels forelsker sig i Edele, men hun afviser både ham og Bigum; hendes sygdom forværres, og hun dør på Lønborggaard. Niels beder om et mirakel uden at få svar, og dødsfaldet bliver et brud med hans barndomstro. Slægtningen Erik Refstrup flytter ind og gør med sin fornuft og hån drengenes fantasiliv umuligt; Niels knytter sig stærkt til ham. I København opdages Eriks talent af billedhuggeren Mikkelsen, og Erik rejser til Akademiet, mens Niels efterlades med en tomhed, han forsøger at bekæmpe gennem disciplin og studier.

Som ung i København indleder Niels et forhold til den ældre Fru Boye, præget af spil, tilbageholdenhed og ensomhed; venskabet med Frithiof går i stykker, mens forbindelsen til Erik består. Han kaldes hjem, men faderen dør før han når frem, og skyldfølelsen følger ham. Moderen bliver siden alvorligt syg, betror ham sin livslange længsel og skuffelse, og de rejser til Clarens, hvor hun dør. Tilbage i København opsøger han Fru Boye, men hun forlover sig og gifter sig; deres sidste møde ender voldsomt. Juleaften møder Niels doktor Hjerrild, der bliver hans nærmeste fortrolige, og deres samtaler kredser om kristendom, ateisme og muligheden for et etisk liv uden Gud.

En sommer i Fjordby forelsker Niels sig i sin kusine Fennimore, men hun gifter sig med Erik. Tre år senere bor de på Marianelund ved Mariagerfjord, hvor Erik klager over kunstnerisk ufrugtbarhed. Niels kommer dertil og ser et ægteskab i opløsning: Erik søger mod drik og spil, Fennimore er desillusioneret. Niels bosætter sig på den anden side af fjorden og ror dagligt over; han og Fennimore indleder et hemmeligt forhold, der gradvist udhules af løgn og skyld. Erik dør i Aalborg efter en løbsk køretur, og i chok vender Fennimore sig mod Niels, fordømmer ham og afviser ham; han rejser i selvforagt, og hun forlader stedet næste morgen.

Niels flakker næsten to år rundt i udlandet. I Riva, isoleret af kolera i egnen, knytter han sig til den berømte operasangerinde Madame Odéro, som er forbudt at synge; deres fortrolighed ender, da hun bryder forbuddet og rejser brat, og Niels vender hjem til Lønborggaard. Omtrent et år driver han gården og finder ro i det fysiske arbejde. Han lærer kancelliråd Skinnerup i Varde at kende og gifter sig med dennes syttenårige datter Gerda; deres ægteskab skildres som enkelt og lykkeligt, men Niels tøver med at dele sine gudsfornægtende synspunkter, indtil hun kræver fuld åbenhed.

Da deres barn rammes af voldsomme kramper, bryder Niels i desperation ud i bøn, selv om han opfatter troen som en drøm; barnet dør, og noget går i stykker i ham. I efteråret vandrer han i bittert tungsind på det nu tomme Lønborggaard. Da kongen dør og krigen truer, melder han sig som frivillig; den hårde militærhverdag opleves som en lettelse, men i marts bliver han skudt i brystet, og kuglen bliver siddende i højre lunge. På lazarettet plejes han af Hjerrild; Niels afviser præst, veksler mellem livslængsel og en følelse af sjælens grundlæggende ensomhed, og dør efter smerter, betændelse og delirium som krigsoffer, mens Hjerrild bliver tilbage med sin egen tanke om værdien af ikke at omvende sig i sidste øjeblik. [Factuality]",5
"Summary #2

Romanen foregår i et dansk, provinsielt herregårds- og bymiljø i anden halvdel af 1800-tallet med Lønborggaard som omdrejningspunkt, senere især København og ophold i Europa, blandt andet i Clarens ved Genfersøen og i Riva ved Gardasøen. I slægten Blider følger fortællingen især Niels Lyhnes liv fra barndom til død og skildrer en vedvarende konflikt mellem romantiske forestillinger om “storhed” og en mere nøgtern livsholdning samt en tilbagevendende kamp mellem tro og gudsfornægtelse.

Bartholine Blider gifter sig med herremanden Lyhne på Lønborggaard, men ægteskabet præges af hendes længsel og hans voksende jordbundethed. De får sønnen Niels, hvis barndom bliver præget af forældrenes uenigheder og hans eget drømmeri. Sammen med præstens søn Frithiof Petersen opbygger han en fantasiverden. Huslæreren hr. Bigum ansættes, og Lyhnes søster Edele kommer fra København for helbredets skyld. Niels forelsker sig i Edele, men hun afviser både ham og Bigum; hendes sygdom forværres, og hun dør på Lønborggaard. Niels beder om et mirakel uden at få svar, og dødsfaldet bliver et brud med hans barndomstro. Slægtningen Erik Refstrup flytter ind og gør med sin fornuft og hån drengenes fantasiliv umuligt; Niels knytter sig stærkt til ham. I København opdages Eriks talent af billedhuggeren Mikkelsen, og Erik rejser til Akademiet, mens Niels efterlades med en tomhed, han forsøger at bekæmpe gennem disciplin og studier.

Som ung i København indleder Niels et forhold til den ældre Fru Boye, præget af spil, tilbageholdenhed og ensomhed; venskabet med Frithiof går i stykker, mens forbindelsen til Erik består. Han kaldes hjem, men faderen dør før han når frem, og skyldfølelsen følger ham. Moderen bliver siden alvorligt syg, betror ham sin livslange længsel og skuffelse, og de rejser til Clarens, hvor hun dør. Tilbage i København opsøger han Fru Boye, men hun forlover sig og gifter sig; deres sidste møde ender voldsomt. Juleaften møder Niels doktor Hjerrild, der bliver hans nærmeste fortrolige, og deres samtaler kredser om kristendom, ateisme og muligheden for et etisk liv uden Gud.

En sommer i Fjordby forelsker Niels sig i sin kusine Fennimore, men hun gifter sig med Erik. Tre år senere bor de på Marianelund ved Mariagerfjord, hvor Erik klager over kunstnerisk ufrugtbarhed. Niels kommer dertil og ser et ægteskab i opløsning: Erik søger mod drik og spil, Fennimore er desillusioneret. Niels bosætter sig på den anden side af fjorden og ror dagligt over; han og Fennimore indleder et hemmeligt forhold, der gradvist udhules af løgn og skyld. Erik dør i Aalborg efter en løbsk køretur, og i chok vender Fennimore sig mod Niels, fordømmer ham og afviser ham; han rejser i selvforagt, og hun forlader stedet næste morgen.

Niels flakker næsten to år rundt i udlandet. I Riva, isoleret af kolera i egnen, knytter han sig til den berømte operasangerinde Madame Odéro, som er forbudt at synge; deres fortrolighed ender, da hun bryder forbuddet og rejser brat, og Niels vender hjem til Lønborggaard. Omtrent et år driver han gården og finder ro i det fysiske arbejde. Han lærer kancelliråd Skinnerup i Varde at kende og gifter sig med dennes syttenårige datter Gerda; deres ægteskab skildres som enkelt og lykkeligt, men Niels tøver med at dele sine gudsfornægtende synspunkter, indtil hun kræver fuld åbenhed.

Da deres barn rammes af voldsomme kramper, bryder Niels i desperation ud i bøn, selv om han opfatter troen som en drøm; barnet dør, og noget går i stykker i ham. I efteråret vandrer han i bittert tungsind på det nu tomme Lønborggaard. Da kongen dør og krigen truer, melder han sig som frivillig; den hårde militærhverdag opleves som en lettelse, men i marts bliver han skudt i brystet, og kuglen bliver siddende i højre lunge. På lazarettet plejes han af Hjerrild; Niels afviser præst, veksler mellem livslængsel og en følelse af sjælens grundlæggende ensomhed, og dør efter smerter, betændelse og delirium som krigsoffer, mens Hjerrild bliver tilbage med sin egen tanke om værdien af ikke at omvende sig i sidste øjeblik. [Time ]",5
"Summary #2

Romanen foregår i et dansk, provinsielt herregårds- og bymiljø i anden halvdel af 1800-tallet med Lønborggaard som omdrejningspunkt, senere især København og ophold i Europa, blandt andet i Clarens ved Genfersøen og i Riva ved Gardasøen. I slægten Blider følger fortællingen især Niels Lyhnes liv fra barndom til død og skildrer en vedvarende konflikt mellem romantiske forestillinger om “storhed” og en mere nøgtern livsholdning samt en tilbagevendende kamp mellem tro og gudsfornægtelse.

Bartholine Blider gifter sig med herremanden Lyhne på Lønborggaard, men ægteskabet præges af hendes længsel og hans voksende jordbundethed. De får sønnen Niels, hvis barndom bliver præget af forældrenes uenigheder og hans eget drømmeri. Sammen med præstens søn Frithiof Petersen opbygger han en fantasiverden. Huslæreren hr. Bigum ansættes, og Lyhnes søster Edele kommer fra København for helbredets skyld. Niels forelsker sig i Edele, men hun afviser både ham og Bigum; hendes sygdom forværres, og hun dør på Lønborggaard. Niels beder om et mirakel uden at få svar, og dødsfaldet bliver et brud med hans barndomstro. Slægtningen Erik Refstrup flytter ind og gør med sin fornuft og hån drengenes fantasiliv umuligt; Niels knytter sig stærkt til ham. I København opdages Eriks talent af billedhuggeren Mikkelsen, og Erik rejser til Akademiet, mens Niels efterlades med en tomhed, han forsøger at bekæmpe gennem disciplin og studier.

Som ung i København indleder Niels et forhold til den ældre Fru Boye, præget af spil, tilbageholdenhed og ensomhed; venskabet med Frithiof går i stykker, mens forbindelsen til Erik består. Han kaldes hjem, men faderen dør før han når frem, og skyldfølelsen følger ham. Moderen bliver siden alvorligt syg, betror ham sin livslange længsel og skuffelse, og de rejser til Clarens, hvor hun dør. Tilbage i København opsøger han Fru Boye, men hun forlover sig og gifter sig; deres sidste møde ender voldsomt. Juleaften møder Niels doktor Hjerrild, der bliver hans nærmeste fortrolige, og deres samtaler kredser om kristendom, ateisme og muligheden for et etisk liv uden Gud.

En sommer i Fjordby forelsker Niels sig i sin kusine Fennimore, men hun gifter sig med Erik. Tre år senere bor de på Marianelund ved Mariagerfjord, hvor Erik klager over kunstnerisk ufrugtbarhed. Niels kommer dertil og ser et ægteskab i opløsning: Erik søger mod drik og spil, Fennimore er desillusioneret. Niels bosætter sig på den anden side af fjorden og ror dagligt over; han og Fennimore indleder et hemmeligt forhold, der gradvist udhules af løgn og skyld. Erik dør i Aalborg efter en løbsk køretur, og i chok vender Fennimore sig mod Niels, fordømmer ham og afviser ham; han rejser i selvforagt, og hun forlader stedet næste morgen.

Niels flakker næsten to år rundt i udlandet. I Riva, isoleret af kolera i egnen, knytter han sig til den berømte operasangerinde Madame Odéro, som er forbudt at synge; deres fortrolighed ender, da hun bryder forbuddet og rejser brat, og Niels vender hjem til Lønborggaard. Omtrent et år driver han gården og finder ro i det fysiske arbejde. Han lærer kancelliråd Skinnerup i Varde at kende og gifter sig med dennes syttenårige datter Gerda; deres ægteskab skildres som enkelt og lykkeligt, men Niels tøver med at dele sine gudsfornægtende synspunkter, indtil hun kræver fuld åbenhed.

Da deres barn rammes af voldsomme kramper, bryder Niels i desperation ud i bøn, selv om han opfatter troen som en drøm; barnet dør, og noget går i stykker i ham. I efteråret vandrer han i bittert tungsind på det nu tomme Lønborggaard. Da kongen dør og krigen truer, melder han sig som frivillig; den hårde militærhverdag opleves som en lettelse, men i marts bliver han skudt i brystet, og kuglen bliver siddende i højre lunge. På lazarettet plejes han af Hjerrild; Niels afviser præst, veksler mellem livslængsel og en følelse af sjælens grundlæggende ensomhed, og dør efter smerter, betændelse og delirium som krigsoffer, mens Hjerrild bliver tilbage med sin egen tanke om værdien af ikke at omvende sig i sidste øjeblik. [Place]",5
"Summary #2

Romanen foregår i et dansk, provinsielt herregårds- og bymiljø i anden halvdel af 1800-tallet med Lønborggaard som omdrejningspunkt, senere især København og ophold i Europa, blandt andet i Clarens ved Genfersøen og i Riva ved Gardasøen. I slægten Blider følger fortællingen især Niels Lyhnes liv fra barndom til død og skildrer en vedvarende konflikt mellem romantiske forestillinger om “storhed” og en mere nøgtern livsholdning samt en tilbagevendende kamp mellem tro og gudsfornægtelse.

Bartholine Blider gifter sig med herremanden Lyhne på Lønborggaard, men ægteskabet præges af hendes længsel og hans voksende jordbundethed. De får sønnen Niels, hvis barndom bliver præget af forældrenes uenigheder og hans eget drømmeri. Sammen med præstens søn Frithiof Petersen opbygger han en fantasiverden. Huslæreren hr. Bigum ansættes, og Lyhnes søster Edele kommer fra København for helbredets skyld. Niels forelsker sig i Edele, men hun afviser både ham og Bigum; hendes sygdom forværres, og hun dør på Lønborggaard. Niels beder om et mirakel uden at få svar, og dødsfaldet bliver et brud med hans barndomstro. Slægtningen Erik Refstrup flytter ind og gør med sin fornuft og hån drengenes fantasiliv umuligt; Niels knytter sig stærkt til ham. I København opdages Eriks talent af billedhuggeren Mikkelsen, og Erik rejser til Akademiet, mens Niels efterlades med en tomhed, han forsøger at bekæmpe gennem disciplin og studier.

Som ung i København indleder Niels et forhold til den ældre Fru Boye, præget af spil, tilbageholdenhed og ensomhed; venskabet med Frithiof går i stykker, mens forbindelsen til Erik består. Han kaldes hjem, men faderen dør før han når frem, og skyldfølelsen følger ham. Moderen bliver siden alvorligt syg, betror ham sin livslange længsel og skuffelse, og de rejser til Clarens, hvor hun dør. Tilbage i København opsøger han Fru Boye, men hun forlover sig og gifter sig; deres sidste møde ender voldsomt. Juleaften møder Niels doktor Hjerrild, der bliver hans nærmeste fortrolige, og deres samtaler kredser om kristendom, ateisme og muligheden for et etisk liv uden Gud.

En sommer i Fjordby forelsker Niels sig i sin kusine Fennimore, men hun gifter sig med Erik. Tre år senere bor de på Marianelund ved Mariagerfjord, hvor Erik klager over kunstnerisk ufrugtbarhed. Niels kommer dertil og ser et ægteskab i opløsning: Erik søger mod drik og spil, Fennimore er desillusioneret. Niels bosætter sig på den anden side af fjorden og ror dagligt over; han og Fennimore indleder et hemmeligt forhold, der gradvist udhules af løgn og skyld. Erik dør i Aalborg efter en løbsk køretur, og i chok vender Fennimore sig mod Niels, fordømmer ham og afviser ham; han rejser i selvforagt, og hun forlader stedet næste morgen.

Niels flakker næsten to år rundt i udlandet. I Riva, isoleret af kolera i egnen, knytter han sig til den berømte operasangerinde Madame Odéro, som er forbudt at synge; deres fortrolighed ender, da hun bryder forbuddet og rejser brat, og Niels vender hjem til Lønborggaard. Omtrent et år driver han gården og finder ro i det fysiske arbejde. Han lærer kancelliråd Skinnerup i Varde at kende og gifter sig med dennes syttenårige datter Gerda; deres ægteskab skildres som enkelt og lykkeligt, men Niels tøver med at dele sine gudsfornægtende synspunkter, indtil hun kræver fuld åbenhed.

Da deres barn rammes af voldsomme kramper, bryder Niels i desperation ud i bøn, selv om han opfatter troen som en drøm; barnet dør, og noget går i stykker i ham. I efteråret vandrer han i bittert tungsind på det nu tomme Lønborggaard. Da kongen dør og krigen truer, melder han sig som frivillig; den hårde militærhverdag opleves som en lettelse, men i marts bliver han skudt i brystet, og kuglen bliver siddende i højre lunge. På lazarettet plejes han af Hjerrild; Niels afviser præst, veksler mellem livslængsel og en følelse af sjælens grundlæggende ensomhed, og dør efter smerter, betændelse og delirium som krigsoffer, mens Hjerrild bliver tilbage med sin egen tanke om værdien af ikke at omvende sig i sidste øjeblik. [Characters]",4
"Summary #2

Romanen foregår i et dansk, provinsielt herregårds- og bymiljø i anden halvdel af 1800-tallet med Lønborggaard som omdrejningspunkt, senere især København og ophold i Europa, blandt andet i Clarens ved Genfersøen og i Riva ved Gardasøen. I slægten Blider følger fortællingen især Niels Lyhnes liv fra barndom til død og skildrer en vedvarende konflikt mellem romantiske forestillinger om “storhed” og en mere nøgtern livsholdning samt en tilbagevendende kamp mellem tro og gudsfornægtelse.

Bartholine Blider gifter sig med herremanden Lyhne på Lønborggaard, men ægteskabet præges af hendes længsel og hans voksende jordbundethed. De får sønnen Niels, hvis barndom bliver præget af forældrenes uenigheder og hans eget drømmeri. Sammen med præstens søn Frithiof Petersen opbygger han en fantasiverden. Huslæreren hr. Bigum ansættes, og Lyhnes søster Edele kommer fra København for helbredets skyld. Niels forelsker sig i Edele, men hun afviser både ham og Bigum; hendes sygdom forværres, og hun dør på Lønborggaard. Niels beder om et mirakel uden at få svar, og dødsfaldet bliver et brud med hans barndomstro. Slægtningen Erik Refstrup flytter ind og gør med sin fornuft og hån drengenes fantasiliv umuligt; Niels knytter sig stærkt til ham. I København opdages Eriks talent af billedhuggeren Mikkelsen, og Erik rejser til Akademiet, mens Niels efterlades med en tomhed, han forsøger at bekæmpe gennem disciplin og studier.

Som ung i København indleder Niels et forhold til den ældre Fru Boye, præget af spil, tilbageholdenhed og ensomhed; venskabet med Frithiof går i stykker, mens forbindelsen til Erik består. Han kaldes hjem, men faderen dør før han når frem, og skyldfølelsen følger ham. Moderen bliver siden alvorligt syg, betror ham sin livslange længsel og skuffelse, og de rejser til Clarens, hvor hun dør. Tilbage i København opsøger han Fru Boye, men hun forlover sig og gifter sig; deres sidste møde ender voldsomt. Juleaften møder Niels doktor Hjerrild, der bliver hans nærmeste fortrolige, og deres samtaler kredser om kristendom, ateisme og muligheden for et etisk liv uden Gud.

En sommer i Fjordby forelsker Niels sig i sin kusine Fennimore, men hun gifter sig med Erik. Tre år senere bor de på Marianelund ved Mariagerfjord, hvor Erik klager over kunstnerisk ufrugtbarhed. Niels kommer dertil og ser et ægteskab i opløsning: Erik søger mod drik og spil, Fennimore er desillusioneret. Niels bosætter sig på den anden side af fjorden og ror dagligt over; han og Fennimore indleder et hemmeligt forhold, der gradvist udhules af løgn og skyld. Erik dør i Aalborg efter en løbsk køretur, og i chok vender Fennimore sig mod Niels, fordømmer ham og afviser ham; han rejser i selvforagt, og hun forlader stedet næste morgen.

Niels flakker næsten to år rundt i udlandet. I Riva, isoleret af kolera i egnen, knytter han sig til den berømte operasangerinde Madame Odéro, som er forbudt at synge; deres fortrolighed ender, da hun bryder forbuddet og rejser brat, og Niels vender hjem til Lønborggaard. Omtrent et år driver han gården og finder ro i det fysiske arbejde. Han lærer kancelliråd Skinnerup i Varde at kende og gifter sig med dennes syttenårige datter Gerda; deres ægteskab skildres som enkelt og lykkeligt, men Niels tøver med at dele sine gudsfornægtende synspunkter, indtil hun kræver fuld åbenhed.

Da deres barn rammes af voldsomme kramper, bryder Niels i desperation ud i bøn, selv om han opfatter troen som en drøm; barnet dør, og noget går i stykker i ham. I efteråret vandrer han i bittert tungsind på det nu tomme Lønborggaard. Da kongen dør og krigen truer, melder han sig som frivillig; den hårde militærhverdag opleves som en lettelse, men i marts bliver han skudt i brystet, og kuglen bliver siddende i højre lunge. På lazarettet plejes han af Hjerrild; Niels afviser præst, veksler mellem livslængsel og en følelse af sjælens grundlæggende ensomhed, og dør efter smerter, betændelse og delirium som krigsoffer, mens Hjerrild bliver tilbage med sin egen tanke om værdien af ikke at omvende sig i sidste øjeblik. [Plot]",4
"Summary #2

Romanen foregår i et dansk, provinsielt herregårds- og bymiljø i anden halvdel af 1800-tallet med Lønborggaard som omdrejningspunkt, senere især København og ophold i Europa, blandt andet i Clarens ved Genfersøen og i Riva ved Gardasøen. I slægten Blider følger fortællingen især Niels Lyhnes liv fra barndom til død og skildrer en vedvarende konflikt mellem romantiske forestillinger om “storhed” og en mere nøgtern livsholdning samt en tilbagevendende kamp mellem tro og gudsfornægtelse.

Bartholine Blider gifter sig med herremanden Lyhne på Lønborggaard, men ægteskabet præges af hendes længsel og hans voksende jordbundethed. De får sønnen Niels, hvis barndom bliver præget af forældrenes uenigheder og hans eget drømmeri. Sammen med præstens søn Frithiof Petersen opbygger han en fantasiverden. Huslæreren hr. Bigum ansættes, og Lyhnes søster Edele kommer fra København for helbredets skyld. Niels forelsker sig i Edele, men hun afviser både ham og Bigum; hendes sygdom forværres, og hun dør på Lønborggaard. Niels beder om et mirakel uden at få svar, og dødsfaldet bliver et brud med hans barndomstro. Slægtningen Erik Refstrup flytter ind og gør med sin fornuft og hån drengenes fantasiliv umuligt; Niels knytter sig stærkt til ham. I København opdages Eriks talent af billedhuggeren Mikkelsen, og Erik rejser til Akademiet, mens Niels efterlades med en tomhed, han forsøger at bekæmpe gennem disciplin og studier.

Som ung i København indleder Niels et forhold til den ældre Fru Boye, præget af spil, tilbageholdenhed og ensomhed; venskabet med Frithiof går i stykker, mens forbindelsen til Erik består. Han kaldes hjem, men faderen dør før han når frem, og skyldfølelsen følger ham. Moderen bliver siden alvorligt syg, betror ham sin livslange længsel og skuffelse, og de rejser til Clarens, hvor hun dør. Tilbage i København opsøger han Fru Boye, men hun forlover sig og gifter sig; deres sidste møde ender voldsomt. Juleaften møder Niels doktor Hjerrild, der bliver hans nærmeste fortrolige, og deres samtaler kredser om kristendom, ateisme og muligheden for et etisk liv uden Gud.

En sommer i Fjordby forelsker Niels sig i sin kusine Fennimore, men hun gifter sig med Erik. Tre år senere bor de på Marianelund ved Mariagerfjord, hvor Erik klager over kunstnerisk ufrugtbarhed. Niels kommer dertil og ser et ægteskab i opløsning: Erik søger mod drik og spil, Fennimore er desillusioneret. Niels bosætter sig på den anden side af fjorden og ror dagligt over; han og Fennimore indleder et hemmeligt forhold, der gradvist udhules af løgn og skyld. Erik dør i Aalborg efter en løbsk køretur, og i chok vender Fennimore sig mod Niels, fordømmer ham og afviser ham; han rejser i selvforagt, og hun forlader stedet næste morgen.

Niels flakker næsten to år rundt i udlandet. I Riva, isoleret af kolera i egnen, knytter han sig til den berømte operasangerinde Madame Odéro, som er forbudt at synge; deres fortrolighed ender, da hun bryder forbuddet og rejser brat, og Niels vender hjem til Lønborggaard. Omtrent et år driver han gården og finder ro i det fysiske arbejde. Han lærer kancelliråd Skinnerup i Varde at kende og gifter sig med dennes syttenårige datter Gerda; deres ægteskab skildres som enkelt og lykkeligt, men Niels tøver med at dele sine gudsfornægtende synspunkter, indtil hun kræver fuld åbenhed.

Da deres barn rammes af voldsomme kramper, bryder Niels i desperation ud i bøn, selv om han opfatter troen som en drøm; barnet dør, og noget går i stykker i ham. I efteråret vandrer han i bittert tungsind på det nu tomme Lønborggaard. Da kongen dør og krigen truer, melder han sig som frivillig; den hårde militærhverdag opleves som en lettelse, men i marts bliver han skudt i brystet, og kuglen bliver siddende i højre lunge. På lazarettet plejes han af Hjerrild; Niels afviser præst, veksler mellem livslængsel og en følelse af sjælens grundlæggende ensomhed, og dør efter smerter, betændelse og delirium som krigsoffer, mens Hjerrild bliver tilbage med sin egen tanke om værdien af ikke at omvende sig i sidste øjeblik. [Themes]",4
"Summary #3

Romanen udspiller sig i 1800-tallets provins- og storbymiljøer med centrale lokaliteter som Lønborggaard, Clarens ved Genfersøen, København, Fjordby og Marianelund ved Mariagerfjord. Handlingen følger først Bartholine Lyhnes familie og især sønnen Niels Lyhne samt kunstnervennerne Erik Refstrup og Fennimore. Efter Bartholines sygdom og død vender Niels tilbage fra provinsen til København og indgår i salonlivet omkring Fru Boye; et mytologiserende forelskelsesforhold til Fru Boye ender i brud og efterlader ham ensom og intellektuelt splittet. Diskussioner med Doktor Hjerrild tegner hans intellektuelle baggrund. Tre år senere vender Erik tilbage som ægtemand på Marianelund med sin unge hustru Fennimore; Eriks apati, drikkeri og fravær står i kontrast til hans idérus, og ægteskabet forfalder.

Niels rejser til Marianelund for at støtte Erik, genopbygger et nært forhold til Fennimore, og deres fortrolighed udvikler sig over tid til en hemmelig kærlighed præget af stjålne kærtegn, skyld og daglig fornedrelse. Efter en periode med intens lykke trænger tvivl og skam ind i forholdet. Eriks død i en vognulykke under et ophold i Aalborg fører til Fennimores fortvivlelse, stærke anger og religiøse søgen, mens Niels reagerer med sorg, selvforagt og erkendelse af sin medvirken i forfaldet. Fennimore forlader stedet, og Niels tager på lange udlandsrejser, plaget af tvivl om sit talent og sin livsretning. Ved Gardasøen knytter han midlertidigt venskab med operasangerinden Madame Odéro, hvorefter han vender tilbage til Danmark og slår sig ned på Lønborggaard.

Der indgår han socialt i omegnen, gifter sig med Gerda og får en søn; ægteskabet begynder lykkeligt, men begge dør kort efter af sygdom. Disse tab underminer hans tro på sig selv og idealet om at bære livet i overensstemmelse med en høj sag, og han melder sig som frivillig i krigen. Efter en natlig scene med barnets død, hvor han oplever en religiøs bønhandling som et syndefald fra hans tidligere ateistiske overbevisning, går Niels igennem vedvarende forandring. Såret i krigen rammer ham i lungen; indlagt på lazaret plages han af smerte, isolation og erindringer om Gerda. Han afviser præstens hjælp, bliver delirøs under tiltagende betændelse og dør efter to døgns lidelse. Romanen kredser gennem forløbet om skyld og skam, kærlighedens dobbelte virkninger som både frelse og fordærv, kunstnerisk svaghed og identitetskrise, sorg og søgen efter mening. [Fluency]",4
"Summary #3

Romanen udspiller sig i 1800-tallets provins- og storbymiljøer med centrale lokaliteter som Lønborggaard, Clarens ved Genfersøen, København, Fjordby og Marianelund ved Mariagerfjord. Handlingen følger først Bartholine Lyhnes familie og især sønnen Niels Lyhne samt kunstnervennerne Erik Refstrup og Fennimore. Efter Bartholines sygdom og død vender Niels tilbage fra provinsen til København og indgår i salonlivet omkring Fru Boye; et mytologiserende forelskelsesforhold til Fru Boye ender i brud og efterlader ham ensom og intellektuelt splittet. Diskussioner med Doktor Hjerrild tegner hans intellektuelle baggrund. Tre år senere vender Erik tilbage som ægtemand på Marianelund med sin unge hustru Fennimore; Eriks apati, drikkeri og fravær står i kontrast til hans idérus, og ægteskabet forfalder.

Niels rejser til Marianelund for at støtte Erik, genopbygger et nært forhold til Fennimore, og deres fortrolighed udvikler sig over tid til en hemmelig kærlighed præget af stjålne kærtegn, skyld og daglig fornedrelse. Efter en periode med intens lykke trænger tvivl og skam ind i forholdet. Eriks død i en vognulykke under et ophold i Aalborg fører til Fennimores fortvivlelse, stærke anger og religiøse søgen, mens Niels reagerer med sorg, selvforagt og erkendelse af sin medvirken i forfaldet. Fennimore forlader stedet, og Niels tager på lange udlandsrejser, plaget af tvivl om sit talent og sin livsretning. Ved Gardasøen knytter han midlertidigt venskab med operasangerinden Madame Odéro, hvorefter han vender tilbage til Danmark og slår sig ned på Lønborggaard.

Der indgår han socialt i omegnen, gifter sig med Gerda og får en søn; ægteskabet begynder lykkeligt, men begge dør kort efter af sygdom. Disse tab underminer hans tro på sig selv og idealet om at bære livet i overensstemmelse med en høj sag, og han melder sig som frivillig i krigen. Efter en natlig scene med barnets død, hvor han oplever en religiøs bønhandling som et syndefald fra hans tidligere ateistiske overbevisning, går Niels igennem vedvarende forandring. Såret i krigen rammer ham i lungen; indlagt på lazaret plages han af smerte, isolation og erindringer om Gerda. Han afviser præstens hjælp, bliver delirøs under tiltagende betændelse og dør efter to døgns lidelse. Romanen kredser gennem forløbet om skyld og skam, kærlighedens dobbelte virkninger som både frelse og fordærv, kunstnerisk svaghed og identitetskrise, sorg og søgen efter mening. [Coherence]",4
"Summary #3

Romanen udspiller sig i 1800-tallets provins- og storbymiljøer med centrale lokaliteter som Lønborggaard, Clarens ved Genfersøen, København, Fjordby og Marianelund ved Mariagerfjord. Handlingen følger først Bartholine Lyhnes familie og især sønnen Niels Lyhne samt kunstnervennerne Erik Refstrup og Fennimore. Efter Bartholines sygdom og død vender Niels tilbage fra provinsen til København og indgår i salonlivet omkring Fru Boye; et mytologiserende forelskelsesforhold til Fru Boye ender i brud og efterlader ham ensom og intellektuelt splittet. Diskussioner med Doktor Hjerrild tegner hans intellektuelle baggrund. Tre år senere vender Erik tilbage som ægtemand på Marianelund med sin unge hustru Fennimore; Eriks apati, drikkeri og fravær står i kontrast til hans idérus, og ægteskabet forfalder.

Niels rejser til Marianelund for at støtte Erik, genopbygger et nært forhold til Fennimore, og deres fortrolighed udvikler sig over tid til en hemmelig kærlighed præget af stjålne kærtegn, skyld og daglig fornedrelse. Efter en periode med intens lykke trænger tvivl og skam ind i forholdet. Eriks død i en vognulykke under et ophold i Aalborg fører til Fennimores fortvivlelse, stærke anger og religiøse søgen, mens Niels reagerer med sorg, selvforagt og erkendelse af sin medvirken i forfaldet. Fennimore forlader stedet, og Niels tager på lange udlandsrejser, plaget af tvivl om sit talent og sin livsretning. Ved Gardasøen knytter han midlertidigt venskab med operasangerinden Madame Odéro, hvorefter han vender tilbage til Danmark og slår sig ned på Lønborggaard.

Der indgår han socialt i omegnen, gifter sig med Gerda og får en søn; ægteskabet begynder lykkeligt, men begge dør kort efter af sygdom. Disse tab underminer hans tro på sig selv og idealet om at bære livet i overensstemmelse med en høj sag, og han melder sig som frivillig i krigen. Efter en natlig scene med barnets død, hvor han oplever en religiøs bønhandling som et syndefald fra hans tidligere ateistiske overbevisning, går Niels igennem vedvarende forandring. Såret i krigen rammer ham i lungen; indlagt på lazaret plages han af smerte, isolation og erindringer om Gerda. Han afviser præstens hjælp, bliver delirøs under tiltagende betændelse og dør efter to døgns lidelse. Romanen kredser gennem forløbet om skyld og skam, kærlighedens dobbelte virkninger som både frelse og fordærv, kunstnerisk svaghed og identitetskrise, sorg og søgen efter mening. [Relevance]",4
"Summary #3

Romanen udspiller sig i 1800-tallets provins- og storbymiljøer med centrale lokaliteter som Lønborggaard, Clarens ved Genfersøen, København, Fjordby og Marianelund ved Mariagerfjord. Handlingen følger først Bartholine Lyhnes familie og især sønnen Niels Lyhne samt kunstnervennerne Erik Refstrup og Fennimore. Efter Bartholines sygdom og død vender Niels tilbage fra provinsen til København og indgår i salonlivet omkring Fru Boye; et mytologiserende forelskelsesforhold til Fru Boye ender i brud og efterlader ham ensom og intellektuelt splittet. Diskussioner med Doktor Hjerrild tegner hans intellektuelle baggrund. Tre år senere vender Erik tilbage som ægtemand på Marianelund med sin unge hustru Fennimore; Eriks apati, drikkeri og fravær står i kontrast til hans idérus, og ægteskabet forfalder.

Niels rejser til Marianelund for at støtte Erik, genopbygger et nært forhold til Fennimore, og deres fortrolighed udvikler sig over tid til en hemmelig kærlighed præget af stjålne kærtegn, skyld og daglig fornedrelse. Efter en periode med intens lykke trænger tvivl og skam ind i forholdet. Eriks død i en vognulykke under et ophold i Aalborg fører til Fennimores fortvivlelse, stærke anger og religiøse søgen, mens Niels reagerer med sorg, selvforagt og erkendelse af sin medvirken i forfaldet. Fennimore forlader stedet, og Niels tager på lange udlandsrejser, plaget af tvivl om sit talent og sin livsretning. Ved Gardasøen knytter han midlertidigt venskab med operasangerinden Madame Odéro, hvorefter han vender tilbage til Danmark og slår sig ned på Lønborggaard.

Der indgår han socialt i omegnen, gifter sig med Gerda og får en søn; ægteskabet begynder lykkeligt, men begge dør kort efter af sygdom. Disse tab underminer hans tro på sig selv og idealet om at bære livet i overensstemmelse med en høj sag, og han melder sig som frivillig i krigen. Efter en natlig scene med barnets død, hvor han oplever en religiøs bønhandling som et syndefald fra hans tidligere ateistiske overbevisning, går Niels igennem vedvarende forandring. Såret i krigen rammer ham i lungen; indlagt på lazaret plages han af smerte, isolation og erindringer om Gerda. Han afviser præstens hjælp, bliver delirøs under tiltagende betændelse og dør efter to døgns lidelse. Romanen kredser gennem forløbet om skyld og skam, kærlighedens dobbelte virkninger som både frelse og fordærv, kunstnerisk svaghed og identitetskrise, sorg og søgen efter mening. [Factuality]",4
"Summary #3

Romanen udspiller sig i 1800-tallets provins- og storbymiljøer med centrale lokaliteter som Lønborggaard, Clarens ved Genfersøen, København, Fjordby og Marianelund ved Mariagerfjord. Handlingen følger først Bartholine Lyhnes familie og især sønnen Niels Lyhne samt kunstnervennerne Erik Refstrup og Fennimore. Efter Bartholines sygdom og død vender Niels tilbage fra provinsen til København og indgår i salonlivet omkring Fru Boye; et mytologiserende forelskelsesforhold til Fru Boye ender i brud og efterlader ham ensom og intellektuelt splittet. Diskussioner med Doktor Hjerrild tegner hans intellektuelle baggrund. Tre år senere vender Erik tilbage som ægtemand på Marianelund med sin unge hustru Fennimore; Eriks apati, drikkeri og fravær står i kontrast til hans idérus, og ægteskabet forfalder.

Niels rejser til Marianelund for at støtte Erik, genopbygger et nært forhold til Fennimore, og deres fortrolighed udvikler sig over tid til en hemmelig kærlighed præget af stjålne kærtegn, skyld og daglig fornedrelse. Efter en periode med intens lykke trænger tvivl og skam ind i forholdet. Eriks død i en vognulykke under et ophold i Aalborg fører til Fennimores fortvivlelse, stærke anger og religiøse søgen, mens Niels reagerer med sorg, selvforagt og erkendelse af sin medvirken i forfaldet. Fennimore forlader stedet, og Niels tager på lange udlandsrejser, plaget af tvivl om sit talent og sin livsretning. Ved Gardasøen knytter han midlertidigt venskab med operasangerinden Madame Odéro, hvorefter han vender tilbage til Danmark og slår sig ned på Lønborggaard.

Der indgår han socialt i omegnen, gifter sig med Gerda og får en søn; ægteskabet begynder lykkeligt, men begge dør kort efter af sygdom. Disse tab underminer hans tro på sig selv og idealet om at bære livet i overensstemmelse med en høj sag, og han melder sig som frivillig i krigen. Efter en natlig scene med barnets død, hvor han oplever en religiøs bønhandling som et syndefald fra hans tidligere ateistiske overbevisning, går Niels igennem vedvarende forandring. Såret i krigen rammer ham i lungen; indlagt på lazaret plages han af smerte, isolation og erindringer om Gerda. Han afviser præstens hjælp, bliver delirøs under tiltagende betændelse og dør efter to døgns lidelse. Romanen kredser gennem forløbet om skyld og skam, kærlighedens dobbelte virkninger som både frelse og fordærv, kunstnerisk svaghed og identitetskrise, sorg og søgen efter mening. [Time]",4
"Summary #3

Romanen udspiller sig i 1800-tallets provins- og storbymiljøer med centrale lokaliteter som Lønborggaard, Clarens ved Genfersøen, København, Fjordby og Marianelund ved Mariagerfjord. Handlingen følger først Bartholine Lyhnes familie og især sønnen Niels Lyhne samt kunstnervennerne Erik Refstrup og Fennimore. Efter Bartholines sygdom og død vender Niels tilbage fra provinsen til København og indgår i salonlivet omkring Fru Boye; et mytologiserende forelskelsesforhold til Fru Boye ender i brud og efterlader ham ensom og intellektuelt splittet. Diskussioner med Doktor Hjerrild tegner hans intellektuelle baggrund. Tre år senere vender Erik tilbage som ægtemand på Marianelund med sin unge hustru Fennimore; Eriks apati, drikkeri og fravær står i kontrast til hans idérus, og ægteskabet forfalder.

Niels rejser til Marianelund for at støtte Erik, genopbygger et nært forhold til Fennimore, og deres fortrolighed udvikler sig over tid til en hemmelig kærlighed præget af stjålne kærtegn, skyld og daglig fornedrelse. Efter en periode med intens lykke trænger tvivl og skam ind i forholdet. Eriks død i en vognulykke under et ophold i Aalborg fører til Fennimores fortvivlelse, stærke anger og religiøse søgen, mens Niels reagerer med sorg, selvforagt og erkendelse af sin medvirken i forfaldet. Fennimore forlader stedet, og Niels tager på lange udlandsrejser, plaget af tvivl om sit talent og sin livsretning. Ved Gardasøen knytter han midlertidigt venskab med operasangerinden Madame Odéro, hvorefter han vender tilbage til Danmark og slår sig ned på Lønborggaard.

Der indgår han socialt i omegnen, gifter sig med Gerda og får en søn; ægteskabet begynder lykkeligt, men begge dør kort efter af sygdom. Disse tab underminer hans tro på sig selv og idealet om at bære livet i overensstemmelse med en høj sag, og han melder sig som frivillig i krigen. Efter en natlig scene med barnets død, hvor han oplever en religiøs bønhandling som et syndefald fra hans tidligere ateistiske overbevisning, går Niels igennem vedvarende forandring. Såret i krigen rammer ham i lungen; indlagt på lazaret plages han af smerte, isolation og erindringer om Gerda. Han afviser præstens hjælp, bliver delirøs under tiltagende betændelse og dør efter to døgns lidelse. Romanen kredser gennem forløbet om skyld og skam, kærlighedens dobbelte virkninger som både frelse og fordærv, kunstnerisk svaghed og identitetskrise, sorg og søgen efter mening. [Place]",4
"Summary #3

Romanen udspiller sig i 1800-tallets provins- og storbymiljøer med centrale lokaliteter som Lønborggaard, Clarens ved Genfersøen, København, Fjordby og Marianelund ved Mariagerfjord. Handlingen følger først Bartholine Lyhnes familie og især sønnen Niels Lyhne samt kunstnervennerne Erik Refstrup og Fennimore. Efter Bartholines sygdom og død vender Niels tilbage fra provinsen til København og indgår i salonlivet omkring Fru Boye; et mytologiserende forelskelsesforhold til Fru Boye ender i brud og efterlader ham ensom og intellektuelt splittet. Diskussioner med Doktor Hjerrild tegner hans intellektuelle baggrund. Tre år senere vender Erik tilbage som ægtemand på Marianelund med sin unge hustru Fennimore; Eriks apati, drikkeri og fravær står i kontrast til hans idérus, og ægteskabet forfalder.

Niels rejser til Marianelund for at støtte Erik, genopbygger et nært forhold til Fennimore, og deres fortrolighed udvikler sig over tid til en hemmelig kærlighed præget af stjålne kærtegn, skyld og daglig fornedrelse. Efter en periode med intens lykke trænger tvivl og skam ind i forholdet. Eriks død i en vognulykke under et ophold i Aalborg fører til Fennimores fortvivlelse, stærke anger og religiøse søgen, mens Niels reagerer med sorg, selvforagt og erkendelse af sin medvirken i forfaldet. Fennimore forlader stedet, og Niels tager på lange udlandsrejser, plaget af tvivl om sit talent og sin livsretning. Ved Gardasøen knytter han midlertidigt venskab med operasangerinden Madame Odéro, hvorefter han vender tilbage til Danmark og slår sig ned på Lønborggaard.

Der indgår han socialt i omegnen, gifter sig med Gerda og får en søn; ægteskabet begynder lykkeligt, men begge dør kort efter af sygdom. Disse tab underminer hans tro på sig selv og idealet om at bære livet i overensstemmelse med en høj sag, og han melder sig som frivillig i krigen. Efter en natlig scene med barnets død, hvor han oplever en religiøs bønhandling som et syndefald fra hans tidligere ateistiske overbevisning, går Niels igennem vedvarende forandring. Såret i krigen rammer ham i lungen; indlagt på lazaret plages han af smerte, isolation og erindringer om Gerda. Han afviser præstens hjælp, bliver delirøs under tiltagende betændelse og dør efter to døgns lidelse. Romanen kredser gennem forløbet om skyld og skam, kærlighedens dobbelte virkninger som både frelse og fordærv, kunstnerisk svaghed og identitetskrise, sorg og søgen efter mening. [Characters]",4
"Summary #3

Romanen udspiller sig i 1800-tallets provins- og storbymiljøer med centrale lokaliteter som Lønborggaard, Clarens ved Genfersøen, København, Fjordby og Marianelund ved Mariagerfjord. Handlingen følger først Bartholine Lyhnes familie og især sønnen Niels Lyhne samt kunstnervennerne Erik Refstrup og Fennimore. Efter Bartholines sygdom og død vender Niels tilbage fra provinsen til København og indgår i salonlivet omkring Fru Boye; et mytologiserende forelskelsesforhold til Fru Boye ender i brud og efterlader ham ensom og intellektuelt splittet. Diskussioner med Doktor Hjerrild tegner hans intellektuelle baggrund. Tre år senere vender Erik tilbage som ægtemand på Marianelund med sin unge hustru Fennimore; Eriks apati, drikkeri og fravær står i kontrast til hans idérus, og ægteskabet forfalder.

Niels rejser til Marianelund for at støtte Erik, genopbygger et nært forhold til Fennimore, og deres fortrolighed udvikler sig over tid til en hemmelig kærlighed præget af stjålne kærtegn, skyld og daglig fornedrelse. Efter en periode med intens lykke trænger tvivl og skam ind i forholdet. Eriks død i en vognulykke under et ophold i Aalborg fører til Fennimores fortvivlelse, stærke anger og religiøse søgen, mens Niels reagerer med sorg, selvforagt og erkendelse af sin medvirken i forfaldet. Fennimore forlader stedet, og Niels tager på lange udlandsrejser, plaget af tvivl om sit talent og sin livsretning. Ved Gardasøen knytter han midlertidigt venskab med operasangerinden Madame Odéro, hvorefter han vender tilbage til Danmark og slår sig ned på Lønborggaard.

Der indgår han socialt i omegnen, gifter sig med Gerda og får en søn; ægteskabet begynder lykkeligt, men begge dør kort efter af sygdom. Disse tab underminer hans tro på sig selv og idealet om at bære livet i overensstemmelse med en høj sag, og han melder sig som frivillig i krigen. Efter en natlig scene med barnets død, hvor han oplever en religiøs bønhandling som et syndefald fra hans tidligere ateistiske overbevisning, går Niels igennem vedvarende forandring. Såret i krigen rammer ham i lungen; indlagt på lazaret plages han af smerte, isolation og erindringer om Gerda. Han afviser præstens hjælp, bliver delirøs under tiltagende betændelse og dør efter to døgns lidelse. Romanen kredser gennem forløbet om skyld og skam, kærlighedens dobbelte virkninger som både frelse og fordærv, kunstnerisk svaghed og identitetskrise, sorg og søgen efter mening. [Plot]",4
"Summary #3

Romanen udspiller sig i 1800-tallets provins- og storbymiljøer med centrale lokaliteter som Lønborggaard, Clarens ved Genfersøen, København, Fjordby og Marianelund ved Mariagerfjord. Handlingen følger først Bartholine Lyhnes familie og især sønnen Niels Lyhne samt kunstnervennerne Erik Refstrup og Fennimore. Efter Bartholines sygdom og død vender Niels tilbage fra provinsen til København og indgår i salonlivet omkring Fru Boye; et mytologiserende forelskelsesforhold til Fru Boye ender i brud og efterlader ham ensom og intellektuelt splittet. Diskussioner med Doktor Hjerrild tegner hans intellektuelle baggrund. Tre år senere vender Erik tilbage som ægtemand på Marianelund med sin unge hustru Fennimore; Eriks apati, drikkeri og fravær står i kontrast til hans idérus, og ægteskabet forfalder.

Niels rejser til Marianelund for at støtte Erik, genopbygger et nært forhold til Fennimore, og deres fortrolighed udvikler sig over tid til en hemmelig kærlighed præget af stjålne kærtegn, skyld og daglig fornedrelse. Efter en periode med intens lykke trænger tvivl og skam ind i forholdet. Eriks død i en vognulykke under et ophold i Aalborg fører til Fennimores fortvivlelse, stærke anger og religiøse søgen, mens Niels reagerer med sorg, selvforagt og erkendelse af sin medvirken i forfaldet. Fennimore forlader stedet, og Niels tager på lange udlandsrejser, plaget af tvivl om sit talent og sin livsretning. Ved Gardasøen knytter han midlertidigt venskab med operasangerinden Madame Odéro, hvorefter han vender tilbage til Danmark og slår sig ned på Lønborggaard.

Der indgår han socialt i omegnen, gifter sig med Gerda og får en søn; ægteskabet begynder lykkeligt, men begge dør kort efter af sygdom. Disse tab underminer hans tro på sig selv og idealet om at bære livet i overensstemmelse med en høj sag, og han melder sig som frivillig i krigen. Efter en natlig scene med barnets død, hvor han oplever en religiøs bønhandling som et syndefald fra hans tidligere ateistiske overbevisning, går Niels igennem vedvarende forandring. Såret i krigen rammer ham i lungen; indlagt på lazaret plages han af smerte, isolation og erindringer om Gerda. Han afviser præstens hjælp, bliver delirøs under tiltagende betændelse og dør efter to døgns lidelse. Romanen kredser gennem forløbet om skyld og skam, kærlighedens dobbelte virkninger som både frelse og fordærv, kunstnerisk svaghed og identitetskrise, sorg og søgen efter mening. [Themes]",3
novel_id,Tine
"Summary #1

Romanen foregår i en dansk landsby på heden omkring tiden for Frederik d. 7.’s død og de efterfølgende kampe ved Dannevirke og Isted. Handlingen centrerer sig om degnens husholdning på Skovridergaarden og naboinstitutionerne — skolen, kirken, kroen og baronens gods — og skildrer, hvordan krigen trænger ind i det daglige liv: sårede vogntog, soldatindkvartering og flygtningestrømme fylder landskabet og gårdens rum.

Fortællingens centrum er Tine, degnens datter, som plejer sin syge far Bølling, organiserer pleje i skolestuen og hjælper læger og sårede. Madam Bølling fører husets drift. Skovrider Berg er en ung officer, som får følelsesmæssig kontakt til Tine; flere officerer — herunder Lieutenant Appel — samt baronen, lokale embedsmænd og korrespondenter optræder i gården og på skolen. Skolen omdannes til felthospital, kirkegård og kirketaarn bruges som udsigt og tilflugt, kroen og laden fungerer som samlingssteder, og marker og veje beskrives som scener for vogntog med sårede og døde.

Efterhånden øges presset: lasarettet fyldes, natlige brande og granatglød ses i horisonten, og frygten for tilbagetog stiger. Bølling får delirium og insisterer på at gå op i kirketaarnet for at se ""ilden""; familien følger ham op, hvor de skuer de brændende bygninger. I tårnets scene møder Tine Skovrider Berg, og de har et øjebliks nærhed. Senere rykker regimentet ud. Tine søger efter dem, hun holder af, går blandt kirkegård og hospitaler og finder til sidst en døende mand. Presset kulminerer, og Tine går ud til dammen på Skovridergaardens grund og drukner sig; hendes lig trækkes op og bringes ind i huset til vask og klargøring.

Efterfølgende skildres de umiddelbare reaktioner: Madam Bølling og landsbyens kvinder organiserer ligklædning og båren, ritualer og praktisk forberedelse foregår i huset. Præster, provst og biskop møder op; salmer, bønner og andagt markerer en offentlig, ceremoniel behandling af døden midt i krigens rum. Romanen viser dermed materielle ødelæggelser og de nære sociale følger af krigen: tab, ritualer omkring død og begravelse, kvindernes omsorgsarbejde og fællesskabets håndtering af sorg. [Fluency]",3
"Summary #1

Romanen foregår i en dansk landsby på heden omkring tiden for Frederik d. 7.’s død og de efterfølgende kampe ved Dannevirke og Isted. Handlingen centrerer sig om degnens husholdning på Skovridergaarden og naboinstitutionerne — skolen, kirken, kroen og baronens gods — og skildrer, hvordan krigen trænger ind i det daglige liv: sårede vogntog, soldatindkvartering og flygtningestrømme fylder landskabet og gårdens rum.

Fortællingens centrum er Tine, degnens datter, som plejer sin syge far Bølling, organiserer pleje i skolestuen og hjælper læger og sårede. Madam Bølling fører husets drift. Skovrider Berg er en ung officer, som får følelsesmæssig kontakt til Tine; flere officerer — herunder Lieutenant Appel — samt baronen, lokale embedsmænd og korrespondenter optræder i gården og på skolen. Skolen omdannes til felthospital, kirkegård og kirketaarn bruges som udsigt og tilflugt, kroen og laden fungerer som samlingssteder, og marker og veje beskrives som scener for vogntog med sårede og døde.

Efterhånden øges presset: lasarettet fyldes, natlige brande og granatglød ses i horisonten, og frygten for tilbagetog stiger. Bølling får delirium og insisterer på at gå op i kirketaarnet for at se ""ilden""; familien følger ham op, hvor de skuer de brændende bygninger. I tårnets scene møder Tine Skovrider Berg, og de har et øjebliks nærhed. Senere rykker regimentet ud. Tine søger efter dem, hun holder af, går blandt kirkegård og hospitaler og finder til sidst en døende mand. Presset kulminerer, og Tine går ud til dammen på Skovridergaardens grund og drukner sig; hendes lig trækkes op og bringes ind i huset til vask og klargøring.

Efterfølgende skildres de umiddelbare reaktioner: Madam Bølling og landsbyens kvinder organiserer ligklædning og båren, ritualer og praktisk forberedelse foregår i huset. Præster, provst og biskop møder op; salmer, bønner og andagt markerer en offentlig, ceremoniel behandling af døden midt i krigens rum. Romanen viser dermed materielle ødelæggelser og de nære sociale følger af krigen: tab, ritualer omkring død og begravelse, kvindernes omsorgsarbejde og fællesskabets håndtering af sorg. [Coherence]",4
"Summary #1

Romanen foregår i en dansk landsby på heden omkring tiden for Frederik d. 7.’s død og de efterfølgende kampe ved Dannevirke og Isted. Handlingen centrerer sig om degnens husholdning på Skovridergaarden og naboinstitutionerne — skolen, kirken, kroen og baronens gods — og skildrer, hvordan krigen trænger ind i det daglige liv: sårede vogntog, soldatindkvartering og flygtningestrømme fylder landskabet og gårdens rum.

Fortællingens centrum er Tine, degnens datter, som plejer sin syge far Bølling, organiserer pleje i skolestuen og hjælper læger og sårede. Madam Bølling fører husets drift. Skovrider Berg er en ung officer, som får følelsesmæssig kontakt til Tine; flere officerer — herunder Lieutenant Appel — samt baronen, lokale embedsmænd og korrespondenter optræder i gården og på skolen. Skolen omdannes til felthospital, kirkegård og kirketaarn bruges som udsigt og tilflugt, kroen og laden fungerer som samlingssteder, og marker og veje beskrives som scener for vogntog med sårede og døde.

Efterhånden øges presset: lasarettet fyldes, natlige brande og granatglød ses i horisonten, og frygten for tilbagetog stiger. Bølling får delirium og insisterer på at gå op i kirketaarnet for at se ""ilden""; familien følger ham op, hvor de skuer de brændende bygninger. I tårnets scene møder Tine Skovrider Berg, og de har et øjebliks nærhed. Senere rykker regimentet ud. Tine søger efter dem, hun holder af, går blandt kirkegård og hospitaler og finder til sidst en døende mand. Presset kulminerer, og Tine går ud til dammen på Skovridergaardens grund og drukner sig; hendes lig trækkes op og bringes ind i huset til vask og klargøring.

Efterfølgende skildres de umiddelbare reaktioner: Madam Bølling og landsbyens kvinder organiserer ligklædning og båren, ritualer og praktisk forberedelse foregår i huset. Præster, provst og biskop møder op; salmer, bønner og andagt markerer en offentlig, ceremoniel behandling af døden midt i krigens rum. Romanen viser dermed materielle ødelæggelser og de nære sociale følger af krigen: tab, ritualer omkring død og begravelse, kvindernes omsorgsarbejde og fællesskabets håndtering af sorg. [Relevance]",3
"Summary #1

Romanen foregår i en dansk landsby på heden omkring tiden for Frederik d. 7.’s død og de efterfølgende kampe ved Dannevirke og Isted. Handlingen centrerer sig om degnens husholdning på Skovridergaarden og naboinstitutionerne — skolen, kirken, kroen og baronens gods — og skildrer, hvordan krigen trænger ind i det daglige liv: sårede vogntog, soldatindkvartering og flygtningestrømme fylder landskabet og gårdens rum.

Fortællingens centrum er Tine, degnens datter, som plejer sin syge far Bølling, organiserer pleje i skolestuen og hjælper læger og sårede. Madam Bølling fører husets drift. Skovrider Berg er en ung officer, som får følelsesmæssig kontakt til Tine; flere officerer — herunder Lieutenant Appel — samt baronen, lokale embedsmænd og korrespondenter optræder i gården og på skolen. Skolen omdannes til felthospital, kirkegård og kirketaarn bruges som udsigt og tilflugt, kroen og laden fungerer som samlingssteder, og marker og veje beskrives som scener for vogntog med sårede og døde.

Efterhånden øges presset: lasarettet fyldes, natlige brande og granatglød ses i horisonten, og frygten for tilbagetog stiger. Bølling får delirium og insisterer på at gå op i kirketaarnet for at se ""ilden""; familien følger ham op, hvor de skuer de brændende bygninger. I tårnets scene møder Tine Skovrider Berg, og de har et øjebliks nærhed. Senere rykker regimentet ud. Tine søger efter dem, hun holder af, går blandt kirkegård og hospitaler og finder til sidst en døende mand. Presset kulminerer, og Tine går ud til dammen på Skovridergaardens grund og drukner sig; hendes lig trækkes op og bringes ind i huset til vask og klargøring.

Efterfølgende skildres de umiddelbare reaktioner: Madam Bølling og landsbyens kvinder organiserer ligklædning og båren, ritualer og praktisk forberedelse foregår i huset. Præster, provst og biskop møder op; salmer, bønner og andagt markerer en offentlig, ceremoniel behandling af døden midt i krigens rum. Romanen viser dermed materielle ødelæggelser og de nære sociale følger af krigen: tab, ritualer omkring død og begravelse, kvindernes omsorgsarbejde og fællesskabets håndtering af sorg. [Factuality]",4
"Summary #1

Romanen foregår i en dansk landsby på heden omkring tiden for Frederik d. 7.’s død og de efterfølgende kampe ved Dannevirke og Isted. Handlingen centrerer sig om degnens husholdning på Skovridergaarden og naboinstitutionerne — skolen, kirken, kroen og baronens gods — og skildrer, hvordan krigen trænger ind i det daglige liv: sårede vogntog, soldatindkvartering og flygtningestrømme fylder landskabet og gårdens rum.

Fortællingens centrum er Tine, degnens datter, som plejer sin syge far Bølling, organiserer pleje i skolestuen og hjælper læger og sårede. Madam Bølling fører husets drift. Skovrider Berg er en ung officer, som får følelsesmæssig kontakt til Tine; flere officerer — herunder Lieutenant Appel — samt baronen, lokale embedsmænd og korrespondenter optræder i gården og på skolen. Skolen omdannes til felthospital, kirkegård og kirketaarn bruges som udsigt og tilflugt, kroen og laden fungerer som samlingssteder, og marker og veje beskrives som scener for vogntog med sårede og døde.

Efterhånden øges presset: lasarettet fyldes, natlige brande og granatglød ses i horisonten, og frygten for tilbagetog stiger. Bølling får delirium og insisterer på at gå op i kirketaarnet for at se ""ilden""; familien følger ham op, hvor de skuer de brændende bygninger. I tårnets scene møder Tine Skovrider Berg, og de har et øjebliks nærhed. Senere rykker regimentet ud. Tine søger efter dem, hun holder af, går blandt kirkegård og hospitaler og finder til sidst en døende mand. Presset kulminerer, og Tine går ud til dammen på Skovridergaardens grund og drukner sig; hendes lig trækkes op og bringes ind i huset til vask og klargøring.

Efterfølgende skildres de umiddelbare reaktioner: Madam Bølling og landsbyens kvinder organiserer ligklædning og båren, ritualer og praktisk forberedelse foregår i huset. Præster, provst og biskop møder op; salmer, bønner og andagt markerer en offentlig, ceremoniel behandling af døden midt i krigens rum. Romanen viser dermed materielle ødelæggelser og de nære sociale følger af krigen: tab, ritualer omkring død og begravelse, kvindernes omsorgsarbejde og fællesskabets håndtering af sorg. [Time]",4
"Summary #1

Romanen foregår i en dansk landsby på heden omkring tiden for Frederik d. 7.’s død og de efterfølgende kampe ved Dannevirke og Isted. Handlingen centrerer sig om degnens husholdning på Skovridergaarden og naboinstitutionerne — skolen, kirken, kroen og baronens gods — og skildrer, hvordan krigen trænger ind i det daglige liv: sårede vogntog, soldatindkvartering og flygtningestrømme fylder landskabet og gårdens rum.

Fortællingens centrum er Tine, degnens datter, som plejer sin syge far Bølling, organiserer pleje i skolestuen og hjælper læger og sårede. Madam Bølling fører husets drift. Skovrider Berg er en ung officer, som får følelsesmæssig kontakt til Tine; flere officerer — herunder Lieutenant Appel — samt baronen, lokale embedsmænd og korrespondenter optræder i gården og på skolen. Skolen omdannes til felthospital, kirkegård og kirketaarn bruges som udsigt og tilflugt, kroen og laden fungerer som samlingssteder, og marker og veje beskrives som scener for vogntog med sårede og døde.

Efterhånden øges presset: lasarettet fyldes, natlige brande og granatglød ses i horisonten, og frygten for tilbagetog stiger. Bølling får delirium og insisterer på at gå op i kirketaarnet for at se ""ilden""; familien følger ham op, hvor de skuer de brændende bygninger. I tårnets scene møder Tine Skovrider Berg, og de har et øjebliks nærhed. Senere rykker regimentet ud. Tine søger efter dem, hun holder af, går blandt kirkegård og hospitaler og finder til sidst en døende mand. Presset kulminerer, og Tine går ud til dammen på Skovridergaardens grund og drukner sig; hendes lig trækkes op og bringes ind i huset til vask og klargøring.

Efterfølgende skildres de umiddelbare reaktioner: Madam Bølling og landsbyens kvinder organiserer ligklædning og båren, ritualer og praktisk forberedelse foregår i huset. Præster, provst og biskop møder op; salmer, bønner og andagt markerer en offentlig, ceremoniel behandling af døden midt i krigens rum. Romanen viser dermed materielle ødelæggelser og de nære sociale følger af krigen: tab, ritualer omkring død og begravelse, kvindernes omsorgsarbejde og fællesskabets håndtering af sorg. [Place]",4
"Summary #1

Romanen foregår i en dansk landsby på heden omkring tiden for Frederik d. 7.’s død og de efterfølgende kampe ved Dannevirke og Isted. Handlingen centrerer sig om degnens husholdning på Skovridergaarden og naboinstitutionerne — skolen, kirken, kroen og baronens gods — og skildrer, hvordan krigen trænger ind i det daglige liv: sårede vogntog, soldatindkvartering og flygtningestrømme fylder landskabet og gårdens rum.

Fortællingens centrum er Tine, degnens datter, som plejer sin syge far Bølling, organiserer pleje i skolestuen og hjælper læger og sårede. Madam Bølling fører husets drift. Skovrider Berg er en ung officer, som får følelsesmæssig kontakt til Tine; flere officerer — herunder Lieutenant Appel — samt baronen, lokale embedsmænd og korrespondenter optræder i gården og på skolen. Skolen omdannes til felthospital, kirkegård og kirketaarn bruges som udsigt og tilflugt, kroen og laden fungerer som samlingssteder, og marker og veje beskrives som scener for vogntog med sårede og døde.

Efterhånden øges presset: lasarettet fyldes, natlige brande og granatglød ses i horisonten, og frygten for tilbagetog stiger. Bølling får delirium og insisterer på at gå op i kirketaarnet for at se ""ilden""; familien følger ham op, hvor de skuer de brændende bygninger. I tårnets scene møder Tine Skovrider Berg, og de har et øjebliks nærhed. Senere rykker regimentet ud. Tine søger efter dem, hun holder af, går blandt kirkegård og hospitaler og finder til sidst en døende mand. Presset kulminerer, og Tine går ud til dammen på Skovridergaardens grund og drukner sig; hendes lig trækkes op og bringes ind i huset til vask og klargøring.

Efterfølgende skildres de umiddelbare reaktioner: Madam Bølling og landsbyens kvinder organiserer ligklædning og båren, ritualer og praktisk forberedelse foregår i huset. Præster, provst og biskop møder op; salmer, bønner og andagt markerer en offentlig, ceremoniel behandling af døden midt i krigens rum. Romanen viser dermed materielle ødelæggelser og de nære sociale følger af krigen: tab, ritualer omkring død og begravelse, kvindernes omsorgsarbejde og fællesskabets håndtering af sorg. [Characters]",4
"Summary #1

Romanen foregår i en dansk landsby på heden omkring tiden for Frederik d. 7.’s død og de efterfølgende kampe ved Dannevirke og Isted. Handlingen centrerer sig om degnens husholdning på Skovridergaarden og naboinstitutionerne — skolen, kirken, kroen og baronens gods — og skildrer, hvordan krigen trænger ind i det daglige liv: sårede vogntog, soldatindkvartering og flygtningestrømme fylder landskabet og gårdens rum.

Fortællingens centrum er Tine, degnens datter, som plejer sin syge far Bølling, organiserer pleje i skolestuen og hjælper læger og sårede. Madam Bølling fører husets drift. Skovrider Berg er en ung officer, som får følelsesmæssig kontakt til Tine; flere officerer — herunder Lieutenant Appel — samt baronen, lokale embedsmænd og korrespondenter optræder i gården og på skolen. Skolen omdannes til felthospital, kirkegård og kirketaarn bruges som udsigt og tilflugt, kroen og laden fungerer som samlingssteder, og marker og veje beskrives som scener for vogntog med sårede og døde.

Efterhånden øges presset: lasarettet fyldes, natlige brande og granatglød ses i horisonten, og frygten for tilbagetog stiger. Bølling får delirium og insisterer på at gå op i kirketaarnet for at se ""ilden""; familien følger ham op, hvor de skuer de brændende bygninger. I tårnets scene møder Tine Skovrider Berg, og de har et øjebliks nærhed. Senere rykker regimentet ud. Tine søger efter dem, hun holder af, går blandt kirkegård og hospitaler og finder til sidst en døende mand. Presset kulminerer, og Tine går ud til dammen på Skovridergaardens grund og drukner sig; hendes lig trækkes op og bringes ind i huset til vask og klargøring.

Efterfølgende skildres de umiddelbare reaktioner: Madam Bølling og landsbyens kvinder organiserer ligklædning og båren, ritualer og praktisk forberedelse foregår i huset. Præster, provst og biskop møder op; salmer, bønner og andagt markerer en offentlig, ceremoniel behandling af døden midt i krigens rum. Romanen viser dermed materielle ødelæggelser og de nære sociale følger af krigen: tab, ritualer omkring død og begravelse, kvindernes omsorgsarbejde og fællesskabets håndtering af sorg. [Plot]",3
"Summary #1

Romanen foregår i en dansk landsby på heden omkring tiden for Frederik d. 7.’s død og de efterfølgende kampe ved Dannevirke og Isted. Handlingen centrerer sig om degnens husholdning på Skovridergaarden og naboinstitutionerne — skolen, kirken, kroen og baronens gods — og skildrer, hvordan krigen trænger ind i det daglige liv: sårede vogntog, soldatindkvartering og flygtningestrømme fylder landskabet og gårdens rum.

Fortællingens centrum er Tine, degnens datter, som plejer sin syge far Bølling, organiserer pleje i skolestuen og hjælper læger og sårede. Madam Bølling fører husets drift. Skovrider Berg er en ung officer, som får følelsesmæssig kontakt til Tine; flere officerer — herunder Lieutenant Appel — samt baronen, lokale embedsmænd og korrespondenter optræder i gården og på skolen. Skolen omdannes til felthospital, kirkegård og kirketaarn bruges som udsigt og tilflugt, kroen og laden fungerer som samlingssteder, og marker og veje beskrives som scener for vogntog med sårede og døde.

Efterhånden øges presset: lasarettet fyldes, natlige brande og granatglød ses i horisonten, og frygten for tilbagetog stiger. Bølling får delirium og insisterer på at gå op i kirketaarnet for at se ""ilden""; familien følger ham op, hvor de skuer de brændende bygninger. I tårnets scene møder Tine Skovrider Berg, og de har et øjebliks nærhed. Senere rykker regimentet ud. Tine søger efter dem, hun holder af, går blandt kirkegård og hospitaler og finder til sidst en døende mand. Presset kulminerer, og Tine går ud til dammen på Skovridergaardens grund og drukner sig; hendes lig trækkes op og bringes ind i huset til vask og klargøring.

Efterfølgende skildres de umiddelbare reaktioner: Madam Bølling og landsbyens kvinder organiserer ligklædning og båren, ritualer og praktisk forberedelse foregår i huset. Præster, provst og biskop møder op; salmer, bønner og andagt markerer en offentlig, ceremoniel behandling af døden midt i krigens rum. Romanen viser dermed materielle ødelæggelser og de nære sociale følger af krigen: tab, ritualer omkring død og begravelse, kvindernes omsorgsarbejde og fællesskabets håndtering af sorg. [Themes]",3
"Summary #2

Handlingen udspiller sig i et jysk landsbysogn i tiden lige før og under første del af Treårskrigen 1864. Tine Bølling, degnedatter fra Skolen ved kirken, følger livet på den nærliggende Skovridergaard, hvor den unge skovrider H.R. Berg bor med sin livlige hustru Marie og deres lille søn Herluf. Gennem hverdagens rytmer – skovture, slagtning, sang og kortspil – knyttes Tine tæt til familien og til det trygge, selvberedte bondesamfund, hvor købstadsfolk om sommeren fylder gårdene og nyheder om kongens død og krigsindkaldelser først når sognet gennem aviserne.

Da Berg møder ind, forlader Marie og Herluf gården; Tine og de gamle tjenere flytter ind i det kolde ”blå kammer” for at holde huset klart. Snart ruller de første sårede vogne gennem landsbyen, og Dybbøls kanoner høres i det fjerne. Efter danskernes overraskende tilbagetrækning fra Dannevirke bryder fortvivlelsen løs: telegrammer læses højt, glas kastes mod kongebilledet, og biskop Dahl må bede om ro. Tine hjælper ved vejen med vand og trøst, indtil beskeden om Berg uskadt kommer hjem bringer kortvarig lettelse.

Berg vender tilbage til en overfyldt gård, men han er fraværende og tavs; kun om natten søger han Tine under Maries portræt. Mens faderen hjemme i Skolen gradvis mister forstanden og vil op i tårnet for at se ”jorden brænde”, fyldes Skovridergaarden af flygtninge, og Tine går mellem dem med mælk og brød. Efter nederlaget ved Als vandrer hun ud for at møde de hjemvendte soldater, men Berg passerer hende uden at se; hun dækker bord med stjernedug og hans livret, men han spiser uden appetit og forsvinder igen blandt officerer.

I Skolestuen dør den unge Appel i sin mors arme; Tine hjælper til, mens kanonerne tier og nye rekrutter synger. Hun bliver tilbage i det tomme hus, hvor minder, jagthunde og den stadig mere fraværende Berg er de eneste rester af den verden, krigen har revet itu. [Fluency]",3
"Summary #2

Handlingen udspiller sig i et jysk landsbysogn i tiden lige før og under første del af Treårskrigen 1864. Tine Bølling, degnedatter fra Skolen ved kirken, følger livet på den nærliggende Skovridergaard, hvor den unge skovrider H.R. Berg bor med sin livlige hustru Marie og deres lille søn Herluf. Gennem hverdagens rytmer – skovture, slagtning, sang og kortspil – knyttes Tine tæt til familien og til det trygge, selvberedte bondesamfund, hvor købstadsfolk om sommeren fylder gårdene og nyheder om kongens død og krigsindkaldelser først når sognet gennem aviserne.

Da Berg møder ind, forlader Marie og Herluf gården; Tine og de gamle tjenere flytter ind i det kolde ”blå kammer” for at holde huset klart. Snart ruller de første sårede vogne gennem landsbyen, og Dybbøls kanoner høres i det fjerne. Efter danskernes overraskende tilbagetrækning fra Dannevirke bryder fortvivlelsen løs: telegrammer læses højt, glas kastes mod kongebilledet, og biskop Dahl må bede om ro. Tine hjælper ved vejen med vand og trøst, indtil beskeden om Berg uskadt kommer hjem bringer kortvarig lettelse.

Berg vender tilbage til en overfyldt gård, men han er fraværende og tavs; kun om natten søger han Tine under Maries portræt. Mens faderen hjemme i Skolen gradvis mister forstanden og vil op i tårnet for at se ”jorden brænde”, fyldes Skovridergaarden af flygtninge, og Tine går mellem dem med mælk og brød. Efter nederlaget ved Als vandrer hun ud for at møde de hjemvendte soldater, men Berg passerer hende uden at se; hun dækker bord med stjernedug og hans livret, men han spiser uden appetit og forsvinder igen blandt officerer.

I Skolestuen dør den unge Appel i sin mors arme; Tine hjælper til, mens kanonerne tier og nye rekrutter synger. Hun bliver tilbage i det tomme hus, hvor minder, jagthunde og den stadig mere fraværende Berg er de eneste rester af den verden, krigen har revet itu. [Coherence]",3
"Summary #2

Handlingen udspiller sig i et jysk landsbysogn i tiden lige før og under første del af Treårskrigen 1864. Tine Bølling, degnedatter fra Skolen ved kirken, følger livet på den nærliggende Skovridergaard, hvor den unge skovrider H.R. Berg bor med sin livlige hustru Marie og deres lille søn Herluf. Gennem hverdagens rytmer – skovture, slagtning, sang og kortspil – knyttes Tine tæt til familien og til det trygge, selvberedte bondesamfund, hvor købstadsfolk om sommeren fylder gårdene og nyheder om kongens død og krigsindkaldelser først når sognet gennem aviserne.

Da Berg møder ind, forlader Marie og Herluf gården; Tine og de gamle tjenere flytter ind i det kolde ”blå kammer” for at holde huset klart. Snart ruller de første sårede vogne gennem landsbyen, og Dybbøls kanoner høres i det fjerne. Efter danskernes overraskende tilbagetrækning fra Dannevirke bryder fortvivlelsen løs: telegrammer læses højt, glas kastes mod kongebilledet, og biskop Dahl må bede om ro. Tine hjælper ved vejen med vand og trøst, indtil beskeden om Berg uskadt kommer hjem bringer kortvarig lettelse.

Berg vender tilbage til en overfyldt gård, men han er fraværende og tavs; kun om natten søger han Tine under Maries portræt. Mens faderen hjemme i Skolen gradvis mister forstanden og vil op i tårnet for at se ”jorden brænde”, fyldes Skovridergaarden af flygtninge, og Tine går mellem dem med mælk og brød. Efter nederlaget ved Als vandrer hun ud for at møde de hjemvendte soldater, men Berg passerer hende uden at se; hun dækker bord med stjernedug og hans livret, men han spiser uden appetit og forsvinder igen blandt officerer.

I Skolestuen dør den unge Appel i sin mors arme; Tine hjælper til, mens kanonerne tier og nye rekrutter synger. Hun bliver tilbage i det tomme hus, hvor minder, jagthunde og den stadig mere fraværende Berg er de eneste rester af den verden, krigen har revet itu. [Relevance]",2
"Summary #2

Handlingen udspiller sig i et jysk landsbysogn i tiden lige før og under første del af Treårskrigen 1864. Tine Bølling, degnedatter fra Skolen ved kirken, følger livet på den nærliggende Skovridergaard, hvor den unge skovrider H.R. Berg bor med sin livlige hustru Marie og deres lille søn Herluf. Gennem hverdagens rytmer – skovture, slagtning, sang og kortspil – knyttes Tine tæt til familien og til det trygge, selvberedte bondesamfund, hvor købstadsfolk om sommeren fylder gårdene og nyheder om kongens død og krigsindkaldelser først når sognet gennem aviserne.

Da Berg møder ind, forlader Marie og Herluf gården; Tine og de gamle tjenere flytter ind i det kolde ”blå kammer” for at holde huset klart. Snart ruller de første sårede vogne gennem landsbyen, og Dybbøls kanoner høres i det fjerne. Efter danskernes overraskende tilbagetrækning fra Dannevirke bryder fortvivlelsen løs: telegrammer læses højt, glas kastes mod kongebilledet, og biskop Dahl må bede om ro. Tine hjælper ved vejen med vand og trøst, indtil beskeden om Berg uskadt kommer hjem bringer kortvarig lettelse.

Berg vender tilbage til en overfyldt gård, men han er fraværende og tavs; kun om natten søger han Tine under Maries portræt. Mens faderen hjemme i Skolen gradvis mister forstanden og vil op i tårnet for at se ”jorden brænde”, fyldes Skovridergaarden af flygtninge, og Tine går mellem dem med mælk og brød. Efter nederlaget ved Als vandrer hun ud for at møde de hjemvendte soldater, men Berg passerer hende uden at se; hun dækker bord med stjernedug og hans livret, men han spiser uden appetit og forsvinder igen blandt officerer.

I Skolestuen dør den unge Appel i sin mors arme; Tine hjælper til, mens kanonerne tier og nye rekrutter synger. Hun bliver tilbage i det tomme hus, hvor minder, jagthunde og den stadig mere fraværende Berg er de eneste rester af den verden, krigen har revet itu. [Factuality]",3
"Summary #2

Handlingen udspiller sig i et jysk landsbysogn i tiden lige før og under første del af Treårskrigen 1864. Tine Bølling, degnedatter fra Skolen ved kirken, følger livet på den nærliggende Skovridergaard, hvor den unge skovrider H.R. Berg bor med sin livlige hustru Marie og deres lille søn Herluf. Gennem hverdagens rytmer – skovture, slagtning, sang og kortspil – knyttes Tine tæt til familien og til det trygge, selvberedte bondesamfund, hvor købstadsfolk om sommeren fylder gårdene og nyheder om kongens død og krigsindkaldelser først når sognet gennem aviserne.

Da Berg møder ind, forlader Marie og Herluf gården; Tine og de gamle tjenere flytter ind i det kolde ”blå kammer” for at holde huset klart. Snart ruller de første sårede vogne gennem landsbyen, og Dybbøls kanoner høres i det fjerne. Efter danskernes overraskende tilbagetrækning fra Dannevirke bryder fortvivlelsen løs: telegrammer læses højt, glas kastes mod kongebilledet, og biskop Dahl må bede om ro. Tine hjælper ved vejen med vand og trøst, indtil beskeden om Berg uskadt kommer hjem bringer kortvarig lettelse.

Berg vender tilbage til en overfyldt gård, men han er fraværende og tavs; kun om natten søger han Tine under Maries portræt. Mens faderen hjemme i Skolen gradvis mister forstanden og vil op i tårnet for at se ”jorden brænde”, fyldes Skovridergaarden af flygtninge, og Tine går mellem dem med mælk og brød. Efter nederlaget ved Als vandrer hun ud for at møde de hjemvendte soldater, men Berg passerer hende uden at se; hun dækker bord med stjernedug og hans livret, men han spiser uden appetit og forsvinder igen blandt officerer.

I Skolestuen dør den unge Appel i sin mors arme; Tine hjælper til, mens kanonerne tier og nye rekrutter synger. Hun bliver tilbage i det tomme hus, hvor minder, jagthunde og den stadig mere fraværende Berg er de eneste rester af den verden, krigen har revet itu. [Time ]",3
"Summary #2

Handlingen udspiller sig i et jysk landsbysogn i tiden lige før og under første del af Treårskrigen 1864. Tine Bølling, degnedatter fra Skolen ved kirken, følger livet på den nærliggende Skovridergaard, hvor den unge skovrider H.R. Berg bor med sin livlige hustru Marie og deres lille søn Herluf. Gennem hverdagens rytmer – skovture, slagtning, sang og kortspil – knyttes Tine tæt til familien og til det trygge, selvberedte bondesamfund, hvor købstadsfolk om sommeren fylder gårdene og nyheder om kongens død og krigsindkaldelser først når sognet gennem aviserne.

Da Berg møder ind, forlader Marie og Herluf gården; Tine og de gamle tjenere flytter ind i det kolde ”blå kammer” for at holde huset klart. Snart ruller de første sårede vogne gennem landsbyen, og Dybbøls kanoner høres i det fjerne. Efter danskernes overraskende tilbagetrækning fra Dannevirke bryder fortvivlelsen løs: telegrammer læses højt, glas kastes mod kongebilledet, og biskop Dahl må bede om ro. Tine hjælper ved vejen med vand og trøst, indtil beskeden om Berg uskadt kommer hjem bringer kortvarig lettelse.

Berg vender tilbage til en overfyldt gård, men han er fraværende og tavs; kun om natten søger han Tine under Maries portræt. Mens faderen hjemme i Skolen gradvis mister forstanden og vil op i tårnet for at se ”jorden brænde”, fyldes Skovridergaarden af flygtninge, og Tine går mellem dem med mælk og brød. Efter nederlaget ved Als vandrer hun ud for at møde de hjemvendte soldater, men Berg passerer hende uden at se; hun dækker bord med stjernedug og hans livret, men han spiser uden appetit og forsvinder igen blandt officerer.

I Skolestuen dør den unge Appel i sin mors arme; Tine hjælper til, mens kanonerne tier og nye rekrutter synger. Hun bliver tilbage i det tomme hus, hvor minder, jagthunde og den stadig mere fraværende Berg er de eneste rester af den verden, krigen har revet itu. [Place]",4
"Summary #2

Handlingen udspiller sig i et jysk landsbysogn i tiden lige før og under første del af Treårskrigen 1864. Tine Bølling, degnedatter fra Skolen ved kirken, følger livet på den nærliggende Skovridergaard, hvor den unge skovrider H.R. Berg bor med sin livlige hustru Marie og deres lille søn Herluf. Gennem hverdagens rytmer – skovture, slagtning, sang og kortspil – knyttes Tine tæt til familien og til det trygge, selvberedte bondesamfund, hvor købstadsfolk om sommeren fylder gårdene og nyheder om kongens død og krigsindkaldelser først når sognet gennem aviserne.

Da Berg møder ind, forlader Marie og Herluf gården; Tine og de gamle tjenere flytter ind i det kolde ”blå kammer” for at holde huset klart. Snart ruller de første sårede vogne gennem landsbyen, og Dybbøls kanoner høres i det fjerne. Efter danskernes overraskende tilbagetrækning fra Dannevirke bryder fortvivlelsen løs: telegrammer læses højt, glas kastes mod kongebilledet, og biskop Dahl må bede om ro. Tine hjælper ved vejen med vand og trøst, indtil beskeden om Berg uskadt kommer hjem bringer kortvarig lettelse.

Berg vender tilbage til en overfyldt gård, men han er fraværende og tavs; kun om natten søger han Tine under Maries portræt. Mens faderen hjemme i Skolen gradvis mister forstanden og vil op i tårnet for at se ”jorden brænde”, fyldes Skovridergaarden af flygtninge, og Tine går mellem dem med mælk og brød. Efter nederlaget ved Als vandrer hun ud for at møde de hjemvendte soldater, men Berg passerer hende uden at se; hun dækker bord med stjernedug og hans livret, men han spiser uden appetit og forsvinder igen blandt officerer.

I Skolestuen dør den unge Appel i sin mors arme; Tine hjælper til, mens kanonerne tier og nye rekrutter synger. Hun bliver tilbage i det tomme hus, hvor minder, jagthunde og den stadig mere fraværende Berg er de eneste rester af den verden, krigen har revet itu. [Characters]",3
"Summary #2

Handlingen udspiller sig i et jysk landsbysogn i tiden lige før og under første del af Treårskrigen 1864. Tine Bølling, degnedatter fra Skolen ved kirken, følger livet på den nærliggende Skovridergaard, hvor den unge skovrider H.R. Berg bor med sin livlige hustru Marie og deres lille søn Herluf. Gennem hverdagens rytmer – skovture, slagtning, sang og kortspil – knyttes Tine tæt til familien og til det trygge, selvberedte bondesamfund, hvor købstadsfolk om sommeren fylder gårdene og nyheder om kongens død og krigsindkaldelser først når sognet gennem aviserne.

Da Berg møder ind, forlader Marie og Herluf gården; Tine og de gamle tjenere flytter ind i det kolde ”blå kammer” for at holde huset klart. Snart ruller de første sårede vogne gennem landsbyen, og Dybbøls kanoner høres i det fjerne. Efter danskernes overraskende tilbagetrækning fra Dannevirke bryder fortvivlelsen løs: telegrammer læses højt, glas kastes mod kongebilledet, og biskop Dahl må bede om ro. Tine hjælper ved vejen med vand og trøst, indtil beskeden om Berg uskadt kommer hjem bringer kortvarig lettelse.

Berg vender tilbage til en overfyldt gård, men han er fraværende og tavs; kun om natten søger han Tine under Maries portræt. Mens faderen hjemme i Skolen gradvis mister forstanden og vil op i tårnet for at se ”jorden brænde”, fyldes Skovridergaarden af flygtninge, og Tine går mellem dem med mælk og brød. Efter nederlaget ved Als vandrer hun ud for at møde de hjemvendte soldater, men Berg passerer hende uden at se; hun dækker bord med stjernedug og hans livret, men han spiser uden appetit og forsvinder igen blandt officerer.

I Skolestuen dør den unge Appel i sin mors arme; Tine hjælper til, mens kanonerne tier og nye rekrutter synger. Hun bliver tilbage i det tomme hus, hvor minder, jagthunde og den stadig mere fraværende Berg er de eneste rester af den verden, krigen har revet itu. [Plot]",2
"Summary #2

Handlingen udspiller sig i et jysk landsbysogn i tiden lige før og under første del af Treårskrigen 1864. Tine Bølling, degnedatter fra Skolen ved kirken, følger livet på den nærliggende Skovridergaard, hvor den unge skovrider H.R. Berg bor med sin livlige hustru Marie og deres lille søn Herluf. Gennem hverdagens rytmer – skovture, slagtning, sang og kortspil – knyttes Tine tæt til familien og til det trygge, selvberedte bondesamfund, hvor købstadsfolk om sommeren fylder gårdene og nyheder om kongens død og krigsindkaldelser først når sognet gennem aviserne.

Da Berg møder ind, forlader Marie og Herluf gården; Tine og de gamle tjenere flytter ind i det kolde ”blå kammer” for at holde huset klart. Snart ruller de første sårede vogne gennem landsbyen, og Dybbøls kanoner høres i det fjerne. Efter danskernes overraskende tilbagetrækning fra Dannevirke bryder fortvivlelsen løs: telegrammer læses højt, glas kastes mod kongebilledet, og biskop Dahl må bede om ro. Tine hjælper ved vejen med vand og trøst, indtil beskeden om Berg uskadt kommer hjem bringer kortvarig lettelse.

Berg vender tilbage til en overfyldt gård, men han er fraværende og tavs; kun om natten søger han Tine under Maries portræt. Mens faderen hjemme i Skolen gradvis mister forstanden og vil op i tårnet for at se ”jorden brænde”, fyldes Skovridergaarden af flygtninge, og Tine går mellem dem med mælk og brød. Efter nederlaget ved Als vandrer hun ud for at møde de hjemvendte soldater, men Berg passerer hende uden at se; hun dækker bord med stjernedug og hans livret, men han spiser uden appetit og forsvinder igen blandt officerer.

I Skolestuen dør den unge Appel i sin mors arme; Tine hjælper til, mens kanonerne tier og nye rekrutter synger. Hun bliver tilbage i det tomme hus, hvor minder, jagthunde og den stadig mere fraværende Berg er de eneste rester af den verden, krigen har revet itu. [Themes]",2
"Summary #3

Handlingen foregår på Als i Sønderjylland under krigen i 1864, med omdrejningspunkt i og omkring degneboligen og skolen, kirken og kirkegården, kroen og Skovridergården samt veje, marker og skove tæt ved Dybbølstillingen; Ulkebøl optræder, og Sønderborg omtales. Hovedpersonen er Tine Bølling, degnens datter, som i længere tid har haft sin daglige gang på Skovridergården hos skovrider og løjtnant Henrik Berg, hans hustru Marie (Fru Berg) og deres lille søn Herluf. Omkring dem ses bl.a. de gamle Bøllings, tjenestefolk som Sofie og Maren, krofolkene Madam Henrichsen og datteren Tinka, den énarmede baron Staub, provsten og andre præster samt biskoppen, doktor Fangel og flere officerer, herunder sekondløjtnant Appel og løjtnant Løvenhjelm, samt tilrejsende korrespondenter.

Da krigen nærmer sig øen, sendes Fru Berg og Herluf bort i nat og storm, og Skovridergården ryddes delvist, mens Tine og Sofie forsøger at holde stedet i gang. I “Dannevirkedagene” samles lokale og tilrejsende i en patriotisk stemning hos baron Staub, men den bryder sammen, da degn Bølling bringer telegrammet om, at hæren har forladt Dannevirke. Efter tilbagetoget præges hverdagen af indkvartering, forplejning, alarmer og vedvarende bombardement; lange tog af sårede passerer, og Tine engageres i hjælpearbejdet, bl.a. ved at indrette et sygested i skolen. Her ligger Appel dødeligt såret, og Tine er til stede ved hans død.

Samtidig skærpes Tines tilknytning til Berg under fruens fravær. Efter en voldsom officersfest tiltager nedslidningen, og degn Bølling bliver mere syg og forvirret; lægen omtaler en blodknude på hjernen. Under et natligt anfald vil han op i kirketårnet for at se “hvordan jorden brænder”, og Tine, moderen og Tinka følger ham gennem uvejr, mens brande og granater ses i det fjerne. Ved tårnet kysser Berg Tine i skjul og fører hende siden til Skovridergården, hvor han tager hende. Dagen efter passerer regimentet uden at han ser hende, og da han senere kommer til hendes kammer, oplever hun mødet som “koldt og dødt”.

Rygter om rømning og krigens ødelæggelser kulminerer, da Tine og Berg ser et hærget landskab; Berg plages af skyld og skriver et langt, ømt brev til sin hustru. Da Tine læser et brev til Fru Berg, forstår hun, at han kun tog hende “for ét nu”. Efter en samtale på kirkegården, hvor en stabsofficer siger, at man vil blive, stormes Dybbøl. Tine søger Berg gennem en lammet, død landsby, går via Ulkebøl til kirken, hvor lig ligger i koret, og føres af hundene Ajax og Hektor til en gård, hvor Berg ligger døende; han kalder på Marie og Herluf og kender ikke Tine, som bliver hos ham.

Kort efter forsvinder Tine, og i degneboligen bryder Madam Bølling sammen. Hun ledes mod Skovridergården, hvor mistanken bliver til erkendelsen af, at Berg har “taget” hendes barn; i de øde stuer veksler hun mellem forbandelse, jammer og bøn. En eftersøgning sættes i gang; Tines sko findes i græsset, og hendes lig trækkes op af mudderet ved bredden. Tinka og Maren lægger hende i et kammer med foldede hænder på sengen under Fru Bergs billede, mens vand og dynd siver ind. Moderen hvisker ømt og vil have Tine “hjem”, og liget bæres tilbage til skolen.

I skolen samles folk efter Dybbøldagen, og præsterne ankommer; selvmordet i en degnegård gør dem utilpasse, og provsten søger at forklare døden som sindsforvirring og prøvelse, samtidig med at han taler om hærens bevægelser, konferencen i London og “nationens værdighed”. Klokkerne ringer til Appels begravelse; Fru Appel spørger uden synlig reaktion til Tines død. Biskoppen kommer siden til skolen, møder Madam Bølling mildt, står længe i andagt ved Tines seng og beder om tilgivelse “os alle”, og på moderens spørgsmål fastslår han, at klokkerne bør ringe for Tine “sidste gang”. Fortællingen fastholder krigens gennemgribende ødelæggelse af hverdagsliv og relationer og viser, hvordan skam, skyld og sorg udfolder sig i et lokalsamfund under sammenbrud. [Fluency]",5
"Summary #3

Handlingen foregår på Als i Sønderjylland under krigen i 1864, med omdrejningspunkt i og omkring degneboligen og skolen, kirken og kirkegården, kroen og Skovridergården samt veje, marker og skove tæt ved Dybbølstillingen; Ulkebøl optræder, og Sønderborg omtales. Hovedpersonen er Tine Bølling, degnens datter, som i længere tid har haft sin daglige gang på Skovridergården hos skovrider og løjtnant Henrik Berg, hans hustru Marie (Fru Berg) og deres lille søn Herluf. Omkring dem ses bl.a. de gamle Bøllings, tjenestefolk som Sofie og Maren, krofolkene Madam Henrichsen og datteren Tinka, den énarmede baron Staub, provsten og andre præster samt biskoppen, doktor Fangel og flere officerer, herunder sekondløjtnant Appel og løjtnant Løvenhjelm, samt tilrejsende korrespondenter.

Da krigen nærmer sig øen, sendes Fru Berg og Herluf bort i nat og storm, og Skovridergården ryddes delvist, mens Tine og Sofie forsøger at holde stedet i gang. I “Dannevirkedagene” samles lokale og tilrejsende i en patriotisk stemning hos baron Staub, men den bryder sammen, da degn Bølling bringer telegrammet om, at hæren har forladt Dannevirke. Efter tilbagetoget præges hverdagen af indkvartering, forplejning, alarmer og vedvarende bombardement; lange tog af sårede passerer, og Tine engageres i hjælpearbejdet, bl.a. ved at indrette et sygested i skolen. Her ligger Appel dødeligt såret, og Tine er til stede ved hans død.

Samtidig skærpes Tines tilknytning til Berg under fruens fravær. Efter en voldsom officersfest tiltager nedslidningen, og degn Bølling bliver mere syg og forvirret; lægen omtaler en blodknude på hjernen. Under et natligt anfald vil han op i kirketårnet for at se “hvordan jorden brænder”, og Tine, moderen og Tinka følger ham gennem uvejr, mens brande og granater ses i det fjerne. Ved tårnet kysser Berg Tine i skjul og fører hende siden til Skovridergården, hvor han tager hende. Dagen efter passerer regimentet uden at han ser hende, og da han senere kommer til hendes kammer, oplever hun mødet som “koldt og dødt”.

Rygter om rømning og krigens ødelæggelser kulminerer, da Tine og Berg ser et hærget landskab; Berg plages af skyld og skriver et langt, ømt brev til sin hustru. Da Tine læser et brev til Fru Berg, forstår hun, at han kun tog hende “for ét nu”. Efter en samtale på kirkegården, hvor en stabsofficer siger, at man vil blive, stormes Dybbøl. Tine søger Berg gennem en lammet, død landsby, går via Ulkebøl til kirken, hvor lig ligger i koret, og føres af hundene Ajax og Hektor til en gård, hvor Berg ligger døende; han kalder på Marie og Herluf og kender ikke Tine, som bliver hos ham.

Kort efter forsvinder Tine, og i degneboligen bryder Madam Bølling sammen. Hun ledes mod Skovridergården, hvor mistanken bliver til erkendelsen af, at Berg har “taget” hendes barn; i de øde stuer veksler hun mellem forbandelse, jammer og bøn. En eftersøgning sættes i gang; Tines sko findes i græsset, og hendes lig trækkes op af mudderet ved bredden. Tinka og Maren lægger hende i et kammer med foldede hænder på sengen under Fru Bergs billede, mens vand og dynd siver ind. Moderen hvisker ømt og vil have Tine “hjem”, og liget bæres tilbage til skolen.

I skolen samles folk efter Dybbøldagen, og præsterne ankommer; selvmordet i en degnegård gør dem utilpasse, og provsten søger at forklare døden som sindsforvirring og prøvelse, samtidig med at han taler om hærens bevægelser, konferencen i London og “nationens værdighed”. Klokkerne ringer til Appels begravelse; Fru Appel spørger uden synlig reaktion til Tines død. Biskoppen kommer siden til skolen, møder Madam Bølling mildt, står længe i andagt ved Tines seng og beder om tilgivelse “os alle”, og på moderens spørgsmål fastslår han, at klokkerne bør ringe for Tine “sidste gang”. Fortællingen fastholder krigens gennemgribende ødelæggelse af hverdagsliv og relationer og viser, hvordan skam, skyld og sorg udfolder sig i et lokalsamfund under sammenbrud. [Coherence]",5
"Summary #3

Handlingen foregår på Als i Sønderjylland under krigen i 1864, med omdrejningspunkt i og omkring degneboligen og skolen, kirken og kirkegården, kroen og Skovridergården samt veje, marker og skove tæt ved Dybbølstillingen; Ulkebøl optræder, og Sønderborg omtales. Hovedpersonen er Tine Bølling, degnens datter, som i længere tid har haft sin daglige gang på Skovridergården hos skovrider og løjtnant Henrik Berg, hans hustru Marie (Fru Berg) og deres lille søn Herluf. Omkring dem ses bl.a. de gamle Bøllings, tjenestefolk som Sofie og Maren, krofolkene Madam Henrichsen og datteren Tinka, den énarmede baron Staub, provsten og andre præster samt biskoppen, doktor Fangel og flere officerer, herunder sekondløjtnant Appel og løjtnant Løvenhjelm, samt tilrejsende korrespondenter.

Da krigen nærmer sig øen, sendes Fru Berg og Herluf bort i nat og storm, og Skovridergården ryddes delvist, mens Tine og Sofie forsøger at holde stedet i gang. I “Dannevirkedagene” samles lokale og tilrejsende i en patriotisk stemning hos baron Staub, men den bryder sammen, da degn Bølling bringer telegrammet om, at hæren har forladt Dannevirke. Efter tilbagetoget præges hverdagen af indkvartering, forplejning, alarmer og vedvarende bombardement; lange tog af sårede passerer, og Tine engageres i hjælpearbejdet, bl.a. ved at indrette et sygested i skolen. Her ligger Appel dødeligt såret, og Tine er til stede ved hans død.

Samtidig skærpes Tines tilknytning til Berg under fruens fravær. Efter en voldsom officersfest tiltager nedslidningen, og degn Bølling bliver mere syg og forvirret; lægen omtaler en blodknude på hjernen. Under et natligt anfald vil han op i kirketårnet for at se “hvordan jorden brænder”, og Tine, moderen og Tinka følger ham gennem uvejr, mens brande og granater ses i det fjerne. Ved tårnet kysser Berg Tine i skjul og fører hende siden til Skovridergården, hvor han tager hende. Dagen efter passerer regimentet uden at han ser hende, og da han senere kommer til hendes kammer, oplever hun mødet som “koldt og dødt”.

Rygter om rømning og krigens ødelæggelser kulminerer, da Tine og Berg ser et hærget landskab; Berg plages af skyld og skriver et langt, ømt brev til sin hustru. Da Tine læser et brev til Fru Berg, forstår hun, at han kun tog hende “for ét nu”. Efter en samtale på kirkegården, hvor en stabsofficer siger, at man vil blive, stormes Dybbøl. Tine søger Berg gennem en lammet, død landsby, går via Ulkebøl til kirken, hvor lig ligger i koret, og føres af hundene Ajax og Hektor til en gård, hvor Berg ligger døende; han kalder på Marie og Herluf og kender ikke Tine, som bliver hos ham.

Kort efter forsvinder Tine, og i degneboligen bryder Madam Bølling sammen. Hun ledes mod Skovridergården, hvor mistanken bliver til erkendelsen af, at Berg har “taget” hendes barn; i de øde stuer veksler hun mellem forbandelse, jammer og bøn. En eftersøgning sættes i gang; Tines sko findes i græsset, og hendes lig trækkes op af mudderet ved bredden. Tinka og Maren lægger hende i et kammer med foldede hænder på sengen under Fru Bergs billede, mens vand og dynd siver ind. Moderen hvisker ømt og vil have Tine “hjem”, og liget bæres tilbage til skolen.

I skolen samles folk efter Dybbøldagen, og præsterne ankommer; selvmordet i en degnegård gør dem utilpasse, og provsten søger at forklare døden som sindsforvirring og prøvelse, samtidig med at han taler om hærens bevægelser, konferencen i London og “nationens værdighed”. Klokkerne ringer til Appels begravelse; Fru Appel spørger uden synlig reaktion til Tines død. Biskoppen kommer siden til skolen, møder Madam Bølling mildt, står længe i andagt ved Tines seng og beder om tilgivelse “os alle”, og på moderens spørgsmål fastslår han, at klokkerne bør ringe for Tine “sidste gang”. Fortællingen fastholder krigens gennemgribende ødelæggelse af hverdagsliv og relationer og viser, hvordan skam, skyld og sorg udfolder sig i et lokalsamfund under sammenbrud. [Relevance]",4
"Summary #3

Handlingen foregår på Als i Sønderjylland under krigen i 1864, med omdrejningspunkt i og omkring degneboligen og skolen, kirken og kirkegården, kroen og Skovridergården samt veje, marker og skove tæt ved Dybbølstillingen; Ulkebøl optræder, og Sønderborg omtales. Hovedpersonen er Tine Bølling, degnens datter, som i længere tid har haft sin daglige gang på Skovridergården hos skovrider og løjtnant Henrik Berg, hans hustru Marie (Fru Berg) og deres lille søn Herluf. Omkring dem ses bl.a. de gamle Bøllings, tjenestefolk som Sofie og Maren, krofolkene Madam Henrichsen og datteren Tinka, den énarmede baron Staub, provsten og andre præster samt biskoppen, doktor Fangel og flere officerer, herunder sekondløjtnant Appel og løjtnant Løvenhjelm, samt tilrejsende korrespondenter.

Da krigen nærmer sig øen, sendes Fru Berg og Herluf bort i nat og storm, og Skovridergården ryddes delvist, mens Tine og Sofie forsøger at holde stedet i gang. I “Dannevirkedagene” samles lokale og tilrejsende i en patriotisk stemning hos baron Staub, men den bryder sammen, da degn Bølling bringer telegrammet om, at hæren har forladt Dannevirke. Efter tilbagetoget præges hverdagen af indkvartering, forplejning, alarmer og vedvarende bombardement; lange tog af sårede passerer, og Tine engageres i hjælpearbejdet, bl.a. ved at indrette et sygested i skolen. Her ligger Appel dødeligt såret, og Tine er til stede ved hans død.

Samtidig skærpes Tines tilknytning til Berg under fruens fravær. Efter en voldsom officersfest tiltager nedslidningen, og degn Bølling bliver mere syg og forvirret; lægen omtaler en blodknude på hjernen. Under et natligt anfald vil han op i kirketårnet for at se “hvordan jorden brænder”, og Tine, moderen og Tinka følger ham gennem uvejr, mens brande og granater ses i det fjerne. Ved tårnet kysser Berg Tine i skjul og fører hende siden til Skovridergården, hvor han tager hende. Dagen efter passerer regimentet uden at han ser hende, og da han senere kommer til hendes kammer, oplever hun mødet som “koldt og dødt”.

Rygter om rømning og krigens ødelæggelser kulminerer, da Tine og Berg ser et hærget landskab; Berg plages af skyld og skriver et langt, ømt brev til sin hustru. Da Tine læser et brev til Fru Berg, forstår hun, at han kun tog hende “for ét nu”. Efter en samtale på kirkegården, hvor en stabsofficer siger, at man vil blive, stormes Dybbøl. Tine søger Berg gennem en lammet, død landsby, går via Ulkebøl til kirken, hvor lig ligger i koret, og føres af hundene Ajax og Hektor til en gård, hvor Berg ligger døende; han kalder på Marie og Herluf og kender ikke Tine, som bliver hos ham.

Kort efter forsvinder Tine, og i degneboligen bryder Madam Bølling sammen. Hun ledes mod Skovridergården, hvor mistanken bliver til erkendelsen af, at Berg har “taget” hendes barn; i de øde stuer veksler hun mellem forbandelse, jammer og bøn. En eftersøgning sættes i gang; Tines sko findes i græsset, og hendes lig trækkes op af mudderet ved bredden. Tinka og Maren lægger hende i et kammer med foldede hænder på sengen under Fru Bergs billede, mens vand og dynd siver ind. Moderen hvisker ømt og vil have Tine “hjem”, og liget bæres tilbage til skolen.

I skolen samles folk efter Dybbøldagen, og præsterne ankommer; selvmordet i en degnegård gør dem utilpasse, og provsten søger at forklare døden som sindsforvirring og prøvelse, samtidig med at han taler om hærens bevægelser, konferencen i London og “nationens værdighed”. Klokkerne ringer til Appels begravelse; Fru Appel spørger uden synlig reaktion til Tines død. Biskoppen kommer siden til skolen, møder Madam Bølling mildt, står længe i andagt ved Tines seng og beder om tilgivelse “os alle”, og på moderens spørgsmål fastslår han, at klokkerne bør ringe for Tine “sidste gang”. Fortællingen fastholder krigens gennemgribende ødelæggelse af hverdagsliv og relationer og viser, hvordan skam, skyld og sorg udfolder sig i et lokalsamfund under sammenbrud. [Factuality]",5
"Summary #3

Handlingen foregår på Als i Sønderjylland under krigen i 1864, med omdrejningspunkt i og omkring degneboligen og skolen, kirken og kirkegården, kroen og Skovridergården samt veje, marker og skove tæt ved Dybbølstillingen; Ulkebøl optræder, og Sønderborg omtales. Hovedpersonen er Tine Bølling, degnens datter, som i længere tid har haft sin daglige gang på Skovridergården hos skovrider og løjtnant Henrik Berg, hans hustru Marie (Fru Berg) og deres lille søn Herluf. Omkring dem ses bl.a. de gamle Bøllings, tjenestefolk som Sofie og Maren, krofolkene Madam Henrichsen og datteren Tinka, den énarmede baron Staub, provsten og andre præster samt biskoppen, doktor Fangel og flere officerer, herunder sekondløjtnant Appel og løjtnant Løvenhjelm, samt tilrejsende korrespondenter.

Da krigen nærmer sig øen, sendes Fru Berg og Herluf bort i nat og storm, og Skovridergården ryddes delvist, mens Tine og Sofie forsøger at holde stedet i gang. I “Dannevirkedagene” samles lokale og tilrejsende i en patriotisk stemning hos baron Staub, men den bryder sammen, da degn Bølling bringer telegrammet om, at hæren har forladt Dannevirke. Efter tilbagetoget præges hverdagen af indkvartering, forplejning, alarmer og vedvarende bombardement; lange tog af sårede passerer, og Tine engageres i hjælpearbejdet, bl.a. ved at indrette et sygested i skolen. Her ligger Appel dødeligt såret, og Tine er til stede ved hans død.

Samtidig skærpes Tines tilknytning til Berg under fruens fravær. Efter en voldsom officersfest tiltager nedslidningen, og degn Bølling bliver mere syg og forvirret; lægen omtaler en blodknude på hjernen. Under et natligt anfald vil han op i kirketårnet for at se “hvordan jorden brænder”, og Tine, moderen og Tinka følger ham gennem uvejr, mens brande og granater ses i det fjerne. Ved tårnet kysser Berg Tine i skjul og fører hende siden til Skovridergården, hvor han tager hende. Dagen efter passerer regimentet uden at han ser hende, og da han senere kommer til hendes kammer, oplever hun mødet som “koldt og dødt”.

Rygter om rømning og krigens ødelæggelser kulminerer, da Tine og Berg ser et hærget landskab; Berg plages af skyld og skriver et langt, ømt brev til sin hustru. Da Tine læser et brev til Fru Berg, forstår hun, at han kun tog hende “for ét nu”. Efter en samtale på kirkegården, hvor en stabsofficer siger, at man vil blive, stormes Dybbøl. Tine søger Berg gennem en lammet, død landsby, går via Ulkebøl til kirken, hvor lig ligger i koret, og føres af hundene Ajax og Hektor til en gård, hvor Berg ligger døende; han kalder på Marie og Herluf og kender ikke Tine, som bliver hos ham.

Kort efter forsvinder Tine, og i degneboligen bryder Madam Bølling sammen. Hun ledes mod Skovridergården, hvor mistanken bliver til erkendelsen af, at Berg har “taget” hendes barn; i de øde stuer veksler hun mellem forbandelse, jammer og bøn. En eftersøgning sættes i gang; Tines sko findes i græsset, og hendes lig trækkes op af mudderet ved bredden. Tinka og Maren lægger hende i et kammer med foldede hænder på sengen under Fru Bergs billede, mens vand og dynd siver ind. Moderen hvisker ømt og vil have Tine “hjem”, og liget bæres tilbage til skolen.

I skolen samles folk efter Dybbøldagen, og præsterne ankommer; selvmordet i en degnegård gør dem utilpasse, og provsten søger at forklare døden som sindsforvirring og prøvelse, samtidig med at han taler om hærens bevægelser, konferencen i London og “nationens værdighed”. Klokkerne ringer til Appels begravelse; Fru Appel spørger uden synlig reaktion til Tines død. Biskoppen kommer siden til skolen, møder Madam Bølling mildt, står længe i andagt ved Tines seng og beder om tilgivelse “os alle”, og på moderens spørgsmål fastslår han, at klokkerne bør ringe for Tine “sidste gang”. Fortællingen fastholder krigens gennemgribende ødelæggelse af hverdagsliv og relationer og viser, hvordan skam, skyld og sorg udfolder sig i et lokalsamfund under sammenbrud. [Time]",5
"Summary #3

Handlingen foregår på Als i Sønderjylland under krigen i 1864, med omdrejningspunkt i og omkring degneboligen og skolen, kirken og kirkegården, kroen og Skovridergården samt veje, marker og skove tæt ved Dybbølstillingen; Ulkebøl optræder, og Sønderborg omtales. Hovedpersonen er Tine Bølling, degnens datter, som i længere tid har haft sin daglige gang på Skovridergården hos skovrider og løjtnant Henrik Berg, hans hustru Marie (Fru Berg) og deres lille søn Herluf. Omkring dem ses bl.a. de gamle Bøllings, tjenestefolk som Sofie og Maren, krofolkene Madam Henrichsen og datteren Tinka, den énarmede baron Staub, provsten og andre præster samt biskoppen, doktor Fangel og flere officerer, herunder sekondløjtnant Appel og løjtnant Løvenhjelm, samt tilrejsende korrespondenter.

Da krigen nærmer sig øen, sendes Fru Berg og Herluf bort i nat og storm, og Skovridergården ryddes delvist, mens Tine og Sofie forsøger at holde stedet i gang. I “Dannevirkedagene” samles lokale og tilrejsende i en patriotisk stemning hos baron Staub, men den bryder sammen, da degn Bølling bringer telegrammet om, at hæren har forladt Dannevirke. Efter tilbagetoget præges hverdagen af indkvartering, forplejning, alarmer og vedvarende bombardement; lange tog af sårede passerer, og Tine engageres i hjælpearbejdet, bl.a. ved at indrette et sygested i skolen. Her ligger Appel dødeligt såret, og Tine er til stede ved hans død.

Samtidig skærpes Tines tilknytning til Berg under fruens fravær. Efter en voldsom officersfest tiltager nedslidningen, og degn Bølling bliver mere syg og forvirret; lægen omtaler en blodknude på hjernen. Under et natligt anfald vil han op i kirketårnet for at se “hvordan jorden brænder”, og Tine, moderen og Tinka følger ham gennem uvejr, mens brande og granater ses i det fjerne. Ved tårnet kysser Berg Tine i skjul og fører hende siden til Skovridergården, hvor han tager hende. Dagen efter passerer regimentet uden at han ser hende, og da han senere kommer til hendes kammer, oplever hun mødet som “koldt og dødt”.

Rygter om rømning og krigens ødelæggelser kulminerer, da Tine og Berg ser et hærget landskab; Berg plages af skyld og skriver et langt, ømt brev til sin hustru. Da Tine læser et brev til Fru Berg, forstår hun, at han kun tog hende “for ét nu”. Efter en samtale på kirkegården, hvor en stabsofficer siger, at man vil blive, stormes Dybbøl. Tine søger Berg gennem en lammet, død landsby, går via Ulkebøl til kirken, hvor lig ligger i koret, og føres af hundene Ajax og Hektor til en gård, hvor Berg ligger døende; han kalder på Marie og Herluf og kender ikke Tine, som bliver hos ham.

Kort efter forsvinder Tine, og i degneboligen bryder Madam Bølling sammen. Hun ledes mod Skovridergården, hvor mistanken bliver til erkendelsen af, at Berg har “taget” hendes barn; i de øde stuer veksler hun mellem forbandelse, jammer og bøn. En eftersøgning sættes i gang; Tines sko findes i græsset, og hendes lig trækkes op af mudderet ved bredden. Tinka og Maren lægger hende i et kammer med foldede hænder på sengen under Fru Bergs billede, mens vand og dynd siver ind. Moderen hvisker ømt og vil have Tine “hjem”, og liget bæres tilbage til skolen.

I skolen samles folk efter Dybbøldagen, og præsterne ankommer; selvmordet i en degnegård gør dem utilpasse, og provsten søger at forklare døden som sindsforvirring og prøvelse, samtidig med at han taler om hærens bevægelser, konferencen i London og “nationens værdighed”. Klokkerne ringer til Appels begravelse; Fru Appel spørger uden synlig reaktion til Tines død. Biskoppen kommer siden til skolen, møder Madam Bølling mildt, står længe i andagt ved Tines seng og beder om tilgivelse “os alle”, og på moderens spørgsmål fastslår han, at klokkerne bør ringe for Tine “sidste gang”. Fortællingen fastholder krigens gennemgribende ødelæggelse af hverdagsliv og relationer og viser, hvordan skam, skyld og sorg udfolder sig i et lokalsamfund under sammenbrud. [Place]",5
"Summary #3

Handlingen foregår på Als i Sønderjylland under krigen i 1864, med omdrejningspunkt i og omkring degneboligen og skolen, kirken og kirkegården, kroen og Skovridergården samt veje, marker og skove tæt ved Dybbølstillingen; Ulkebøl optræder, og Sønderborg omtales. Hovedpersonen er Tine Bølling, degnens datter, som i længere tid har haft sin daglige gang på Skovridergården hos skovrider og løjtnant Henrik Berg, hans hustru Marie (Fru Berg) og deres lille søn Herluf. Omkring dem ses bl.a. de gamle Bøllings, tjenestefolk som Sofie og Maren, krofolkene Madam Henrichsen og datteren Tinka, den énarmede baron Staub, provsten og andre præster samt biskoppen, doktor Fangel og flere officerer, herunder sekondløjtnant Appel og løjtnant Løvenhjelm, samt tilrejsende korrespondenter.

Da krigen nærmer sig øen, sendes Fru Berg og Herluf bort i nat og storm, og Skovridergården ryddes delvist, mens Tine og Sofie forsøger at holde stedet i gang. I “Dannevirkedagene” samles lokale og tilrejsende i en patriotisk stemning hos baron Staub, men den bryder sammen, da degn Bølling bringer telegrammet om, at hæren har forladt Dannevirke. Efter tilbagetoget præges hverdagen af indkvartering, forplejning, alarmer og vedvarende bombardement; lange tog af sårede passerer, og Tine engageres i hjælpearbejdet, bl.a. ved at indrette et sygested i skolen. Her ligger Appel dødeligt såret, og Tine er til stede ved hans død.

Samtidig skærpes Tines tilknytning til Berg under fruens fravær. Efter en voldsom officersfest tiltager nedslidningen, og degn Bølling bliver mere syg og forvirret; lægen omtaler en blodknude på hjernen. Under et natligt anfald vil han op i kirketårnet for at se “hvordan jorden brænder”, og Tine, moderen og Tinka følger ham gennem uvejr, mens brande og granater ses i det fjerne. Ved tårnet kysser Berg Tine i skjul og fører hende siden til Skovridergården, hvor han tager hende. Dagen efter passerer regimentet uden at han ser hende, og da han senere kommer til hendes kammer, oplever hun mødet som “koldt og dødt”.

Rygter om rømning og krigens ødelæggelser kulminerer, da Tine og Berg ser et hærget landskab; Berg plages af skyld og skriver et langt, ømt brev til sin hustru. Da Tine læser et brev til Fru Berg, forstår hun, at han kun tog hende “for ét nu”. Efter en samtale på kirkegården, hvor en stabsofficer siger, at man vil blive, stormes Dybbøl. Tine søger Berg gennem en lammet, død landsby, går via Ulkebøl til kirken, hvor lig ligger i koret, og føres af hundene Ajax og Hektor til en gård, hvor Berg ligger døende; han kalder på Marie og Herluf og kender ikke Tine, som bliver hos ham.

Kort efter forsvinder Tine, og i degneboligen bryder Madam Bølling sammen. Hun ledes mod Skovridergården, hvor mistanken bliver til erkendelsen af, at Berg har “taget” hendes barn; i de øde stuer veksler hun mellem forbandelse, jammer og bøn. En eftersøgning sættes i gang; Tines sko findes i græsset, og hendes lig trækkes op af mudderet ved bredden. Tinka og Maren lægger hende i et kammer med foldede hænder på sengen under Fru Bergs billede, mens vand og dynd siver ind. Moderen hvisker ømt og vil have Tine “hjem”, og liget bæres tilbage til skolen.

I skolen samles folk efter Dybbøldagen, og præsterne ankommer; selvmordet i en degnegård gør dem utilpasse, og provsten søger at forklare døden som sindsforvirring og prøvelse, samtidig med at han taler om hærens bevægelser, konferencen i London og “nationens værdighed”. Klokkerne ringer til Appels begravelse; Fru Appel spørger uden synlig reaktion til Tines død. Biskoppen kommer siden til skolen, møder Madam Bølling mildt, står længe i andagt ved Tines seng og beder om tilgivelse “os alle”, og på moderens spørgsmål fastslår han, at klokkerne bør ringe for Tine “sidste gang”. Fortællingen fastholder krigens gennemgribende ødelæggelse af hverdagsliv og relationer og viser, hvordan skam, skyld og sorg udfolder sig i et lokalsamfund under sammenbrud. [Characters]",5
"Summary #3

Handlingen foregår på Als i Sønderjylland under krigen i 1864, med omdrejningspunkt i og omkring degneboligen og skolen, kirken og kirkegården, kroen og Skovridergården samt veje, marker og skove tæt ved Dybbølstillingen; Ulkebøl optræder, og Sønderborg omtales. Hovedpersonen er Tine Bølling, degnens datter, som i længere tid har haft sin daglige gang på Skovridergården hos skovrider og løjtnant Henrik Berg, hans hustru Marie (Fru Berg) og deres lille søn Herluf. Omkring dem ses bl.a. de gamle Bøllings, tjenestefolk som Sofie og Maren, krofolkene Madam Henrichsen og datteren Tinka, den énarmede baron Staub, provsten og andre præster samt biskoppen, doktor Fangel og flere officerer, herunder sekondløjtnant Appel og løjtnant Løvenhjelm, samt tilrejsende korrespondenter.

Da krigen nærmer sig øen, sendes Fru Berg og Herluf bort i nat og storm, og Skovridergården ryddes delvist, mens Tine og Sofie forsøger at holde stedet i gang. I “Dannevirkedagene” samles lokale og tilrejsende i en patriotisk stemning hos baron Staub, men den bryder sammen, da degn Bølling bringer telegrammet om, at hæren har forladt Dannevirke. Efter tilbagetoget præges hverdagen af indkvartering, forplejning, alarmer og vedvarende bombardement; lange tog af sårede passerer, og Tine engageres i hjælpearbejdet, bl.a. ved at indrette et sygested i skolen. Her ligger Appel dødeligt såret, og Tine er til stede ved hans død.

Samtidig skærpes Tines tilknytning til Berg under fruens fravær. Efter en voldsom officersfest tiltager nedslidningen, og degn Bølling bliver mere syg og forvirret; lægen omtaler en blodknude på hjernen. Under et natligt anfald vil han op i kirketårnet for at se “hvordan jorden brænder”, og Tine, moderen og Tinka følger ham gennem uvejr, mens brande og granater ses i det fjerne. Ved tårnet kysser Berg Tine i skjul og fører hende siden til Skovridergården, hvor han tager hende. Dagen efter passerer regimentet uden at han ser hende, og da han senere kommer til hendes kammer, oplever hun mødet som “koldt og dødt”.

Rygter om rømning og krigens ødelæggelser kulminerer, da Tine og Berg ser et hærget landskab; Berg plages af skyld og skriver et langt, ømt brev til sin hustru. Da Tine læser et brev til Fru Berg, forstår hun, at han kun tog hende “for ét nu”. Efter en samtale på kirkegården, hvor en stabsofficer siger, at man vil blive, stormes Dybbøl. Tine søger Berg gennem en lammet, død landsby, går via Ulkebøl til kirken, hvor lig ligger i koret, og føres af hundene Ajax og Hektor til en gård, hvor Berg ligger døende; han kalder på Marie og Herluf og kender ikke Tine, som bliver hos ham.

Kort efter forsvinder Tine, og i degneboligen bryder Madam Bølling sammen. Hun ledes mod Skovridergården, hvor mistanken bliver til erkendelsen af, at Berg har “taget” hendes barn; i de øde stuer veksler hun mellem forbandelse, jammer og bøn. En eftersøgning sættes i gang; Tines sko findes i græsset, og hendes lig trækkes op af mudderet ved bredden. Tinka og Maren lægger hende i et kammer med foldede hænder på sengen under Fru Bergs billede, mens vand og dynd siver ind. Moderen hvisker ømt og vil have Tine “hjem”, og liget bæres tilbage til skolen.

I skolen samles folk efter Dybbøldagen, og præsterne ankommer; selvmordet i en degnegård gør dem utilpasse, og provsten søger at forklare døden som sindsforvirring og prøvelse, samtidig med at han taler om hærens bevægelser, konferencen i London og “nationens værdighed”. Klokkerne ringer til Appels begravelse; Fru Appel spørger uden synlig reaktion til Tines død. Biskoppen kommer siden til skolen, møder Madam Bølling mildt, står længe i andagt ved Tines seng og beder om tilgivelse “os alle”, og på moderens spørgsmål fastslår han, at klokkerne bør ringe for Tine “sidste gang”. Fortællingen fastholder krigens gennemgribende ødelæggelse af hverdagsliv og relationer og viser, hvordan skam, skyld og sorg udfolder sig i et lokalsamfund under sammenbrud. [Plot]",4
"Summary #3

Handlingen foregår på Als i Sønderjylland under krigen i 1864, med omdrejningspunkt i og omkring degneboligen og skolen, kirken og kirkegården, kroen og Skovridergården samt veje, marker og skove tæt ved Dybbølstillingen; Ulkebøl optræder, og Sønderborg omtales. Hovedpersonen er Tine Bølling, degnens datter, som i længere tid har haft sin daglige gang på Skovridergården hos skovrider og løjtnant Henrik Berg, hans hustru Marie (Fru Berg) og deres lille søn Herluf. Omkring dem ses bl.a. de gamle Bøllings, tjenestefolk som Sofie og Maren, krofolkene Madam Henrichsen og datteren Tinka, den énarmede baron Staub, provsten og andre præster samt biskoppen, doktor Fangel og flere officerer, herunder sekondløjtnant Appel og løjtnant Løvenhjelm, samt tilrejsende korrespondenter.

Da krigen nærmer sig øen, sendes Fru Berg og Herluf bort i nat og storm, og Skovridergården ryddes delvist, mens Tine og Sofie forsøger at holde stedet i gang. I “Dannevirkedagene” samles lokale og tilrejsende i en patriotisk stemning hos baron Staub, men den bryder sammen, da degn Bølling bringer telegrammet om, at hæren har forladt Dannevirke. Efter tilbagetoget præges hverdagen af indkvartering, forplejning, alarmer og vedvarende bombardement; lange tog af sårede passerer, og Tine engageres i hjælpearbejdet, bl.a. ved at indrette et sygested i skolen. Her ligger Appel dødeligt såret, og Tine er til stede ved hans død.

Samtidig skærpes Tines tilknytning til Berg under fruens fravær. Efter en voldsom officersfest tiltager nedslidningen, og degn Bølling bliver mere syg og forvirret; lægen omtaler en blodknude på hjernen. Under et natligt anfald vil han op i kirketårnet for at se “hvordan jorden brænder”, og Tine, moderen og Tinka følger ham gennem uvejr, mens brande og granater ses i det fjerne. Ved tårnet kysser Berg Tine i skjul og fører hende siden til Skovridergården, hvor han tager hende. Dagen efter passerer regimentet uden at han ser hende, og da han senere kommer til hendes kammer, oplever hun mødet som “koldt og dødt”.

Rygter om rømning og krigens ødelæggelser kulminerer, da Tine og Berg ser et hærget landskab; Berg plages af skyld og skriver et langt, ømt brev til sin hustru. Da Tine læser et brev til Fru Berg, forstår hun, at han kun tog hende “for ét nu”. Efter en samtale på kirkegården, hvor en stabsofficer siger, at man vil blive, stormes Dybbøl. Tine søger Berg gennem en lammet, død landsby, går via Ulkebøl til kirken, hvor lig ligger i koret, og føres af hundene Ajax og Hektor til en gård, hvor Berg ligger døende; han kalder på Marie og Herluf og kender ikke Tine, som bliver hos ham.

Kort efter forsvinder Tine, og i degneboligen bryder Madam Bølling sammen. Hun ledes mod Skovridergården, hvor mistanken bliver til erkendelsen af, at Berg har “taget” hendes barn; i de øde stuer veksler hun mellem forbandelse, jammer og bøn. En eftersøgning sættes i gang; Tines sko findes i græsset, og hendes lig trækkes op af mudderet ved bredden. Tinka og Maren lægger hende i et kammer med foldede hænder på sengen under Fru Bergs billede, mens vand og dynd siver ind. Moderen hvisker ømt og vil have Tine “hjem”, og liget bæres tilbage til skolen.

I skolen samles folk efter Dybbøldagen, og præsterne ankommer; selvmordet i en degnegård gør dem utilpasse, og provsten søger at forklare døden som sindsforvirring og prøvelse, samtidig med at han taler om hærens bevægelser, konferencen i London og “nationens værdighed”. Klokkerne ringer til Appels begravelse; Fru Appel spørger uden synlig reaktion til Tines død. Biskoppen kommer siden til skolen, møder Madam Bølling mildt, står længe i andagt ved Tines seng og beder om tilgivelse “os alle”, og på moderens spørgsmål fastslår han, at klokkerne bør ringe for Tine “sidste gang”. Fortællingen fastholder krigens gennemgribende ødelæggelse af hverdagsliv og relationer og viser, hvordan skam, skyld og sorg udfolder sig i et lokalsamfund under sammenbrud. [Themes]",4
novel_id,Sult
"Summary #1

Romanen foregår i Kristiania i en økonomisk og socialt prekær tid og følger en ung mand, der forsøger at overleve som skribent på sporadiske avisbetalinger, mens han gentagne gange synker ned i sult, hjemløshed og skam. Han bor først på et nøgent kvistværelse hos Madam Gundersen, men må pantsætte sine få ejendele hos pantelåneren “Onkel” og driver siden rundt i byen, især omkring Pilestrædet, Karl Johan, Stortorvet, Slotsparken, Vor Frelsers kirke, havnen og videre mod St. Hanshaugen, Sagene og udkanten. For at bevare en form for værdighed griber han til impulsive løgne og påtaget selvsikkerhed, men sulten udløser en tiltagende psykisk ustabilitet med feberagtige indfald, maniske associationer, paranoia, selvforagt og voldsomme religiøse udfald, hvor han skiftevis søger og afviser Gud. Han sover under elendige forhold, blandt andet i et forladt blikkenslagerværksted, og melder sig en nat som husvild hos politiet under falsk navn.

I korte opgange får han skrevet en tekst, som via redaktionsmanden “Saksen” bliver antaget, og han modtager ti kroner, men pengene forsvinder hurtigt. Et forsøg på hjælp hos Hans Pauli Pettersen mislykkes, da Pettersen er flyttet. Samtidig bliver han besat af en ung kvinde, han kalder “Ylajali”, som vender tilbage i hans tanker og fantasier. Efter en kort periode med mere regelmæssig mad falder han igen: han får ved en fejl fem kroner for meget i en husholdningshandel, spiser straks i en madkælder, bliver syg og kaster op, og skyldfølelsen vokser til panik. For at føle sig moralsk “ren” giver han pengene til en fattig kagekone ved Elefantapoteket og kører derefter planløst rundt i drosche i manisk opstemthed. Forfaldet fortsætter: han bliver delvist overkørt af en brødvogn ved Stortorvet, ødelægger sin sko, forsøger at spise et kødben og ender i raseri, hvor han forbander Gud. Ved Jernbanebryggen møder han en halt mand og får lidt tobak. Til sidst hjælper “Kommandøren” ham med ti kroner, så han kan tage ind i Tomtegaden/Vaterland på et “Beværtning & Logi for Rejsende”.

Han opsøger Ylajali ved St. Olavs Plads og inviteres op; de er drilske og intime, hun bemærker hans sår og haltende gang, og han indrømmer sin fattigdom. Da han forsøger at presse situationen seksuelt, bliver hun bange og siger, at hun ikke kan føle sig tryg for, at han ikke er vanvittig; han standser, forlader hende ydmyget, men hun omfavner ham med tårer og antyder, at hun holder af ham.

En rå, våd vinter uden sne sætter ind. I omkring tre uger bor han i logihuset i Vaterland, skammer sig over ikke at kunne betale værtinden og prøver at skrive sig ud af kniben, først med en allegori om en ildbrand i en boglade og siden med enaktsdramaet “Korsets Tegn” med et middelalderligt motiv om fanatisk dom over en tempelskændende skøge. Han svinger mellem håb og følelsen af at være “bankerot” i hjernen og kan ikke handle, fordi han mener at måtte vente på “Aanden”. Værtinden tager hans værelse til en styrmand, og han skubbes ned i familiens stue. På Karl Johan møder han “Jomfruen” i en pinlig situation og ser Ylajali i rød kjole med “Hertugen”, hvilket udløser jalousi.

Da værtinden vil jage ham ud om aftenen, forsvarer værten ham, men næste morgen sniger han sig ud og driver mod fæstningen, hvor han udmattet bryder sammen. Ved bryggerne ser han det russiske kulskib “Copégoro” og forsøger uden held at arbejde videre. Tilbage i logihuset viser værten ham gennem nøglehullet værtindens forhold til styrmanden, mens hendes lamme far sidder i rummet; chokket knækker hans stemning. Han skriver febrilsk på manuskriptet, bliver opdaget og truet med politiet, og modtager på vej ud et brev uden tekst med en tikroneseddel fra “en dame”. I stolthed og trods kaster han sedlen sammenkrøllet tilbage i værtindens ansigt og kollapser senere ved Jernbanetorvet. Han beruser sig kort i bevidst løgn og synd, skammer sig siden og indser, at pengene må komme fra Ylajali. Desperat forsøger han at gøre det godt igen ved at færdiggøre dramaet, men kan ikke, river manuskriptet i stykker og optræder provokerende over for en politibetjent. Romanen kredser dermed konkret om sult, fattigdom, skam, stolthed, skyld og en splittet religiøsitet, alt sammen knyttet til hans kamp for at skrive og bevare sin selvfølelse. [Fluency]",3
"Summary #1

Romanen foregår i Kristiania i en økonomisk og socialt prekær tid og følger en ung mand, der forsøger at overleve som skribent på sporadiske avisbetalinger, mens han gentagne gange synker ned i sult, hjemløshed og skam. Han bor først på et nøgent kvistværelse hos Madam Gundersen, men må pantsætte sine få ejendele hos pantelåneren “Onkel” og driver siden rundt i byen, især omkring Pilestrædet, Karl Johan, Stortorvet, Slotsparken, Vor Frelsers kirke, havnen og videre mod St. Hanshaugen, Sagene og udkanten. For at bevare en form for værdighed griber han til impulsive løgne og påtaget selvsikkerhed, men sulten udløser en tiltagende psykisk ustabilitet med feberagtige indfald, maniske associationer, paranoia, selvforagt og voldsomme religiøse udfald, hvor han skiftevis søger og afviser Gud. Han sover under elendige forhold, blandt andet i et forladt blikkenslagerværksted, og melder sig en nat som husvild hos politiet under falsk navn.

I korte opgange får han skrevet en tekst, som via redaktionsmanden “Saksen” bliver antaget, og han modtager ti kroner, men pengene forsvinder hurtigt. Et forsøg på hjælp hos Hans Pauli Pettersen mislykkes, da Pettersen er flyttet. Samtidig bliver han besat af en ung kvinde, han kalder “Ylajali”, som vender tilbage i hans tanker og fantasier. Efter en kort periode med mere regelmæssig mad falder han igen: han får ved en fejl fem kroner for meget i en husholdningshandel, spiser straks i en madkælder, bliver syg og kaster op, og skyldfølelsen vokser til panik. For at føle sig moralsk “ren” giver han pengene til en fattig kagekone ved Elefantapoteket og kører derefter planløst rundt i drosche i manisk opstemthed. Forfaldet fortsætter: han bliver delvist overkørt af en brødvogn ved Stortorvet, ødelægger sin sko, forsøger at spise et kødben og ender i raseri, hvor han forbander Gud. Ved Jernbanebryggen møder han en halt mand og får lidt tobak. Til sidst hjælper “Kommandøren” ham med ti kroner, så han kan tage ind i Tomtegaden/Vaterland på et “Beværtning & Logi for Rejsende”.

Han opsøger Ylajali ved St. Olavs Plads og inviteres op; de er drilske og intime, hun bemærker hans sår og haltende gang, og han indrømmer sin fattigdom. Da han forsøger at presse situationen seksuelt, bliver hun bange og siger, at hun ikke kan føle sig tryg for, at han ikke er vanvittig; han standser, forlader hende ydmyget, men hun omfavner ham med tårer og antyder, at hun holder af ham.

En rå, våd vinter uden sne sætter ind. I omkring tre uger bor han i logihuset i Vaterland, skammer sig over ikke at kunne betale værtinden og prøver at skrive sig ud af kniben, først med en allegori om en ildbrand i en boglade og siden med enaktsdramaet “Korsets Tegn” med et middelalderligt motiv om fanatisk dom over en tempelskændende skøge. Han svinger mellem håb og følelsen af at være “bankerot” i hjernen og kan ikke handle, fordi han mener at måtte vente på “Aanden”. Værtinden tager hans værelse til en styrmand, og han skubbes ned i familiens stue. På Karl Johan møder han “Jomfruen” i en pinlig situation og ser Ylajali i rød kjole med “Hertugen”, hvilket udløser jalousi.

Da værtinden vil jage ham ud om aftenen, forsvarer værten ham, men næste morgen sniger han sig ud og driver mod fæstningen, hvor han udmattet bryder sammen. Ved bryggerne ser han det russiske kulskib “Copégoro” og forsøger uden held at arbejde videre. Tilbage i logihuset viser værten ham gennem nøglehullet værtindens forhold til styrmanden, mens hendes lamme far sidder i rummet; chokket knækker hans stemning. Han skriver febrilsk på manuskriptet, bliver opdaget og truet med politiet, og modtager på vej ud et brev uden tekst med en tikroneseddel fra “en dame”. I stolthed og trods kaster han sedlen sammenkrøllet tilbage i værtindens ansigt og kollapser senere ved Jernbanetorvet. Han beruser sig kort i bevidst løgn og synd, skammer sig siden og indser, at pengene må komme fra Ylajali. Desperat forsøger han at gøre det godt igen ved at færdiggøre dramaet, men kan ikke, river manuskriptet i stykker og optræder provokerende over for en politibetjent. Romanen kredser dermed konkret om sult, fattigdom, skam, stolthed, skyld og en splittet religiøsitet, alt sammen knyttet til hans kamp for at skrive og bevare sin selvfølelse. [Coherence]",3
"Summary #1

Romanen foregår i Kristiania i en økonomisk og socialt prekær tid og følger en ung mand, der forsøger at overleve som skribent på sporadiske avisbetalinger, mens han gentagne gange synker ned i sult, hjemløshed og skam. Han bor først på et nøgent kvistværelse hos Madam Gundersen, men må pantsætte sine få ejendele hos pantelåneren “Onkel” og driver siden rundt i byen, især omkring Pilestrædet, Karl Johan, Stortorvet, Slotsparken, Vor Frelsers kirke, havnen og videre mod St. Hanshaugen, Sagene og udkanten. For at bevare en form for værdighed griber han til impulsive løgne og påtaget selvsikkerhed, men sulten udløser en tiltagende psykisk ustabilitet med feberagtige indfald, maniske associationer, paranoia, selvforagt og voldsomme religiøse udfald, hvor han skiftevis søger og afviser Gud. Han sover under elendige forhold, blandt andet i et forladt blikkenslagerværksted, og melder sig en nat som husvild hos politiet under falsk navn.

I korte opgange får han skrevet en tekst, som via redaktionsmanden “Saksen” bliver antaget, og han modtager ti kroner, men pengene forsvinder hurtigt. Et forsøg på hjælp hos Hans Pauli Pettersen mislykkes, da Pettersen er flyttet. Samtidig bliver han besat af en ung kvinde, han kalder “Ylajali”, som vender tilbage i hans tanker og fantasier. Efter en kort periode med mere regelmæssig mad falder han igen: han får ved en fejl fem kroner for meget i en husholdningshandel, spiser straks i en madkælder, bliver syg og kaster op, og skyldfølelsen vokser til panik. For at føle sig moralsk “ren” giver han pengene til en fattig kagekone ved Elefantapoteket og kører derefter planløst rundt i drosche i manisk opstemthed. Forfaldet fortsætter: han bliver delvist overkørt af en brødvogn ved Stortorvet, ødelægger sin sko, forsøger at spise et kødben og ender i raseri, hvor han forbander Gud. Ved Jernbanebryggen møder han en halt mand og får lidt tobak. Til sidst hjælper “Kommandøren” ham med ti kroner, så han kan tage ind i Tomtegaden/Vaterland på et “Beværtning & Logi for Rejsende”.

Han opsøger Ylajali ved St. Olavs Plads og inviteres op; de er drilske og intime, hun bemærker hans sår og haltende gang, og han indrømmer sin fattigdom. Da han forsøger at presse situationen seksuelt, bliver hun bange og siger, at hun ikke kan føle sig tryg for, at han ikke er vanvittig; han standser, forlader hende ydmyget, men hun omfavner ham med tårer og antyder, at hun holder af ham.

En rå, våd vinter uden sne sætter ind. I omkring tre uger bor han i logihuset i Vaterland, skammer sig over ikke at kunne betale værtinden og prøver at skrive sig ud af kniben, først med en allegori om en ildbrand i en boglade og siden med enaktsdramaet “Korsets Tegn” med et middelalderligt motiv om fanatisk dom over en tempelskændende skøge. Han svinger mellem håb og følelsen af at være “bankerot” i hjernen og kan ikke handle, fordi han mener at måtte vente på “Aanden”. Værtinden tager hans værelse til en styrmand, og han skubbes ned i familiens stue. På Karl Johan møder han “Jomfruen” i en pinlig situation og ser Ylajali i rød kjole med “Hertugen”, hvilket udløser jalousi.

Da værtinden vil jage ham ud om aftenen, forsvarer værten ham, men næste morgen sniger han sig ud og driver mod fæstningen, hvor han udmattet bryder sammen. Ved bryggerne ser han det russiske kulskib “Copégoro” og forsøger uden held at arbejde videre. Tilbage i logihuset viser værten ham gennem nøglehullet værtindens forhold til styrmanden, mens hendes lamme far sidder i rummet; chokket knækker hans stemning. Han skriver febrilsk på manuskriptet, bliver opdaget og truet med politiet, og modtager på vej ud et brev uden tekst med en tikroneseddel fra “en dame”. I stolthed og trods kaster han sedlen sammenkrøllet tilbage i værtindens ansigt og kollapser senere ved Jernbanetorvet. Han beruser sig kort i bevidst løgn og synd, skammer sig siden og indser, at pengene må komme fra Ylajali. Desperat forsøger han at gøre det godt igen ved at færdiggøre dramaet, men kan ikke, river manuskriptet i stykker og optræder provokerende over for en politibetjent. Romanen kredser dermed konkret om sult, fattigdom, skam, stolthed, skyld og en splittet religiøsitet, alt sammen knyttet til hans kamp for at skrive og bevare sin selvfølelse. [Relevance]",3
"Summary #1

Romanen foregår i Kristiania i en økonomisk og socialt prekær tid og følger en ung mand, der forsøger at overleve som skribent på sporadiske avisbetalinger, mens han gentagne gange synker ned i sult, hjemløshed og skam. Han bor først på et nøgent kvistværelse hos Madam Gundersen, men må pantsætte sine få ejendele hos pantelåneren “Onkel” og driver siden rundt i byen, især omkring Pilestrædet, Karl Johan, Stortorvet, Slotsparken, Vor Frelsers kirke, havnen og videre mod St. Hanshaugen, Sagene og udkanten. For at bevare en form for værdighed griber han til impulsive løgne og påtaget selvsikkerhed, men sulten udløser en tiltagende psykisk ustabilitet med feberagtige indfald, maniske associationer, paranoia, selvforagt og voldsomme religiøse udfald, hvor han skiftevis søger og afviser Gud. Han sover under elendige forhold, blandt andet i et forladt blikkenslagerværksted, og melder sig en nat som husvild hos politiet under falsk navn.

I korte opgange får han skrevet en tekst, som via redaktionsmanden “Saksen” bliver antaget, og han modtager ti kroner, men pengene forsvinder hurtigt. Et forsøg på hjælp hos Hans Pauli Pettersen mislykkes, da Pettersen er flyttet. Samtidig bliver han besat af en ung kvinde, han kalder “Ylajali”, som vender tilbage i hans tanker og fantasier. Efter en kort periode med mere regelmæssig mad falder han igen: han får ved en fejl fem kroner for meget i en husholdningshandel, spiser straks i en madkælder, bliver syg og kaster op, og skyldfølelsen vokser til panik. For at føle sig moralsk “ren” giver han pengene til en fattig kagekone ved Elefantapoteket og kører derefter planløst rundt i drosche i manisk opstemthed. Forfaldet fortsætter: han bliver delvist overkørt af en brødvogn ved Stortorvet, ødelægger sin sko, forsøger at spise et kødben og ender i raseri, hvor han forbander Gud. Ved Jernbanebryggen møder han en halt mand og får lidt tobak. Til sidst hjælper “Kommandøren” ham med ti kroner, så han kan tage ind i Tomtegaden/Vaterland på et “Beværtning & Logi for Rejsende”.

Han opsøger Ylajali ved St. Olavs Plads og inviteres op; de er drilske og intime, hun bemærker hans sår og haltende gang, og han indrømmer sin fattigdom. Da han forsøger at presse situationen seksuelt, bliver hun bange og siger, at hun ikke kan føle sig tryg for, at han ikke er vanvittig; han standser, forlader hende ydmyget, men hun omfavner ham med tårer og antyder, at hun holder af ham.

En rå, våd vinter uden sne sætter ind. I omkring tre uger bor han i logihuset i Vaterland, skammer sig over ikke at kunne betale værtinden og prøver at skrive sig ud af kniben, først med en allegori om en ildbrand i en boglade og siden med enaktsdramaet “Korsets Tegn” med et middelalderligt motiv om fanatisk dom over en tempelskændende skøge. Han svinger mellem håb og følelsen af at være “bankerot” i hjernen og kan ikke handle, fordi han mener at måtte vente på “Aanden”. Værtinden tager hans værelse til en styrmand, og han skubbes ned i familiens stue. På Karl Johan møder han “Jomfruen” i en pinlig situation og ser Ylajali i rød kjole med “Hertugen”, hvilket udløser jalousi.

Da værtinden vil jage ham ud om aftenen, forsvarer værten ham, men næste morgen sniger han sig ud og driver mod fæstningen, hvor han udmattet bryder sammen. Ved bryggerne ser han det russiske kulskib “Copégoro” og forsøger uden held at arbejde videre. Tilbage i logihuset viser værten ham gennem nøglehullet værtindens forhold til styrmanden, mens hendes lamme far sidder i rummet; chokket knækker hans stemning. Han skriver febrilsk på manuskriptet, bliver opdaget og truet med politiet, og modtager på vej ud et brev uden tekst med en tikroneseddel fra “en dame”. I stolthed og trods kaster han sedlen sammenkrøllet tilbage i værtindens ansigt og kollapser senere ved Jernbanetorvet. Han beruser sig kort i bevidst løgn og synd, skammer sig siden og indser, at pengene må komme fra Ylajali. Desperat forsøger han at gøre det godt igen ved at færdiggøre dramaet, men kan ikke, river manuskriptet i stykker og optræder provokerende over for en politibetjent. Romanen kredser dermed konkret om sult, fattigdom, skam, stolthed, skyld og en splittet religiøsitet, alt sammen knyttet til hans kamp for at skrive og bevare sin selvfølelse. [Factuality]",3
"Summary #1

Romanen foregår i Kristiania i en økonomisk og socialt prekær tid og følger en ung mand, der forsøger at overleve som skribent på sporadiske avisbetalinger, mens han gentagne gange synker ned i sult, hjemløshed og skam. Han bor først på et nøgent kvistværelse hos Madam Gundersen, men må pantsætte sine få ejendele hos pantelåneren “Onkel” og driver siden rundt i byen, især omkring Pilestrædet, Karl Johan, Stortorvet, Slotsparken, Vor Frelsers kirke, havnen og videre mod St. Hanshaugen, Sagene og udkanten. For at bevare en form for værdighed griber han til impulsive løgne og påtaget selvsikkerhed, men sulten udløser en tiltagende psykisk ustabilitet med feberagtige indfald, maniske associationer, paranoia, selvforagt og voldsomme religiøse udfald, hvor han skiftevis søger og afviser Gud. Han sover under elendige forhold, blandt andet i et forladt blikkenslagerværksted, og melder sig en nat som husvild hos politiet under falsk navn.

I korte opgange får han skrevet en tekst, som via redaktionsmanden “Saksen” bliver antaget, og han modtager ti kroner, men pengene forsvinder hurtigt. Et forsøg på hjælp hos Hans Pauli Pettersen mislykkes, da Pettersen er flyttet. Samtidig bliver han besat af en ung kvinde, han kalder “Ylajali”, som vender tilbage i hans tanker og fantasier. Efter en kort periode med mere regelmæssig mad falder han igen: han får ved en fejl fem kroner for meget i en husholdningshandel, spiser straks i en madkælder, bliver syg og kaster op, og skyldfølelsen vokser til panik. For at føle sig moralsk “ren” giver han pengene til en fattig kagekone ved Elefantapoteket og kører derefter planløst rundt i drosche i manisk opstemthed. Forfaldet fortsætter: han bliver delvist overkørt af en brødvogn ved Stortorvet, ødelægger sin sko, forsøger at spise et kødben og ender i raseri, hvor han forbander Gud. Ved Jernbanebryggen møder han en halt mand og får lidt tobak. Til sidst hjælper “Kommandøren” ham med ti kroner, så han kan tage ind i Tomtegaden/Vaterland på et “Beværtning & Logi for Rejsende”.

Han opsøger Ylajali ved St. Olavs Plads og inviteres op; de er drilske og intime, hun bemærker hans sår og haltende gang, og han indrømmer sin fattigdom. Da han forsøger at presse situationen seksuelt, bliver hun bange og siger, at hun ikke kan føle sig tryg for, at han ikke er vanvittig; han standser, forlader hende ydmyget, men hun omfavner ham med tårer og antyder, at hun holder af ham.

En rå, våd vinter uden sne sætter ind. I omkring tre uger bor han i logihuset i Vaterland, skammer sig over ikke at kunne betale værtinden og prøver at skrive sig ud af kniben, først med en allegori om en ildbrand i en boglade og siden med enaktsdramaet “Korsets Tegn” med et middelalderligt motiv om fanatisk dom over en tempelskændende skøge. Han svinger mellem håb og følelsen af at være “bankerot” i hjernen og kan ikke handle, fordi han mener at måtte vente på “Aanden”. Værtinden tager hans værelse til en styrmand, og han skubbes ned i familiens stue. På Karl Johan møder han “Jomfruen” i en pinlig situation og ser Ylajali i rød kjole med “Hertugen”, hvilket udløser jalousi.

Da værtinden vil jage ham ud om aftenen, forsvarer værten ham, men næste morgen sniger han sig ud og driver mod fæstningen, hvor han udmattet bryder sammen. Ved bryggerne ser han det russiske kulskib “Copégoro” og forsøger uden held at arbejde videre. Tilbage i logihuset viser værten ham gennem nøglehullet værtindens forhold til styrmanden, mens hendes lamme far sidder i rummet; chokket knækker hans stemning. Han skriver febrilsk på manuskriptet, bliver opdaget og truet med politiet, og modtager på vej ud et brev uden tekst med en tikroneseddel fra “en dame”. I stolthed og trods kaster han sedlen sammenkrøllet tilbage i værtindens ansigt og kollapser senere ved Jernbanetorvet. Han beruser sig kort i bevidst løgn og synd, skammer sig siden og indser, at pengene må komme fra Ylajali. Desperat forsøger han at gøre det godt igen ved at færdiggøre dramaet, men kan ikke, river manuskriptet i stykker og optræder provokerende over for en politibetjent. Romanen kredser dermed konkret om sult, fattigdom, skam, stolthed, skyld og en splittet religiøsitet, alt sammen knyttet til hans kamp for at skrive og bevare sin selvfølelse. [Time]",2
"Summary #1

Romanen foregår i Kristiania i en økonomisk og socialt prekær tid og følger en ung mand, der forsøger at overleve som skribent på sporadiske avisbetalinger, mens han gentagne gange synker ned i sult, hjemløshed og skam. Han bor først på et nøgent kvistværelse hos Madam Gundersen, men må pantsætte sine få ejendele hos pantelåneren “Onkel” og driver siden rundt i byen, især omkring Pilestrædet, Karl Johan, Stortorvet, Slotsparken, Vor Frelsers kirke, havnen og videre mod St. Hanshaugen, Sagene og udkanten. For at bevare en form for værdighed griber han til impulsive løgne og påtaget selvsikkerhed, men sulten udløser en tiltagende psykisk ustabilitet med feberagtige indfald, maniske associationer, paranoia, selvforagt og voldsomme religiøse udfald, hvor han skiftevis søger og afviser Gud. Han sover under elendige forhold, blandt andet i et forladt blikkenslagerværksted, og melder sig en nat som husvild hos politiet under falsk navn.

I korte opgange får han skrevet en tekst, som via redaktionsmanden “Saksen” bliver antaget, og han modtager ti kroner, men pengene forsvinder hurtigt. Et forsøg på hjælp hos Hans Pauli Pettersen mislykkes, da Pettersen er flyttet. Samtidig bliver han besat af en ung kvinde, han kalder “Ylajali”, som vender tilbage i hans tanker og fantasier. Efter en kort periode med mere regelmæssig mad falder han igen: han får ved en fejl fem kroner for meget i en husholdningshandel, spiser straks i en madkælder, bliver syg og kaster op, og skyldfølelsen vokser til panik. For at føle sig moralsk “ren” giver han pengene til en fattig kagekone ved Elefantapoteket og kører derefter planløst rundt i drosche i manisk opstemthed. Forfaldet fortsætter: han bliver delvist overkørt af en brødvogn ved Stortorvet, ødelægger sin sko, forsøger at spise et kødben og ender i raseri, hvor han forbander Gud. Ved Jernbanebryggen møder han en halt mand og får lidt tobak. Til sidst hjælper “Kommandøren” ham med ti kroner, så han kan tage ind i Tomtegaden/Vaterland på et “Beværtning & Logi for Rejsende”.

Han opsøger Ylajali ved St. Olavs Plads og inviteres op; de er drilske og intime, hun bemærker hans sår og haltende gang, og han indrømmer sin fattigdom. Da han forsøger at presse situationen seksuelt, bliver hun bange og siger, at hun ikke kan føle sig tryg for, at han ikke er vanvittig; han standser, forlader hende ydmyget, men hun omfavner ham med tårer og antyder, at hun holder af ham.

En rå, våd vinter uden sne sætter ind. I omkring tre uger bor han i logihuset i Vaterland, skammer sig over ikke at kunne betale værtinden og prøver at skrive sig ud af kniben, først med en allegori om en ildbrand i en boglade og siden med enaktsdramaet “Korsets Tegn” med et middelalderligt motiv om fanatisk dom over en tempelskændende skøge. Han svinger mellem håb og følelsen af at være “bankerot” i hjernen og kan ikke handle, fordi han mener at måtte vente på “Aanden”. Værtinden tager hans værelse til en styrmand, og han skubbes ned i familiens stue. På Karl Johan møder han “Jomfruen” i en pinlig situation og ser Ylajali i rød kjole med “Hertugen”, hvilket udløser jalousi.

Da værtinden vil jage ham ud om aftenen, forsvarer værten ham, men næste morgen sniger han sig ud og driver mod fæstningen, hvor han udmattet bryder sammen. Ved bryggerne ser han det russiske kulskib “Copégoro” og forsøger uden held at arbejde videre. Tilbage i logihuset viser værten ham gennem nøglehullet værtindens forhold til styrmanden, mens hendes lamme far sidder i rummet; chokket knækker hans stemning. Han skriver febrilsk på manuskriptet, bliver opdaget og truet med politiet, og modtager på vej ud et brev uden tekst med en tikroneseddel fra “en dame”. I stolthed og trods kaster han sedlen sammenkrøllet tilbage i værtindens ansigt og kollapser senere ved Jernbanetorvet. Han beruser sig kort i bevidst løgn og synd, skammer sig siden og indser, at pengene må komme fra Ylajali. Desperat forsøger han at gøre det godt igen ved at færdiggøre dramaet, men kan ikke, river manuskriptet i stykker og optræder provokerende over for en politibetjent. Romanen kredser dermed konkret om sult, fattigdom, skam, stolthed, skyld og en splittet religiøsitet, alt sammen knyttet til hans kamp for at skrive og bevare sin selvfølelse. [Place]",3
"Summary #1

Romanen foregår i Kristiania i en økonomisk og socialt prekær tid og følger en ung mand, der forsøger at overleve som skribent på sporadiske avisbetalinger, mens han gentagne gange synker ned i sult, hjemløshed og skam. Han bor først på et nøgent kvistværelse hos Madam Gundersen, men må pantsætte sine få ejendele hos pantelåneren “Onkel” og driver siden rundt i byen, især omkring Pilestrædet, Karl Johan, Stortorvet, Slotsparken, Vor Frelsers kirke, havnen og videre mod St. Hanshaugen, Sagene og udkanten. For at bevare en form for værdighed griber han til impulsive løgne og påtaget selvsikkerhed, men sulten udløser en tiltagende psykisk ustabilitet med feberagtige indfald, maniske associationer, paranoia, selvforagt og voldsomme religiøse udfald, hvor han skiftevis søger og afviser Gud. Han sover under elendige forhold, blandt andet i et forladt blikkenslagerværksted, og melder sig en nat som husvild hos politiet under falsk navn.

I korte opgange får han skrevet en tekst, som via redaktionsmanden “Saksen” bliver antaget, og han modtager ti kroner, men pengene forsvinder hurtigt. Et forsøg på hjælp hos Hans Pauli Pettersen mislykkes, da Pettersen er flyttet. Samtidig bliver han besat af en ung kvinde, han kalder “Ylajali”, som vender tilbage i hans tanker og fantasier. Efter en kort periode med mere regelmæssig mad falder han igen: han får ved en fejl fem kroner for meget i en husholdningshandel, spiser straks i en madkælder, bliver syg og kaster op, og skyldfølelsen vokser til panik. For at føle sig moralsk “ren” giver han pengene til en fattig kagekone ved Elefantapoteket og kører derefter planløst rundt i drosche i manisk opstemthed. Forfaldet fortsætter: han bliver delvist overkørt af en brødvogn ved Stortorvet, ødelægger sin sko, forsøger at spise et kødben og ender i raseri, hvor han forbander Gud. Ved Jernbanebryggen møder han en halt mand og får lidt tobak. Til sidst hjælper “Kommandøren” ham med ti kroner, så han kan tage ind i Tomtegaden/Vaterland på et “Beværtning & Logi for Rejsende”.

Han opsøger Ylajali ved St. Olavs Plads og inviteres op; de er drilske og intime, hun bemærker hans sår og haltende gang, og han indrømmer sin fattigdom. Da han forsøger at presse situationen seksuelt, bliver hun bange og siger, at hun ikke kan føle sig tryg for, at han ikke er vanvittig; han standser, forlader hende ydmyget, men hun omfavner ham med tårer og antyder, at hun holder af ham.

En rå, våd vinter uden sne sætter ind. I omkring tre uger bor han i logihuset i Vaterland, skammer sig over ikke at kunne betale værtinden og prøver at skrive sig ud af kniben, først med en allegori om en ildbrand i en boglade og siden med enaktsdramaet “Korsets Tegn” med et middelalderligt motiv om fanatisk dom over en tempelskændende skøge. Han svinger mellem håb og følelsen af at være “bankerot” i hjernen og kan ikke handle, fordi han mener at måtte vente på “Aanden”. Værtinden tager hans værelse til en styrmand, og han skubbes ned i familiens stue. På Karl Johan møder han “Jomfruen” i en pinlig situation og ser Ylajali i rød kjole med “Hertugen”, hvilket udløser jalousi.

Da værtinden vil jage ham ud om aftenen, forsvarer værten ham, men næste morgen sniger han sig ud og driver mod fæstningen, hvor han udmattet bryder sammen. Ved bryggerne ser han det russiske kulskib “Copégoro” og forsøger uden held at arbejde videre. Tilbage i logihuset viser værten ham gennem nøglehullet værtindens forhold til styrmanden, mens hendes lamme far sidder i rummet; chokket knækker hans stemning. Han skriver febrilsk på manuskriptet, bliver opdaget og truet med politiet, og modtager på vej ud et brev uden tekst med en tikroneseddel fra “en dame”. I stolthed og trods kaster han sedlen sammenkrøllet tilbage i værtindens ansigt og kollapser senere ved Jernbanetorvet. Han beruser sig kort i bevidst løgn og synd, skammer sig siden og indser, at pengene må komme fra Ylajali. Desperat forsøger han at gøre det godt igen ved at færdiggøre dramaet, men kan ikke, river manuskriptet i stykker og optræder provokerende over for en politibetjent. Romanen kredser dermed konkret om sult, fattigdom, skam, stolthed, skyld og en splittet religiøsitet, alt sammen knyttet til hans kamp for at skrive og bevare sin selvfølelse. [Characters]",3
"Summary #1

Romanen foregår i Kristiania i en økonomisk og socialt prekær tid og følger en ung mand, der forsøger at overleve som skribent på sporadiske avisbetalinger, mens han gentagne gange synker ned i sult, hjemløshed og skam. Han bor først på et nøgent kvistværelse hos Madam Gundersen, men må pantsætte sine få ejendele hos pantelåneren “Onkel” og driver siden rundt i byen, især omkring Pilestrædet, Karl Johan, Stortorvet, Slotsparken, Vor Frelsers kirke, havnen og videre mod St. Hanshaugen, Sagene og udkanten. For at bevare en form for værdighed griber han til impulsive løgne og påtaget selvsikkerhed, men sulten udløser en tiltagende psykisk ustabilitet med feberagtige indfald, maniske associationer, paranoia, selvforagt og voldsomme religiøse udfald, hvor han skiftevis søger og afviser Gud. Han sover under elendige forhold, blandt andet i et forladt blikkenslagerværksted, og melder sig en nat som husvild hos politiet under falsk navn.

I korte opgange får han skrevet en tekst, som via redaktionsmanden “Saksen” bliver antaget, og han modtager ti kroner, men pengene forsvinder hurtigt. Et forsøg på hjælp hos Hans Pauli Pettersen mislykkes, da Pettersen er flyttet. Samtidig bliver han besat af en ung kvinde, han kalder “Ylajali”, som vender tilbage i hans tanker og fantasier. Efter en kort periode med mere regelmæssig mad falder han igen: han får ved en fejl fem kroner for meget i en husholdningshandel, spiser straks i en madkælder, bliver syg og kaster op, og skyldfølelsen vokser til panik. For at føle sig moralsk “ren” giver han pengene til en fattig kagekone ved Elefantapoteket og kører derefter planløst rundt i drosche i manisk opstemthed. Forfaldet fortsætter: han bliver delvist overkørt af en brødvogn ved Stortorvet, ødelægger sin sko, forsøger at spise et kødben og ender i raseri, hvor han forbander Gud. Ved Jernbanebryggen møder han en halt mand og får lidt tobak. Til sidst hjælper “Kommandøren” ham med ti kroner, så han kan tage ind i Tomtegaden/Vaterland på et “Beværtning & Logi for Rejsende”.

Han opsøger Ylajali ved St. Olavs Plads og inviteres op; de er drilske og intime, hun bemærker hans sår og haltende gang, og han indrømmer sin fattigdom. Da han forsøger at presse situationen seksuelt, bliver hun bange og siger, at hun ikke kan føle sig tryg for, at han ikke er vanvittig; han standser, forlader hende ydmyget, men hun omfavner ham med tårer og antyder, at hun holder af ham.

En rå, våd vinter uden sne sætter ind. I omkring tre uger bor han i logihuset i Vaterland, skammer sig over ikke at kunne betale værtinden og prøver at skrive sig ud af kniben, først med en allegori om en ildbrand i en boglade og siden med enaktsdramaet “Korsets Tegn” med et middelalderligt motiv om fanatisk dom over en tempelskændende skøge. Han svinger mellem håb og følelsen af at være “bankerot” i hjernen og kan ikke handle, fordi han mener at måtte vente på “Aanden”. Værtinden tager hans værelse til en styrmand, og han skubbes ned i familiens stue. På Karl Johan møder han “Jomfruen” i en pinlig situation og ser Ylajali i rød kjole med “Hertugen”, hvilket udløser jalousi.

Da værtinden vil jage ham ud om aftenen, forsvarer værten ham, men næste morgen sniger han sig ud og driver mod fæstningen, hvor han udmattet bryder sammen. Ved bryggerne ser han det russiske kulskib “Copégoro” og forsøger uden held at arbejde videre. Tilbage i logihuset viser værten ham gennem nøglehullet værtindens forhold til styrmanden, mens hendes lamme far sidder i rummet; chokket knækker hans stemning. Han skriver febrilsk på manuskriptet, bliver opdaget og truet med politiet, og modtager på vej ud et brev uden tekst med en tikroneseddel fra “en dame”. I stolthed og trods kaster han sedlen sammenkrøllet tilbage i værtindens ansigt og kollapser senere ved Jernbanetorvet. Han beruser sig kort i bevidst løgn og synd, skammer sig siden og indser, at pengene må komme fra Ylajali. Desperat forsøger han at gøre det godt igen ved at færdiggøre dramaet, men kan ikke, river manuskriptet i stykker og optræder provokerende over for en politibetjent. Romanen kredser dermed konkret om sult, fattigdom, skam, stolthed, skyld og en splittet religiøsitet, alt sammen knyttet til hans kamp for at skrive og bevare sin selvfølelse. [Plot]",2
"Summary #1

Romanen foregår i Kristiania i en økonomisk og socialt prekær tid og følger en ung mand, der forsøger at overleve som skribent på sporadiske avisbetalinger, mens han gentagne gange synker ned i sult, hjemløshed og skam. Han bor først på et nøgent kvistværelse hos Madam Gundersen, men må pantsætte sine få ejendele hos pantelåneren “Onkel” og driver siden rundt i byen, især omkring Pilestrædet, Karl Johan, Stortorvet, Slotsparken, Vor Frelsers kirke, havnen og videre mod St. Hanshaugen, Sagene og udkanten. For at bevare en form for værdighed griber han til impulsive løgne og påtaget selvsikkerhed, men sulten udløser en tiltagende psykisk ustabilitet med feberagtige indfald, maniske associationer, paranoia, selvforagt og voldsomme religiøse udfald, hvor han skiftevis søger og afviser Gud. Han sover under elendige forhold, blandt andet i et forladt blikkenslagerværksted, og melder sig en nat som husvild hos politiet under falsk navn.

I korte opgange får han skrevet en tekst, som via redaktionsmanden “Saksen” bliver antaget, og han modtager ti kroner, men pengene forsvinder hurtigt. Et forsøg på hjælp hos Hans Pauli Pettersen mislykkes, da Pettersen er flyttet. Samtidig bliver han besat af en ung kvinde, han kalder “Ylajali”, som vender tilbage i hans tanker og fantasier. Efter en kort periode med mere regelmæssig mad falder han igen: han får ved en fejl fem kroner for meget i en husholdningshandel, spiser straks i en madkælder, bliver syg og kaster op, og skyldfølelsen vokser til panik. For at føle sig moralsk “ren” giver han pengene til en fattig kagekone ved Elefantapoteket og kører derefter planløst rundt i drosche i manisk opstemthed. Forfaldet fortsætter: han bliver delvist overkørt af en brødvogn ved Stortorvet, ødelægger sin sko, forsøger at spise et kødben og ender i raseri, hvor han forbander Gud. Ved Jernbanebryggen møder han en halt mand og får lidt tobak. Til sidst hjælper “Kommandøren” ham med ti kroner, så han kan tage ind i Tomtegaden/Vaterland på et “Beværtning & Logi for Rejsende”.

Han opsøger Ylajali ved St. Olavs Plads og inviteres op; de er drilske og intime, hun bemærker hans sår og haltende gang, og han indrømmer sin fattigdom. Da han forsøger at presse situationen seksuelt, bliver hun bange og siger, at hun ikke kan føle sig tryg for, at han ikke er vanvittig; han standser, forlader hende ydmyget, men hun omfavner ham med tårer og antyder, at hun holder af ham.

En rå, våd vinter uden sne sætter ind. I omkring tre uger bor han i logihuset i Vaterland, skammer sig over ikke at kunne betale værtinden og prøver at skrive sig ud af kniben, først med en allegori om en ildbrand i en boglade og siden med enaktsdramaet “Korsets Tegn” med et middelalderligt motiv om fanatisk dom over en tempelskændende skøge. Han svinger mellem håb og følelsen af at være “bankerot” i hjernen og kan ikke handle, fordi han mener at måtte vente på “Aanden”. Værtinden tager hans værelse til en styrmand, og han skubbes ned i familiens stue. På Karl Johan møder han “Jomfruen” i en pinlig situation og ser Ylajali i rød kjole med “Hertugen”, hvilket udløser jalousi.

Da værtinden vil jage ham ud om aftenen, forsvarer værten ham, men næste morgen sniger han sig ud og driver mod fæstningen, hvor han udmattet bryder sammen. Ved bryggerne ser han det russiske kulskib “Copégoro” og forsøger uden held at arbejde videre. Tilbage i logihuset viser værten ham gennem nøglehullet værtindens forhold til styrmanden, mens hendes lamme far sidder i rummet; chokket knækker hans stemning. Han skriver febrilsk på manuskriptet, bliver opdaget og truet med politiet, og modtager på vej ud et brev uden tekst med en tikroneseddel fra “en dame”. I stolthed og trods kaster han sedlen sammenkrøllet tilbage i værtindens ansigt og kollapser senere ved Jernbanetorvet. Han beruser sig kort i bevidst løgn og synd, skammer sig siden og indser, at pengene må komme fra Ylajali. Desperat forsøger han at gøre det godt igen ved at færdiggøre dramaet, men kan ikke, river manuskriptet i stykker og optræder provokerende over for en politibetjent. Romanen kredser dermed konkret om sult, fattigdom, skam, stolthed, skyld og en splittet religiøsitet, alt sammen knyttet til hans kamp for at skrive og bevare sin selvfølelse. [Themes]",3
"Summary #2

Fortælleren er en ung, fattig skribent i Kristiania i nutidens efterår–vinter, bosat i et spartansk losjerum over en værkstedsgård i Vaterland. Han fører en febersyg dagbog over vedvarende nød, sult og ydmygelser og driver rundt i byens kvarterer — bl.a. Karl Johan, St. Olafs Plads, Tomtegaden og Jernbanebryggen — mens han gentagne gange forsøger at skaffe arbejde eller småbeløb ved henvendelser på redaktioner, hos handlende og bekendte; nogle giver ham penge eller medlidenhedsbeviser, andre afviser ham. Efter en natlig krise og et anfald får han kortvarig hjælp fra en ekspedient og senere fra en person kaldet “Kommandøren”, hvilket midlertidigt sikrer logi og et måltid, men efterfølges af nye feberanfald og religiøs vrede.

I denne nødstilstand møder han gentagne gange en sortklædt, sløret kvinde ved en gaslygte, som han kalder Ylajali; deres relation udvikler sig fra gåture og samtaler i gaderne til ambivalente besøg i hendes lejlighed i Nummer 2, hvor de veksler mellem leg, ømhed og tilbageholdenhed. Parallelt forsøger fortælleren at færdiggøre litterære arbejder for at betale gæld: en allegori om en brand i en boglade og senere et et-akts drama med middelaldermotiver, Korsets Tegn. Arbejdet forstyrres af logihusets støj, værtindens krav, familiens fordomme og et plaget husfællesskab.

En nat bliver han jaget ud af huset, men en fremmed styrmand griber ind og lader ham blive; næste dag inspirerer sol og havmiljø ham kortvarigt til arbejde ved skibet Copégoro, men han opgiver manuskriptet i fortvivlelse og river det itu. Konflikter i logihuset fortsætter: han opdager værtinden i intime omgivelser med styrmanden og en lam gammel mand, bliver igen truet med udsmidning, og modtager senere en lille kuvert med en tikrone, som han i forlegenhed kaster i værtindens ansigt. Sult driver ham til en kagekone ved Elefantapoteket; efter at have spist kager forsøger han at forære en til en lille dreng. Til sidst omtales hans impulsive beslutning om at søge hyre: han går ombord som ubefaren jungmand på en ballastsejlads med Copégoro mod Leeds og Cadiz. Temaer, som fremtræder i fortællingen, omfatter fattigdommens og skammens nedværdigelse, behovets og hjælpsomhedens ambivalens i menneskelige relationer samt flugt som praktisk og kunstnerisk udvej. [Fluency]",3
"Summary #2

Fortælleren er en ung, fattig skribent i Kristiania i nutidens efterår–vinter, bosat i et spartansk losjerum over en værkstedsgård i Vaterland. Han fører en febersyg dagbog over vedvarende nød, sult og ydmygelser og driver rundt i byens kvarterer — bl.a. Karl Johan, St. Olafs Plads, Tomtegaden og Jernbanebryggen — mens han gentagne gange forsøger at skaffe arbejde eller småbeløb ved henvendelser på redaktioner, hos handlende og bekendte; nogle giver ham penge eller medlidenhedsbeviser, andre afviser ham. Efter en natlig krise og et anfald får han kortvarig hjælp fra en ekspedient og senere fra en person kaldet “Kommandøren”, hvilket midlertidigt sikrer logi og et måltid, men efterfølges af nye feberanfald og religiøs vrede.

I denne nødstilstand møder han gentagne gange en sortklædt, sløret kvinde ved en gaslygte, som han kalder Ylajali; deres relation udvikler sig fra gåture og samtaler i gaderne til ambivalente besøg i hendes lejlighed i Nummer 2, hvor de veksler mellem leg, ømhed og tilbageholdenhed. Parallelt forsøger fortælleren at færdiggøre litterære arbejder for at betale gæld: en allegori om en brand i en boglade og senere et et-akts drama med middelaldermotiver, Korsets Tegn. Arbejdet forstyrres af logihusets støj, værtindens krav, familiens fordomme og et plaget husfællesskab.

En nat bliver han jaget ud af huset, men en fremmed styrmand griber ind og lader ham blive; næste dag inspirerer sol og havmiljø ham kortvarigt til arbejde ved skibet Copégoro, men han opgiver manuskriptet i fortvivlelse og river det itu. Konflikter i logihuset fortsætter: han opdager værtinden i intime omgivelser med styrmanden og en lam gammel mand, bliver igen truet med udsmidning, og modtager senere en lille kuvert med en tikrone, som han i forlegenhed kaster i værtindens ansigt. Sult driver ham til en kagekone ved Elefantapoteket; efter at have spist kager forsøger han at forære en til en lille dreng. Til sidst omtales hans impulsive beslutning om at søge hyre: han går ombord som ubefaren jungmand på en ballastsejlads med Copégoro mod Leeds og Cadiz. Temaer, som fremtræder i fortællingen, omfatter fattigdommens og skammens nedværdigelse, behovets og hjælpsomhedens ambivalens i menneskelige relationer samt flugt som praktisk og kunstnerisk udvej. [Coherence]",4
"Summary #2

Fortælleren er en ung, fattig skribent i Kristiania i nutidens efterår–vinter, bosat i et spartansk losjerum over en værkstedsgård i Vaterland. Han fører en febersyg dagbog over vedvarende nød, sult og ydmygelser og driver rundt i byens kvarterer — bl.a. Karl Johan, St. Olafs Plads, Tomtegaden og Jernbanebryggen — mens han gentagne gange forsøger at skaffe arbejde eller småbeløb ved henvendelser på redaktioner, hos handlende og bekendte; nogle giver ham penge eller medlidenhedsbeviser, andre afviser ham. Efter en natlig krise og et anfald får han kortvarig hjælp fra en ekspedient og senere fra en person kaldet “Kommandøren”, hvilket midlertidigt sikrer logi og et måltid, men efterfølges af nye feberanfald og religiøs vrede.

I denne nødstilstand møder han gentagne gange en sortklædt, sløret kvinde ved en gaslygte, som han kalder Ylajali; deres relation udvikler sig fra gåture og samtaler i gaderne til ambivalente besøg i hendes lejlighed i Nummer 2, hvor de veksler mellem leg, ømhed og tilbageholdenhed. Parallelt forsøger fortælleren at færdiggøre litterære arbejder for at betale gæld: en allegori om en brand i en boglade og senere et et-akts drama med middelaldermotiver, Korsets Tegn. Arbejdet forstyrres af logihusets støj, værtindens krav, familiens fordomme og et plaget husfællesskab.

En nat bliver han jaget ud af huset, men en fremmed styrmand griber ind og lader ham blive; næste dag inspirerer sol og havmiljø ham kortvarigt til arbejde ved skibet Copégoro, men han opgiver manuskriptet i fortvivlelse og river det itu. Konflikter i logihuset fortsætter: han opdager værtinden i intime omgivelser med styrmanden og en lam gammel mand, bliver igen truet med udsmidning, og modtager senere en lille kuvert med en tikrone, som han i forlegenhed kaster i værtindens ansigt. Sult driver ham til en kagekone ved Elefantapoteket; efter at have spist kager forsøger han at forære en til en lille dreng. Til sidst omtales hans impulsive beslutning om at søge hyre: han går ombord som ubefaren jungmand på en ballastsejlads med Copégoro mod Leeds og Cadiz. Temaer, som fremtræder i fortællingen, omfatter fattigdommens og skammens nedværdigelse, behovets og hjælpsomhedens ambivalens i menneskelige relationer samt flugt som praktisk og kunstnerisk udvej. [Relevance]",4
"Summary #2

Fortælleren er en ung, fattig skribent i Kristiania i nutidens efterår–vinter, bosat i et spartansk losjerum over en værkstedsgård i Vaterland. Han fører en febersyg dagbog over vedvarende nød, sult og ydmygelser og driver rundt i byens kvarterer — bl.a. Karl Johan, St. Olafs Plads, Tomtegaden og Jernbanebryggen — mens han gentagne gange forsøger at skaffe arbejde eller småbeløb ved henvendelser på redaktioner, hos handlende og bekendte; nogle giver ham penge eller medlidenhedsbeviser, andre afviser ham. Efter en natlig krise og et anfald får han kortvarig hjælp fra en ekspedient og senere fra en person kaldet “Kommandøren”, hvilket midlertidigt sikrer logi og et måltid, men efterfølges af nye feberanfald og religiøs vrede.

I denne nødstilstand møder han gentagne gange en sortklædt, sløret kvinde ved en gaslygte, som han kalder Ylajali; deres relation udvikler sig fra gåture og samtaler i gaderne til ambivalente besøg i hendes lejlighed i Nummer 2, hvor de veksler mellem leg, ømhed og tilbageholdenhed. Parallelt forsøger fortælleren at færdiggøre litterære arbejder for at betale gæld: en allegori om en brand i en boglade og senere et et-akts drama med middelaldermotiver, Korsets Tegn. Arbejdet forstyrres af logihusets støj, værtindens krav, familiens fordomme og et plaget husfællesskab.

En nat bliver han jaget ud af huset, men en fremmed styrmand griber ind og lader ham blive; næste dag inspirerer sol og havmiljø ham kortvarigt til arbejde ved skibet Copégoro, men han opgiver manuskriptet i fortvivlelse og river det itu. Konflikter i logihuset fortsætter: han opdager værtinden i intime omgivelser med styrmanden og en lam gammel mand, bliver igen truet med udsmidning, og modtager senere en lille kuvert med en tikrone, som han i forlegenhed kaster i værtindens ansigt. Sult driver ham til en kagekone ved Elefantapoteket; efter at have spist kager forsøger han at forære en til en lille dreng. Til sidst omtales hans impulsive beslutning om at søge hyre: han går ombord som ubefaren jungmand på en ballastsejlads med Copégoro mod Leeds og Cadiz. Temaer, som fremtræder i fortællingen, omfatter fattigdommens og skammens nedværdigelse, behovets og hjælpsomhedens ambivalens i menneskelige relationer samt flugt som praktisk og kunstnerisk udvej. [Factuality]",4
"Summary #2

Fortælleren er en ung, fattig skribent i Kristiania i nutidens efterår–vinter, bosat i et spartansk losjerum over en værkstedsgård i Vaterland. Han fører en febersyg dagbog over vedvarende nød, sult og ydmygelser og driver rundt i byens kvarterer — bl.a. Karl Johan, St. Olafs Plads, Tomtegaden og Jernbanebryggen — mens han gentagne gange forsøger at skaffe arbejde eller småbeløb ved henvendelser på redaktioner, hos handlende og bekendte; nogle giver ham penge eller medlidenhedsbeviser, andre afviser ham. Efter en natlig krise og et anfald får han kortvarig hjælp fra en ekspedient og senere fra en person kaldet “Kommandøren”, hvilket midlertidigt sikrer logi og et måltid, men efterfølges af nye feberanfald og religiøs vrede.

I denne nødstilstand møder han gentagne gange en sortklædt, sløret kvinde ved en gaslygte, som han kalder Ylajali; deres relation udvikler sig fra gåture og samtaler i gaderne til ambivalente besøg i hendes lejlighed i Nummer 2, hvor de veksler mellem leg, ømhed og tilbageholdenhed. Parallelt forsøger fortælleren at færdiggøre litterære arbejder for at betale gæld: en allegori om en brand i en boglade og senere et et-akts drama med middelaldermotiver, Korsets Tegn. Arbejdet forstyrres af logihusets støj, værtindens krav, familiens fordomme og et plaget husfællesskab.

En nat bliver han jaget ud af huset, men en fremmed styrmand griber ind og lader ham blive; næste dag inspirerer sol og havmiljø ham kortvarigt til arbejde ved skibet Copégoro, men han opgiver manuskriptet i fortvivlelse og river det itu. Konflikter i logihuset fortsætter: han opdager værtinden i intime omgivelser med styrmanden og en lam gammel mand, bliver igen truet med udsmidning, og modtager senere en lille kuvert med en tikrone, som han i forlegenhed kaster i værtindens ansigt. Sult driver ham til en kagekone ved Elefantapoteket; efter at have spist kager forsøger han at forære en til en lille dreng. Til sidst omtales hans impulsive beslutning om at søge hyre: han går ombord som ubefaren jungmand på en ballastsejlads med Copégoro mod Leeds og Cadiz. Temaer, som fremtræder i fortællingen, omfatter fattigdommens og skammens nedværdigelse, behovets og hjælpsomhedens ambivalens i menneskelige relationer samt flugt som praktisk og kunstnerisk udvej. [Time ]",4
"Summary #2

Fortælleren er en ung, fattig skribent i Kristiania i nutidens efterår–vinter, bosat i et spartansk losjerum over en værkstedsgård i Vaterland. Han fører en febersyg dagbog over vedvarende nød, sult og ydmygelser og driver rundt i byens kvarterer — bl.a. Karl Johan, St. Olafs Plads, Tomtegaden og Jernbanebryggen — mens han gentagne gange forsøger at skaffe arbejde eller småbeløb ved henvendelser på redaktioner, hos handlende og bekendte; nogle giver ham penge eller medlidenhedsbeviser, andre afviser ham. Efter en natlig krise og et anfald får han kortvarig hjælp fra en ekspedient og senere fra en person kaldet “Kommandøren”, hvilket midlertidigt sikrer logi og et måltid, men efterfølges af nye feberanfald og religiøs vrede.

I denne nødstilstand møder han gentagne gange en sortklædt, sløret kvinde ved en gaslygte, som han kalder Ylajali; deres relation udvikler sig fra gåture og samtaler i gaderne til ambivalente besøg i hendes lejlighed i Nummer 2, hvor de veksler mellem leg, ømhed og tilbageholdenhed. Parallelt forsøger fortælleren at færdiggøre litterære arbejder for at betale gæld: en allegori om en brand i en boglade og senere et et-akts drama med middelaldermotiver, Korsets Tegn. Arbejdet forstyrres af logihusets støj, værtindens krav, familiens fordomme og et plaget husfællesskab.

En nat bliver han jaget ud af huset, men en fremmed styrmand griber ind og lader ham blive; næste dag inspirerer sol og havmiljø ham kortvarigt til arbejde ved skibet Copégoro, men han opgiver manuskriptet i fortvivlelse og river det itu. Konflikter i logihuset fortsætter: han opdager værtinden i intime omgivelser med styrmanden og en lam gammel mand, bliver igen truet med udsmidning, og modtager senere en lille kuvert med en tikrone, som han i forlegenhed kaster i værtindens ansigt. Sult driver ham til en kagekone ved Elefantapoteket; efter at have spist kager forsøger han at forære en til en lille dreng. Til sidst omtales hans impulsive beslutning om at søge hyre: han går ombord som ubefaren jungmand på en ballastsejlads med Copégoro mod Leeds og Cadiz. Temaer, som fremtræder i fortællingen, omfatter fattigdommens og skammens nedværdigelse, behovets og hjælpsomhedens ambivalens i menneskelige relationer samt flugt som praktisk og kunstnerisk udvej. [Place]",4
"Summary #2

Fortælleren er en ung, fattig skribent i Kristiania i nutidens efterår–vinter, bosat i et spartansk losjerum over en værkstedsgård i Vaterland. Han fører en febersyg dagbog over vedvarende nød, sult og ydmygelser og driver rundt i byens kvarterer — bl.a. Karl Johan, St. Olafs Plads, Tomtegaden og Jernbanebryggen — mens han gentagne gange forsøger at skaffe arbejde eller småbeløb ved henvendelser på redaktioner, hos handlende og bekendte; nogle giver ham penge eller medlidenhedsbeviser, andre afviser ham. Efter en natlig krise og et anfald får han kortvarig hjælp fra en ekspedient og senere fra en person kaldet “Kommandøren”, hvilket midlertidigt sikrer logi og et måltid, men efterfølges af nye feberanfald og religiøs vrede.

I denne nødstilstand møder han gentagne gange en sortklædt, sløret kvinde ved en gaslygte, som han kalder Ylajali; deres relation udvikler sig fra gåture og samtaler i gaderne til ambivalente besøg i hendes lejlighed i Nummer 2, hvor de veksler mellem leg, ømhed og tilbageholdenhed. Parallelt forsøger fortælleren at færdiggøre litterære arbejder for at betale gæld: en allegori om en brand i en boglade og senere et et-akts drama med middelaldermotiver, Korsets Tegn. Arbejdet forstyrres af logihusets støj, værtindens krav, familiens fordomme og et plaget husfællesskab.

En nat bliver han jaget ud af huset, men en fremmed styrmand griber ind og lader ham blive; næste dag inspirerer sol og havmiljø ham kortvarigt til arbejde ved skibet Copégoro, men han opgiver manuskriptet i fortvivlelse og river det itu. Konflikter i logihuset fortsætter: han opdager værtinden i intime omgivelser med styrmanden og en lam gammel mand, bliver igen truet med udsmidning, og modtager senere en lille kuvert med en tikrone, som han i forlegenhed kaster i værtindens ansigt. Sult driver ham til en kagekone ved Elefantapoteket; efter at have spist kager forsøger han at forære en til en lille dreng. Til sidst omtales hans impulsive beslutning om at søge hyre: han går ombord som ubefaren jungmand på en ballastsejlads med Copégoro mod Leeds og Cadiz. Temaer, som fremtræder i fortællingen, omfatter fattigdommens og skammens nedværdigelse, behovets og hjælpsomhedens ambivalens i menneskelige relationer samt flugt som praktisk og kunstnerisk udvej. [Characters]",4
"Summary #2

Fortælleren er en ung, fattig skribent i Kristiania i nutidens efterår–vinter, bosat i et spartansk losjerum over en værkstedsgård i Vaterland. Han fører en febersyg dagbog over vedvarende nød, sult og ydmygelser og driver rundt i byens kvarterer — bl.a. Karl Johan, St. Olafs Plads, Tomtegaden og Jernbanebryggen — mens han gentagne gange forsøger at skaffe arbejde eller småbeløb ved henvendelser på redaktioner, hos handlende og bekendte; nogle giver ham penge eller medlidenhedsbeviser, andre afviser ham. Efter en natlig krise og et anfald får han kortvarig hjælp fra en ekspedient og senere fra en person kaldet “Kommandøren”, hvilket midlertidigt sikrer logi og et måltid, men efterfølges af nye feberanfald og religiøs vrede.

I denne nødstilstand møder han gentagne gange en sortklædt, sløret kvinde ved en gaslygte, som han kalder Ylajali; deres relation udvikler sig fra gåture og samtaler i gaderne til ambivalente besøg i hendes lejlighed i Nummer 2, hvor de veksler mellem leg, ømhed og tilbageholdenhed. Parallelt forsøger fortælleren at færdiggøre litterære arbejder for at betale gæld: en allegori om en brand i en boglade og senere et et-akts drama med middelaldermotiver, Korsets Tegn. Arbejdet forstyrres af logihusets støj, værtindens krav, familiens fordomme og et plaget husfællesskab.

En nat bliver han jaget ud af huset, men en fremmed styrmand griber ind og lader ham blive; næste dag inspirerer sol og havmiljø ham kortvarigt til arbejde ved skibet Copégoro, men han opgiver manuskriptet i fortvivlelse og river det itu. Konflikter i logihuset fortsætter: han opdager værtinden i intime omgivelser med styrmanden og en lam gammel mand, bliver igen truet med udsmidning, og modtager senere en lille kuvert med en tikrone, som han i forlegenhed kaster i værtindens ansigt. Sult driver ham til en kagekone ved Elefantapoteket; efter at have spist kager forsøger han at forære en til en lille dreng. Til sidst omtales hans impulsive beslutning om at søge hyre: han går ombord som ubefaren jungmand på en ballastsejlads med Copégoro mod Leeds og Cadiz. Temaer, som fremtræder i fortællingen, omfatter fattigdommens og skammens nedværdigelse, behovets og hjælpsomhedens ambivalens i menneskelige relationer samt flugt som praktisk og kunstnerisk udvej. [Plot]",4
"Summary #2

Fortælleren er en ung, fattig skribent i Kristiania i nutidens efterår–vinter, bosat i et spartansk losjerum over en værkstedsgård i Vaterland. Han fører en febersyg dagbog over vedvarende nød, sult og ydmygelser og driver rundt i byens kvarterer — bl.a. Karl Johan, St. Olafs Plads, Tomtegaden og Jernbanebryggen — mens han gentagne gange forsøger at skaffe arbejde eller småbeløb ved henvendelser på redaktioner, hos handlende og bekendte; nogle giver ham penge eller medlidenhedsbeviser, andre afviser ham. Efter en natlig krise og et anfald får han kortvarig hjælp fra en ekspedient og senere fra en person kaldet “Kommandøren”, hvilket midlertidigt sikrer logi og et måltid, men efterfølges af nye feberanfald og religiøs vrede.

I denne nødstilstand møder han gentagne gange en sortklædt, sløret kvinde ved en gaslygte, som han kalder Ylajali; deres relation udvikler sig fra gåture og samtaler i gaderne til ambivalente besøg i hendes lejlighed i Nummer 2, hvor de veksler mellem leg, ømhed og tilbageholdenhed. Parallelt forsøger fortælleren at færdiggøre litterære arbejder for at betale gæld: en allegori om en brand i en boglade og senere et et-akts drama med middelaldermotiver, Korsets Tegn. Arbejdet forstyrres af logihusets støj, værtindens krav, familiens fordomme og et plaget husfællesskab.

En nat bliver han jaget ud af huset, men en fremmed styrmand griber ind og lader ham blive; næste dag inspirerer sol og havmiljø ham kortvarigt til arbejde ved skibet Copégoro, men han opgiver manuskriptet i fortvivlelse og river det itu. Konflikter i logihuset fortsætter: han opdager værtinden i intime omgivelser med styrmanden og en lam gammel mand, bliver igen truet med udsmidning, og modtager senere en lille kuvert med en tikrone, som han i forlegenhed kaster i værtindens ansigt. Sult driver ham til en kagekone ved Elefantapoteket; efter at have spist kager forsøger han at forære en til en lille dreng. Til sidst omtales hans impulsive beslutning om at søge hyre: han går ombord som ubefaren jungmand på en ballastsejlads med Copégoro mod Leeds og Cadiz. Temaer, som fremtræder i fortællingen, omfatter fattigdommens og skammens nedværdigelse, behovets og hjælpsomhedens ambivalens i menneskelige relationer samt flugt som praktisk og kunstnerisk udvej. [Themes]",3
"Summary #3

I efterårs-Kristiania lever en unavngiven ung forfatter på et ubetalt kvistværelse uden mad eller penge. Ti kroner for en føljeton forsvinder straks, og han mister værelset; han overnatter i skoven og på politistationen, pantsætter sit tæppe, får afslag på alle job og driver rundt i regn og kulde. En tilfældig ekstrabytte i en kolonial giver et enkelt måltid, men artiklerne afvises, og han tygger træflis for at dulme sulten. I vanvidsglimt overvejer han tyveri og prostitution, stjæler til sidst et lys og fem kroner, og skriver under en gadelygte en ufuldendt artikel. En nat bider han sin finger for at holde sig vågen; næste aften møder han den sortklædte “Ylajali” ved St. Olafs Plads og kysser hende ved fontænen. Han lever af tilfældige håndører, et tyveri og en opkastet bøf, skifter mellem selvforagt og flygtig lykke. Efter at have betalt de stjålne penge tilbage og modtaget ti kroner af “Kommandøren” får han husly i “Beværtning & Logi for Rejsende” i Tomtegaden. To gange besøger han Ylajali: første gang bekender han sin fattigdom, anden gang kysser hun ham i halvmørket, men trækker sig, da han vil gå længre. Da han fortæller om sult og tyveri, kalder hun ham “gal”, men siger, at hun “er glad i ham alligevel”. Næste dag ser hende i rød kjole med “Hertugen”; han sværger at bøje hende med sit nye drama. Vinteren kommer, tåget og rå. Han bliver boende på kredit i Vaterland, skriver på en allegori om en ildebrand og på et-akts-middelalderstykket “Korsets Tegn”, men må flytte ned i familiens overfyldte stue og sove på gulvet. Smidt ud driver han på bænke ved Fæstningen, ødelægger sit manuskript og river det itu. Tilbage i logihuset overværer han gennem nøglehullet værtinden med en styrmand, jages ud og får af en bud en anonym konvolut med ti kroner; i raseri kaster han pengene tilbage, falder om og opdager senere, at de må komme fra Ylajali. Han skammer sig, skændes sig til brød hos kagekonen ved Elefantapoteket, giver den sidste kage til en spyttet dreng og går ned til havnen, hvor en svensk skipper på den russiske bark “Copégoro” optager ham som “jungmand” mod Leeds. [Fluency]",3
"Summary #3

I efterårs-Kristiania lever en unavngiven ung forfatter på et ubetalt kvistværelse uden mad eller penge. Ti kroner for en føljeton forsvinder straks, og han mister værelset; han overnatter i skoven og på politistationen, pantsætter sit tæppe, får afslag på alle job og driver rundt i regn og kulde. En tilfældig ekstrabytte i en kolonial giver et enkelt måltid, men artiklerne afvises, og han tygger træflis for at dulme sulten. I vanvidsglimt overvejer han tyveri og prostitution, stjæler til sidst et lys og fem kroner, og skriver under en gadelygte en ufuldendt artikel. En nat bider han sin finger for at holde sig vågen; næste aften møder han den sortklædte “Ylajali” ved St. Olafs Plads og kysser hende ved fontænen. Han lever af tilfældige håndører, et tyveri og en opkastet bøf, skifter mellem selvforagt og flygtig lykke. Efter at have betalt de stjålne penge tilbage og modtaget ti kroner af “Kommandøren” får han husly i “Beværtning & Logi for Rejsende” i Tomtegaden. To gange besøger han Ylajali: første gang bekender han sin fattigdom, anden gang kysser hun ham i halvmørket, men trækker sig, da han vil gå længre. Da han fortæller om sult og tyveri, kalder hun ham “gal”, men siger, at hun “er glad i ham alligevel”. Næste dag ser hende i rød kjole med “Hertugen”; han sværger at bøje hende med sit nye drama. Vinteren kommer, tåget og rå. Han bliver boende på kredit i Vaterland, skriver på en allegori om en ildebrand og på et-akts-middelalderstykket “Korsets Tegn”, men må flytte ned i familiens overfyldte stue og sove på gulvet. Smidt ud driver han på bænke ved Fæstningen, ødelægger sit manuskript og river det itu. Tilbage i logihuset overværer han gennem nøglehullet værtinden med en styrmand, jages ud og får af en bud en anonym konvolut med ti kroner; i raseri kaster han pengene tilbage, falder om og opdager senere, at de må komme fra Ylajali. Han skammer sig, skændes sig til brød hos kagekonen ved Elefantapoteket, giver den sidste kage til en spyttet dreng og går ned til havnen, hvor en svensk skipper på den russiske bark “Copégoro” optager ham som “jungmand” mod Leeds. [Coherence]",3
"Summary #3

I efterårs-Kristiania lever en unavngiven ung forfatter på et ubetalt kvistværelse uden mad eller penge. Ti kroner for en føljeton forsvinder straks, og han mister værelset; han overnatter i skoven og på politistationen, pantsætter sit tæppe, får afslag på alle job og driver rundt i regn og kulde. En tilfældig ekstrabytte i en kolonial giver et enkelt måltid, men artiklerne afvises, og han tygger træflis for at dulme sulten. I vanvidsglimt overvejer han tyveri og prostitution, stjæler til sidst et lys og fem kroner, og skriver under en gadelygte en ufuldendt artikel. En nat bider han sin finger for at holde sig vågen; næste aften møder han den sortklædte “Ylajali” ved St. Olafs Plads og kysser hende ved fontænen. Han lever af tilfældige håndører, et tyveri og en opkastet bøf, skifter mellem selvforagt og flygtig lykke. Efter at have betalt de stjålne penge tilbage og modtaget ti kroner af “Kommandøren” får han husly i “Beværtning & Logi for Rejsende” i Tomtegaden. To gange besøger han Ylajali: første gang bekender han sin fattigdom, anden gang kysser hun ham i halvmørket, men trækker sig, da han vil gå længre. Da han fortæller om sult og tyveri, kalder hun ham “gal”, men siger, at hun “er glad i ham alligevel”. Næste dag ser hende i rød kjole med “Hertugen”; han sværger at bøje hende med sit nye drama. Vinteren kommer, tåget og rå. Han bliver boende på kredit i Vaterland, skriver på en allegori om en ildebrand og på et-akts-middelalderstykket “Korsets Tegn”, men må flytte ned i familiens overfyldte stue og sove på gulvet. Smidt ud driver han på bænke ved Fæstningen, ødelægger sit manuskript og river det itu. Tilbage i logihuset overværer han gennem nøglehullet værtinden med en styrmand, jages ud og får af en bud en anonym konvolut med ti kroner; i raseri kaster han pengene tilbage, falder om og opdager senere, at de må komme fra Ylajali. Han skammer sig, skændes sig til brød hos kagekonen ved Elefantapoteket, giver den sidste kage til en spyttet dreng og går ned til havnen, hvor en svensk skipper på den russiske bark “Copégoro” optager ham som “jungmand” mod Leeds. [Relevance]",4
"Summary #3

I efterårs-Kristiania lever en unavngiven ung forfatter på et ubetalt kvistværelse uden mad eller penge. Ti kroner for en føljeton forsvinder straks, og han mister værelset; han overnatter i skoven og på politistationen, pantsætter sit tæppe, får afslag på alle job og driver rundt i regn og kulde. En tilfældig ekstrabytte i en kolonial giver et enkelt måltid, men artiklerne afvises, og han tygger træflis for at dulme sulten. I vanvidsglimt overvejer han tyveri og prostitution, stjæler til sidst et lys og fem kroner, og skriver under en gadelygte en ufuldendt artikel. En nat bider han sin finger for at holde sig vågen; næste aften møder han den sortklædte “Ylajali” ved St. Olafs Plads og kysser hende ved fontænen. Han lever af tilfældige håndører, et tyveri og en opkastet bøf, skifter mellem selvforagt og flygtig lykke. Efter at have betalt de stjålne penge tilbage og modtaget ti kroner af “Kommandøren” får han husly i “Beværtning & Logi for Rejsende” i Tomtegaden. To gange besøger han Ylajali: første gang bekender han sin fattigdom, anden gang kysser hun ham i halvmørket, men trækker sig, da han vil gå længre. Da han fortæller om sult og tyveri, kalder hun ham “gal”, men siger, at hun “er glad i ham alligevel”. Næste dag ser hende i rød kjole med “Hertugen”; han sværger at bøje hende med sit nye drama. Vinteren kommer, tåget og rå. Han bliver boende på kredit i Vaterland, skriver på en allegori om en ildebrand og på et-akts-middelalderstykket “Korsets Tegn”, men må flytte ned i familiens overfyldte stue og sove på gulvet. Smidt ud driver han på bænke ved Fæstningen, ødelægger sit manuskript og river det itu. Tilbage i logihuset overværer han gennem nøglehullet værtinden med en styrmand, jages ud og får af en bud en anonym konvolut med ti kroner; i raseri kaster han pengene tilbage, falder om og opdager senere, at de må komme fra Ylajali. Han skammer sig, skændes sig til brød hos kagekonen ved Elefantapoteket, giver den sidste kage til en spyttet dreng og går ned til havnen, hvor en svensk skipper på den russiske bark “Copégoro” optager ham som “jungmand” mod Leeds. [Factuality]",3
"Summary #3

I efterårs-Kristiania lever en unavngiven ung forfatter på et ubetalt kvistværelse uden mad eller penge. Ti kroner for en føljeton forsvinder straks, og han mister værelset; han overnatter i skoven og på politistationen, pantsætter sit tæppe, får afslag på alle job og driver rundt i regn og kulde. En tilfældig ekstrabytte i en kolonial giver et enkelt måltid, men artiklerne afvises, og han tygger træflis for at dulme sulten. I vanvidsglimt overvejer han tyveri og prostitution, stjæler til sidst et lys og fem kroner, og skriver under en gadelygte en ufuldendt artikel. En nat bider han sin finger for at holde sig vågen; næste aften møder han den sortklædte “Ylajali” ved St. Olafs Plads og kysser hende ved fontænen. Han lever af tilfældige håndører, et tyveri og en opkastet bøf, skifter mellem selvforagt og flygtig lykke. Efter at have betalt de stjålne penge tilbage og modtaget ti kroner af “Kommandøren” får han husly i “Beværtning & Logi for Rejsende” i Tomtegaden. To gange besøger han Ylajali: første gang bekender han sin fattigdom, anden gang kysser hun ham i halvmørket, men trækker sig, da han vil gå længre. Da han fortæller om sult og tyveri, kalder hun ham “gal”, men siger, at hun “er glad i ham alligevel”. Næste dag ser hende i rød kjole med “Hertugen”; han sværger at bøje hende med sit nye drama. Vinteren kommer, tåget og rå. Han bliver boende på kredit i Vaterland, skriver på en allegori om en ildebrand og på et-akts-middelalderstykket “Korsets Tegn”, men må flytte ned i familiens overfyldte stue og sove på gulvet. Smidt ud driver han på bænke ved Fæstningen, ødelægger sit manuskript og river det itu. Tilbage i logihuset overværer han gennem nøglehullet værtinden med en styrmand, jages ud og får af en bud en anonym konvolut med ti kroner; i raseri kaster han pengene tilbage, falder om og opdager senere, at de må komme fra Ylajali. Han skammer sig, skændes sig til brød hos kagekonen ved Elefantapoteket, giver den sidste kage til en spyttet dreng og går ned til havnen, hvor en svensk skipper på den russiske bark “Copégoro” optager ham som “jungmand” mod Leeds. [Time]",2
"Summary #3

I efterårs-Kristiania lever en unavngiven ung forfatter på et ubetalt kvistværelse uden mad eller penge. Ti kroner for en føljeton forsvinder straks, og han mister værelset; han overnatter i skoven og på politistationen, pantsætter sit tæppe, får afslag på alle job og driver rundt i regn og kulde. En tilfældig ekstrabytte i en kolonial giver et enkelt måltid, men artiklerne afvises, og han tygger træflis for at dulme sulten. I vanvidsglimt overvejer han tyveri og prostitution, stjæler til sidst et lys og fem kroner, og skriver under en gadelygte en ufuldendt artikel. En nat bider han sin finger for at holde sig vågen; næste aften møder han den sortklædte “Ylajali” ved St. Olafs Plads og kysser hende ved fontænen. Han lever af tilfældige håndører, et tyveri og en opkastet bøf, skifter mellem selvforagt og flygtig lykke. Efter at have betalt de stjålne penge tilbage og modtaget ti kroner af “Kommandøren” får han husly i “Beværtning & Logi for Rejsende” i Tomtegaden. To gange besøger han Ylajali: første gang bekender han sin fattigdom, anden gang kysser hun ham i halvmørket, men trækker sig, da han vil gå længre. Da han fortæller om sult og tyveri, kalder hun ham “gal”, men siger, at hun “er glad i ham alligevel”. Næste dag ser hende i rød kjole med “Hertugen”; han sværger at bøje hende med sit nye drama. Vinteren kommer, tåget og rå. Han bliver boende på kredit i Vaterland, skriver på en allegori om en ildebrand og på et-akts-middelalderstykket “Korsets Tegn”, men må flytte ned i familiens overfyldte stue og sove på gulvet. Smidt ud driver han på bænke ved Fæstningen, ødelægger sit manuskript og river det itu. Tilbage i logihuset overværer han gennem nøglehullet værtinden med en styrmand, jages ud og får af en bud en anonym konvolut med ti kroner; i raseri kaster han pengene tilbage, falder om og opdager senere, at de må komme fra Ylajali. Han skammer sig, skændes sig til brød hos kagekonen ved Elefantapoteket, giver den sidste kage til en spyttet dreng og går ned til havnen, hvor en svensk skipper på den russiske bark “Copégoro” optager ham som “jungmand” mod Leeds. [Place]",2
"Summary #3

I efterårs-Kristiania lever en unavngiven ung forfatter på et ubetalt kvistværelse uden mad eller penge. Ti kroner for en føljeton forsvinder straks, og han mister værelset; han overnatter i skoven og på politistationen, pantsætter sit tæppe, får afslag på alle job og driver rundt i regn og kulde. En tilfældig ekstrabytte i en kolonial giver et enkelt måltid, men artiklerne afvises, og han tygger træflis for at dulme sulten. I vanvidsglimt overvejer han tyveri og prostitution, stjæler til sidst et lys og fem kroner, og skriver under en gadelygte en ufuldendt artikel. En nat bider han sin finger for at holde sig vågen; næste aften møder han den sortklædte “Ylajali” ved St. Olafs Plads og kysser hende ved fontænen. Han lever af tilfældige håndører, et tyveri og en opkastet bøf, skifter mellem selvforagt og flygtig lykke. Efter at have betalt de stjålne penge tilbage og modtaget ti kroner af “Kommandøren” får han husly i “Beværtning & Logi for Rejsende” i Tomtegaden. To gange besøger han Ylajali: første gang bekender han sin fattigdom, anden gang kysser hun ham i halvmørket, men trækker sig, da han vil gå længre. Da han fortæller om sult og tyveri, kalder hun ham “gal”, men siger, at hun “er glad i ham alligevel”. Næste dag ser hende i rød kjole med “Hertugen”; han sværger at bøje hende med sit nye drama. Vinteren kommer, tåget og rå. Han bliver boende på kredit i Vaterland, skriver på en allegori om en ildebrand og på et-akts-middelalderstykket “Korsets Tegn”, men må flytte ned i familiens overfyldte stue og sove på gulvet. Smidt ud driver han på bænke ved Fæstningen, ødelægger sit manuskript og river det itu. Tilbage i logihuset overværer han gennem nøglehullet værtinden med en styrmand, jages ud og får af en bud en anonym konvolut med ti kroner; i raseri kaster han pengene tilbage, falder om og opdager senere, at de må komme fra Ylajali. Han skammer sig, skændes sig til brød hos kagekonen ved Elefantapoteket, giver den sidste kage til en spyttet dreng og går ned til havnen, hvor en svensk skipper på den russiske bark “Copégoro” optager ham som “jungmand” mod Leeds. [Characters]",3
"Summary #3

I efterårs-Kristiania lever en unavngiven ung forfatter på et ubetalt kvistværelse uden mad eller penge. Ti kroner for en føljeton forsvinder straks, og han mister værelset; han overnatter i skoven og på politistationen, pantsætter sit tæppe, får afslag på alle job og driver rundt i regn og kulde. En tilfældig ekstrabytte i en kolonial giver et enkelt måltid, men artiklerne afvises, og han tygger træflis for at dulme sulten. I vanvidsglimt overvejer han tyveri og prostitution, stjæler til sidst et lys og fem kroner, og skriver under en gadelygte en ufuldendt artikel. En nat bider han sin finger for at holde sig vågen; næste aften møder han den sortklædte “Ylajali” ved St. Olafs Plads og kysser hende ved fontænen. Han lever af tilfældige håndører, et tyveri og en opkastet bøf, skifter mellem selvforagt og flygtig lykke. Efter at have betalt de stjålne penge tilbage og modtaget ti kroner af “Kommandøren” får han husly i “Beværtning & Logi for Rejsende” i Tomtegaden. To gange besøger han Ylajali: første gang bekender han sin fattigdom, anden gang kysser hun ham i halvmørket, men trækker sig, da han vil gå længre. Da han fortæller om sult og tyveri, kalder hun ham “gal”, men siger, at hun “er glad i ham alligevel”. Næste dag ser hende i rød kjole med “Hertugen”; han sværger at bøje hende med sit nye drama. Vinteren kommer, tåget og rå. Han bliver boende på kredit i Vaterland, skriver på en allegori om en ildebrand og på et-akts-middelalderstykket “Korsets Tegn”, men må flytte ned i familiens overfyldte stue og sove på gulvet. Smidt ud driver han på bænke ved Fæstningen, ødelægger sit manuskript og river det itu. Tilbage i logihuset overværer han gennem nøglehullet værtinden med en styrmand, jages ud og får af en bud en anonym konvolut med ti kroner; i raseri kaster han pengene tilbage, falder om og opdager senere, at de må komme fra Ylajali. Han skammer sig, skændes sig til brød hos kagekonen ved Elefantapoteket, giver den sidste kage til en spyttet dreng og går ned til havnen, hvor en svensk skipper på den russiske bark “Copégoro” optager ham som “jungmand” mod Leeds. [Plot]",4
"Summary #3

I efterårs-Kristiania lever en unavngiven ung forfatter på et ubetalt kvistværelse uden mad eller penge. Ti kroner for en føljeton forsvinder straks, og han mister værelset; han overnatter i skoven og på politistationen, pantsætter sit tæppe, får afslag på alle job og driver rundt i regn og kulde. En tilfældig ekstrabytte i en kolonial giver et enkelt måltid, men artiklerne afvises, og han tygger træflis for at dulme sulten. I vanvidsglimt overvejer han tyveri og prostitution, stjæler til sidst et lys og fem kroner, og skriver under en gadelygte en ufuldendt artikel. En nat bider han sin finger for at holde sig vågen; næste aften møder han den sortklædte “Ylajali” ved St. Olafs Plads og kysser hende ved fontænen. Han lever af tilfældige håndører, et tyveri og en opkastet bøf, skifter mellem selvforagt og flygtig lykke. Efter at have betalt de stjålne penge tilbage og modtaget ti kroner af “Kommandøren” får han husly i “Beværtning & Logi for Rejsende” i Tomtegaden. To gange besøger han Ylajali: første gang bekender han sin fattigdom, anden gang kysser hun ham i halvmørket, men trækker sig, da han vil gå længre. Da han fortæller om sult og tyveri, kalder hun ham “gal”, men siger, at hun “er glad i ham alligevel”. Næste dag ser hende i rød kjole med “Hertugen”; han sværger at bøje hende med sit nye drama. Vinteren kommer, tåget og rå. Han bliver boende på kredit i Vaterland, skriver på en allegori om en ildebrand og på et-akts-middelalderstykket “Korsets Tegn”, men må flytte ned i familiens overfyldte stue og sove på gulvet. Smidt ud driver han på bænke ved Fæstningen, ødelægger sit manuskript og river det itu. Tilbage i logihuset overværer han gennem nøglehullet værtinden med en styrmand, jages ud og får af en bud en anonym konvolut med ti kroner; i raseri kaster han pengene tilbage, falder om og opdager senere, at de må komme fra Ylajali. Han skammer sig, skændes sig til brød hos kagekonen ved Elefantapoteket, giver den sidste kage til en spyttet dreng og går ned til havnen, hvor en svensk skipper på den russiske bark “Copégoro” optager ham som “jungmand” mod Leeds. [Themes]",2
novel_id,Naturalisterne
"Summary #1

I juni 18-årige student Knut Nordlings familie forlader Stockholm for sommerhuset Bjørkudden i skærgården, hvor Knut vil studere “naturens” liv frem for “kulturens”. Med følger hans mor, den tidligere comtesse, den pligtopfyldende grosserer-fader, fætter Thure og vennen Flodén, en excentrisk, kvindefjendsk småskolelærer. Knut og den naturalistisk indstillede Helfrid Wallgren vil på gården Kolbotten indsamle iagttagelser til Fru Engbloms antikivilisationsprojekt. Vandringen gennem tomme marker gør Knut dog vemodig: selv her føler han sig iagttaget af “kulturen”. Næste dag følger de arbejderne hjem, ser den solide Karin Pehrsdotter og konkluderer, at kun personlig kærlighed til en bondepige kan bryde deres arv. Ved stranden proklamerer Flodén, at han vil leve som “naturmenneske”, og lejer sig ind hos Frøken Stråle på Lugnet. Knut og Helfrid besøger Pehr Anderssons familie: Pehr, hans kone Brita, sønnen Anders og Karin. De forelsker sig hver i sit “objekt” og lover Karin tavshed om hendes kys med Anders. De ser dog også Pehrs hårdhed og fjortenårige Olies flugtplaner. Da de overrasker Karin og Anders i en omfavnelse, dæmpes deres egne følelser til “platonisk varme”. Thures musikalske søster Ebba ankommer, ler ad Flodéns gaucho-forsøg og bringer byens lethed med sig. Ved høstgildet brydes idyllen: Karin forlover sig med den rige vognmand Kalle Fredriksson, Olie vil til byen, og ingen vil blive bonde. Knut opgiver bondelivsidealet og forelsker sig i Ebba; Helfrid klynger sig til det og beslutter at tage… [Fluency]",3
"Summary #1

I juni 18-årige student Knut Nordlings familie forlader Stockholm for sommerhuset Bjørkudden i skærgården, hvor Knut vil studere “naturens” liv frem for “kulturens”. Med følger hans mor, den tidligere comtesse, den pligtopfyldende grosserer-fader, fætter Thure og vennen Flodén, en excentrisk, kvindefjendsk småskolelærer. Knut og den naturalistisk indstillede Helfrid Wallgren vil på gården Kolbotten indsamle iagttagelser til Fru Engbloms antikivilisationsprojekt. Vandringen gennem tomme marker gør Knut dog vemodig: selv her føler han sig iagttaget af “kulturen”. Næste dag følger de arbejderne hjem, ser den solide Karin Pehrsdotter og konkluderer, at kun personlig kærlighed til en bondepige kan bryde deres arv. Ved stranden proklamerer Flodén, at han vil leve som “naturmenneske”, og lejer sig ind hos Frøken Stråle på Lugnet. Knut og Helfrid besøger Pehr Anderssons familie: Pehr, hans kone Brita, sønnen Anders og Karin. De forelsker sig hver i sit “objekt” og lover Karin tavshed om hendes kys med Anders. De ser dog også Pehrs hårdhed og fjortenårige Olies flugtplaner. Da de overrasker Karin og Anders i en omfavnelse, dæmpes deres egne følelser til “platonisk varme”. Thures musikalske søster Ebba ankommer, ler ad Flodéns gaucho-forsøg og bringer byens lethed med sig. Ved høstgildet brydes idyllen: Karin forlover sig med den rige vognmand Kalle Fredriksson, Olie vil til byen, og ingen vil blive bonde. Knut opgiver bondelivsidealet og forelsker sig i Ebba; Helfrid klynger sig til det og beslutter at tage… [Coherence]",3
"Summary #1

I juni 18-årige student Knut Nordlings familie forlader Stockholm for sommerhuset Bjørkudden i skærgården, hvor Knut vil studere “naturens” liv frem for “kulturens”. Med følger hans mor, den tidligere comtesse, den pligtopfyldende grosserer-fader, fætter Thure og vennen Flodén, en excentrisk, kvindefjendsk småskolelærer. Knut og den naturalistisk indstillede Helfrid Wallgren vil på gården Kolbotten indsamle iagttagelser til Fru Engbloms antikivilisationsprojekt. Vandringen gennem tomme marker gør Knut dog vemodig: selv her føler han sig iagttaget af “kulturen”. Næste dag følger de arbejderne hjem, ser den solide Karin Pehrsdotter og konkluderer, at kun personlig kærlighed til en bondepige kan bryde deres arv. Ved stranden proklamerer Flodén, at han vil leve som “naturmenneske”, og lejer sig ind hos Frøken Stråle på Lugnet. Knut og Helfrid besøger Pehr Anderssons familie: Pehr, hans kone Brita, sønnen Anders og Karin. De forelsker sig hver i sit “objekt” og lover Karin tavshed om hendes kys med Anders. De ser dog også Pehrs hårdhed og fjortenårige Olies flugtplaner. Da de overrasker Karin og Anders i en omfavnelse, dæmpes deres egne følelser til “platonisk varme”. Thures musikalske søster Ebba ankommer, ler ad Flodéns gaucho-forsøg og bringer byens lethed med sig. Ved høstgildet brydes idyllen: Karin forlover sig med den rige vognmand Kalle Fredriksson, Olie vil til byen, og ingen vil blive bonde. Knut opgiver bondelivsidealet og forelsker sig i Ebba; Helfrid klynger sig til det og beslutter at tage… [Relevance]",3
"Summary #1

I juni 18-årige student Knut Nordlings familie forlader Stockholm for sommerhuset Bjørkudden i skærgården, hvor Knut vil studere “naturens” liv frem for “kulturens”. Med følger hans mor, den tidligere comtesse, den pligtopfyldende grosserer-fader, fætter Thure og vennen Flodén, en excentrisk, kvindefjendsk småskolelærer. Knut og den naturalistisk indstillede Helfrid Wallgren vil på gården Kolbotten indsamle iagttagelser til Fru Engbloms antikivilisationsprojekt. Vandringen gennem tomme marker gør Knut dog vemodig: selv her føler han sig iagttaget af “kulturen”. Næste dag følger de arbejderne hjem, ser den solide Karin Pehrsdotter og konkluderer, at kun personlig kærlighed til en bondepige kan bryde deres arv. Ved stranden proklamerer Flodén, at han vil leve som “naturmenneske”, og lejer sig ind hos Frøken Stråle på Lugnet. Knut og Helfrid besøger Pehr Anderssons familie: Pehr, hans kone Brita, sønnen Anders og Karin. De forelsker sig hver i sit “objekt” og lover Karin tavshed om hendes kys med Anders. De ser dog også Pehrs hårdhed og fjortenårige Olies flugtplaner. Da de overrasker Karin og Anders i en omfavnelse, dæmpes deres egne følelser til “platonisk varme”. Thures musikalske søster Ebba ankommer, ler ad Flodéns gaucho-forsøg og bringer byens lethed med sig. Ved høstgildet brydes idyllen: Karin forlover sig med den rige vognmand Kalle Fredriksson, Olie vil til byen, og ingen vil blive bonde. Knut opgiver bondelivsidealet og forelsker sig i Ebba; Helfrid klynger sig til det og beslutter at tage… [Factuality]",2
"Summary #1

I juni 18-årige student Knut Nordlings familie forlader Stockholm for sommerhuset Bjørkudden i skærgården, hvor Knut vil studere “naturens” liv frem for “kulturens”. Med følger hans mor, den tidligere comtesse, den pligtopfyldende grosserer-fader, fætter Thure og vennen Flodén, en excentrisk, kvindefjendsk småskolelærer. Knut og den naturalistisk indstillede Helfrid Wallgren vil på gården Kolbotten indsamle iagttagelser til Fru Engbloms antikivilisationsprojekt. Vandringen gennem tomme marker gør Knut dog vemodig: selv her føler han sig iagttaget af “kulturen”. Næste dag følger de arbejderne hjem, ser den solide Karin Pehrsdotter og konkluderer, at kun personlig kærlighed til en bondepige kan bryde deres arv. Ved stranden proklamerer Flodén, at han vil leve som “naturmenneske”, og lejer sig ind hos Frøken Stråle på Lugnet. Knut og Helfrid besøger Pehr Anderssons familie: Pehr, hans kone Brita, sønnen Anders og Karin. De forelsker sig hver i sit “objekt” og lover Karin tavshed om hendes kys med Anders. De ser dog også Pehrs hårdhed og fjortenårige Olies flugtplaner. Da de overrasker Karin og Anders i en omfavnelse, dæmpes deres egne følelser til “platonisk varme”. Thures musikalske søster Ebba ankommer, ler ad Flodéns gaucho-forsøg og bringer byens lethed med sig. Ved høstgildet brydes idyllen: Karin forlover sig med den rige vognmand Kalle Fredriksson, Olie vil til byen, og ingen vil blive bonde. Knut opgiver bondelivsidealet og forelsker sig i Ebba; Helfrid klynger sig til det og beslutter at tage… [Time]",2
"Summary #1

I juni 18-årige student Knut Nordlings familie forlader Stockholm for sommerhuset Bjørkudden i skærgården, hvor Knut vil studere “naturens” liv frem for “kulturens”. Med følger hans mor, den tidligere comtesse, den pligtopfyldende grosserer-fader, fætter Thure og vennen Flodén, en excentrisk, kvindefjendsk småskolelærer. Knut og den naturalistisk indstillede Helfrid Wallgren vil på gården Kolbotten indsamle iagttagelser til Fru Engbloms antikivilisationsprojekt. Vandringen gennem tomme marker gør Knut dog vemodig: selv her føler han sig iagttaget af “kulturen”. Næste dag følger de arbejderne hjem, ser den solide Karin Pehrsdotter og konkluderer, at kun personlig kærlighed til en bondepige kan bryde deres arv. Ved stranden proklamerer Flodén, at han vil leve som “naturmenneske”, og lejer sig ind hos Frøken Stråle på Lugnet. Knut og Helfrid besøger Pehr Anderssons familie: Pehr, hans kone Brita, sønnen Anders og Karin. De forelsker sig hver i sit “objekt” og lover Karin tavshed om hendes kys med Anders. De ser dog også Pehrs hårdhed og fjortenårige Olies flugtplaner. Da de overrasker Karin og Anders i en omfavnelse, dæmpes deres egne følelser til “platonisk varme”. Thures musikalske søster Ebba ankommer, ler ad Flodéns gaucho-forsøg og bringer byens lethed med sig. Ved høstgildet brydes idyllen: Karin forlover sig med den rige vognmand Kalle Fredriksson, Olie vil til byen, og ingen vil blive bonde. Knut opgiver bondelivsidealet og forelsker sig i Ebba; Helfrid klynger sig til det og beslutter at tage… [Place]",3
"Summary #1

I juni 18-årige student Knut Nordlings familie forlader Stockholm for sommerhuset Bjørkudden i skærgården, hvor Knut vil studere “naturens” liv frem for “kulturens”. Med følger hans mor, den tidligere comtesse, den pligtopfyldende grosserer-fader, fætter Thure og vennen Flodén, en excentrisk, kvindefjendsk småskolelærer. Knut og den naturalistisk indstillede Helfrid Wallgren vil på gården Kolbotten indsamle iagttagelser til Fru Engbloms antikivilisationsprojekt. Vandringen gennem tomme marker gør Knut dog vemodig: selv her føler han sig iagttaget af “kulturen”. Næste dag følger de arbejderne hjem, ser den solide Karin Pehrsdotter og konkluderer, at kun personlig kærlighed til en bondepige kan bryde deres arv. Ved stranden proklamerer Flodén, at han vil leve som “naturmenneske”, og lejer sig ind hos Frøken Stråle på Lugnet. Knut og Helfrid besøger Pehr Anderssons familie: Pehr, hans kone Brita, sønnen Anders og Karin. De forelsker sig hver i sit “objekt” og lover Karin tavshed om hendes kys med Anders. De ser dog også Pehrs hårdhed og fjortenårige Olies flugtplaner. Da de overrasker Karin og Anders i en omfavnelse, dæmpes deres egne følelser til “platonisk varme”. Thures musikalske søster Ebba ankommer, ler ad Flodéns gaucho-forsøg og bringer byens lethed med sig. Ved høstgildet brydes idyllen: Karin forlover sig med den rige vognmand Kalle Fredriksson, Olie vil til byen, og ingen vil blive bonde. Knut opgiver bondelivsidealet og forelsker sig i Ebba; Helfrid klynger sig til det og beslutter at tage… [Characters]",3
"Summary #1

I juni 18-årige student Knut Nordlings familie forlader Stockholm for sommerhuset Bjørkudden i skærgården, hvor Knut vil studere “naturens” liv frem for “kulturens”. Med følger hans mor, den tidligere comtesse, den pligtopfyldende grosserer-fader, fætter Thure og vennen Flodén, en excentrisk, kvindefjendsk småskolelærer. Knut og den naturalistisk indstillede Helfrid Wallgren vil på gården Kolbotten indsamle iagttagelser til Fru Engbloms antikivilisationsprojekt. Vandringen gennem tomme marker gør Knut dog vemodig: selv her føler han sig iagttaget af “kulturen”. Næste dag følger de arbejderne hjem, ser den solide Karin Pehrsdotter og konkluderer, at kun personlig kærlighed til en bondepige kan bryde deres arv. Ved stranden proklamerer Flodén, at han vil leve som “naturmenneske”, og lejer sig ind hos Frøken Stråle på Lugnet. Knut og Helfrid besøger Pehr Anderssons familie: Pehr, hans kone Brita, sønnen Anders og Karin. De forelsker sig hver i sit “objekt” og lover Karin tavshed om hendes kys med Anders. De ser dog også Pehrs hårdhed og fjortenårige Olies flugtplaner. Da de overrasker Karin og Anders i en omfavnelse, dæmpes deres egne følelser til “platonisk varme”. Thures musikalske søster Ebba ankommer, ler ad Flodéns gaucho-forsøg og bringer byens lethed med sig. Ved høstgildet brydes idyllen: Karin forlover sig med den rige vognmand Kalle Fredriksson, Olie vil til byen, og ingen vil blive bonde. Knut opgiver bondelivsidealet og forelsker sig i Ebba; Helfrid klynger sig til det og beslutter at tage… [Plot]",2
"Summary #1

I juni 18-årige student Knut Nordlings familie forlader Stockholm for sommerhuset Bjørkudden i skærgården, hvor Knut vil studere “naturens” liv frem for “kulturens”. Med følger hans mor, den tidligere comtesse, den pligtopfyldende grosserer-fader, fætter Thure og vennen Flodén, en excentrisk, kvindefjendsk småskolelærer. Knut og den naturalistisk indstillede Helfrid Wallgren vil på gården Kolbotten indsamle iagttagelser til Fru Engbloms antikivilisationsprojekt. Vandringen gennem tomme marker gør Knut dog vemodig: selv her føler han sig iagttaget af “kulturen”. Næste dag følger de arbejderne hjem, ser den solide Karin Pehrsdotter og konkluderer, at kun personlig kærlighed til en bondepige kan bryde deres arv. Ved stranden proklamerer Flodén, at han vil leve som “naturmenneske”, og lejer sig ind hos Frøken Stråle på Lugnet. Knut og Helfrid besøger Pehr Anderssons familie: Pehr, hans kone Brita, sønnen Anders og Karin. De forelsker sig hver i sit “objekt” og lover Karin tavshed om hendes kys med Anders. De ser dog også Pehrs hårdhed og fjortenårige Olies flugtplaner. Da de overrasker Karin og Anders i en omfavnelse, dæmpes deres egne følelser til “platonisk varme”. Thures musikalske søster Ebba ankommer, ler ad Flodéns gaucho-forsøg og bringer byens lethed med sig. Ved høstgildet brydes idyllen: Karin forlover sig med den rige vognmand Kalle Fredriksson, Olie vil til byen, og ingen vil blive bonde. Knut opgiver bondelivsidealet og forelsker sig i Ebba; Helfrid klynger sig til det og beslutter at tage… [Themes]",2
"Summary #2

Romanen foregår i Stockholms skærgård under en usædvanlig varm sommer og er knyttet til et borgerligt, stockholmsk miljø præget af samtidens diskussioner om civilisation, natur og reform. Ved Bjørkudden venter de unge fætre Knut Nordling og Thure Lindstrømer på dampskibet og skændes om romantik og nytte. I tilbageblik skildres Thures opvækst som fosterbror i Nordlings hjem på Drottninggatan, hvor grosserer Nordlings strenge logik og fru Nordlings (født comtesse) nervøse, stemningsdyrkende væsen danner baggrund for især Knuts splittelse mellem kultur og natur. Knut drages mod fru Engbloms civilisationskritiske kreds og gør forestillingen om en “naturtilstand” til et ideal, mens Thure forholder sig mere praktisk og skeptisk.

Sommeren tilbringes, mens Wallgrens bor på Kärrboda og Nordlings på den villaagtige Bjørkudden. Knut og Helfrid Wallgren beslutter at studere en bondefamilie på gården Kolbotten for at forstå bøndernes tanke- og følelsesliv. De taler samtidig om kandidat Flodén, en stockholmsk original med aggressiv civilisationskritik og kvindefjendske holdninger; Helfrid fastholder principielt, at hun kun vil gifte sig med et stærkt “naturmenneske”. Flodén gæster Bjørkudden, kommer i konflikt med grosserer Nordling og bliver besværlig, så Thure tager ham med på fiskeri, mens Knut og Helfrid vandrer til Kolbotten og aner, hvor svært det er at “slide kulturen af sig”.

På Kolbotten idealiserer Knut bonden Pehr Anderssons hushold og især børnene Anders og Karin Pehrsdotter; samtidig projicerer han drømme om et liv med Karin, mens Helfrid hemmeligt sværmer for Anders. Med tiden opdager de Pehr Anderssons hårde regimente, påholdenhed og tegn på “civilisationssmitte”, ikke mindst sønnen Olie, der vil til Stockholm. Da de ser Karin og Anders kysse bag laden, lærer de, at kærlighed og ægteskab på gården styres af forhandlinger med faderen om vilkår og medgift.

Flodén flytter ind på nabogården Lugnet hos frøken Stråle og forsøger at leve “naturalistisk” gennem komiske, mislykkede eksperimenter (bl.a. råt kød under sadlen og senere en bumerang, der smadrer et mælkefad), mens hun i stigende grad beskytter ham. Samtidig glider Knut i praksis fra bondeidealet og nærmer sig den unge Ebba, der med praktisk sans argumenterer for en “middelvej” mellem natur og civilisation. Thure indser, at Knut ikke elsker Helfrid, og bliver selv tiltrukket af hende.

Ved et høstgilde på Kolbotten bryder idyllen sammen: Karin foretrækker den byklædte Kalle Fredriksson fra Bergvik, der arbejder i Stockholm og tjener godt, og Anders indrømmer kynisk, at han selv ville “komme ind” på gården for pengenes skyld. Karin erklærer, at hun vil til byen og blive “blandt de bedre”. Knut opgiver herefter bondeidealet, mens Helfrid trodsigt vil tage tjeneste på en bondegård, men oplever i hjemmet ydmygende øvelser i landarbejde. Da Thure finder hende grædende i fjøset, trøster han hende, og de bliver forlovet; hun opgiver planen.

På Bjørkudden ønsker fru Nordling en forbindelse mellem Knut og Ebba. En ulykke, hvor drengen Jens hugger sig i benet, bliver afgørende: fru Nordling besvimer, mens Ebba handlekraftigt organiserer pleje og forbinding. Knut beundrer hendes ugenerthed og frier senere ved fjorden i måneskin; Ebba accepterer og bebrejder hans tøven. Knut erklærer også over for Thure, at han vil væk fra sin tidligere “naturalisme” og ikke længere disputere. [Fluency]",4
"Summary #2

Romanen foregår i Stockholms skærgård under en usædvanlig varm sommer og er knyttet til et borgerligt, stockholmsk miljø præget af samtidens diskussioner om civilisation, natur og reform. Ved Bjørkudden venter de unge fætre Knut Nordling og Thure Lindstrømer på dampskibet og skændes om romantik og nytte. I tilbageblik skildres Thures opvækst som fosterbror i Nordlings hjem på Drottninggatan, hvor grosserer Nordlings strenge logik og fru Nordlings (født comtesse) nervøse, stemningsdyrkende væsen danner baggrund for især Knuts splittelse mellem kultur og natur. Knut drages mod fru Engbloms civilisationskritiske kreds og gør forestillingen om en “naturtilstand” til et ideal, mens Thure forholder sig mere praktisk og skeptisk.

Sommeren tilbringes, mens Wallgrens bor på Kärrboda og Nordlings på den villaagtige Bjørkudden. Knut og Helfrid Wallgren beslutter at studere en bondefamilie på gården Kolbotten for at forstå bøndernes tanke- og følelsesliv. De taler samtidig om kandidat Flodén, en stockholmsk original med aggressiv civilisationskritik og kvindefjendske holdninger; Helfrid fastholder principielt, at hun kun vil gifte sig med et stærkt “naturmenneske”. Flodén gæster Bjørkudden, kommer i konflikt med grosserer Nordling og bliver besværlig, så Thure tager ham med på fiskeri, mens Knut og Helfrid vandrer til Kolbotten og aner, hvor svært det er at “slide kulturen af sig”.

På Kolbotten idealiserer Knut bonden Pehr Anderssons hushold og især børnene Anders og Karin Pehrsdotter; samtidig projicerer han drømme om et liv med Karin, mens Helfrid hemmeligt sværmer for Anders. Med tiden opdager de Pehr Anderssons hårde regimente, påholdenhed og tegn på “civilisationssmitte”, ikke mindst sønnen Olie, der vil til Stockholm. Da de ser Karin og Anders kysse bag laden, lærer de, at kærlighed og ægteskab på gården styres af forhandlinger med faderen om vilkår og medgift.

Flodén flytter ind på nabogården Lugnet hos frøken Stråle og forsøger at leve “naturalistisk” gennem komiske, mislykkede eksperimenter (bl.a. råt kød under sadlen og senere en bumerang, der smadrer et mælkefad), mens hun i stigende grad beskytter ham. Samtidig glider Knut i praksis fra bondeidealet og nærmer sig den unge Ebba, der med praktisk sans argumenterer for en “middelvej” mellem natur og civilisation. Thure indser, at Knut ikke elsker Helfrid, og bliver selv tiltrukket af hende.

Ved et høstgilde på Kolbotten bryder idyllen sammen: Karin foretrækker den byklædte Kalle Fredriksson fra Bergvik, der arbejder i Stockholm og tjener godt, og Anders indrømmer kynisk, at han selv ville “komme ind” på gården for pengenes skyld. Karin erklærer, at hun vil til byen og blive “blandt de bedre”. Knut opgiver herefter bondeidealet, mens Helfrid trodsigt vil tage tjeneste på en bondegård, men oplever i hjemmet ydmygende øvelser i landarbejde. Da Thure finder hende grædende i fjøset, trøster han hende, og de bliver forlovet; hun opgiver planen.

På Bjørkudden ønsker fru Nordling en forbindelse mellem Knut og Ebba. En ulykke, hvor drengen Jens hugger sig i benet, bliver afgørende: fru Nordling besvimer, mens Ebba handlekraftigt organiserer pleje og forbinding. Knut beundrer hendes ugenerthed og frier senere ved fjorden i måneskin; Ebba accepterer og bebrejder hans tøven. Knut erklærer også over for Thure, at han vil væk fra sin tidligere “naturalisme” og ikke længere disputere. [Coherence]",4
"Summary #2

Romanen foregår i Stockholms skærgård under en usædvanlig varm sommer og er knyttet til et borgerligt, stockholmsk miljø præget af samtidens diskussioner om civilisation, natur og reform. Ved Bjørkudden venter de unge fætre Knut Nordling og Thure Lindstrømer på dampskibet og skændes om romantik og nytte. I tilbageblik skildres Thures opvækst som fosterbror i Nordlings hjem på Drottninggatan, hvor grosserer Nordlings strenge logik og fru Nordlings (født comtesse) nervøse, stemningsdyrkende væsen danner baggrund for især Knuts splittelse mellem kultur og natur. Knut drages mod fru Engbloms civilisationskritiske kreds og gør forestillingen om en “naturtilstand” til et ideal, mens Thure forholder sig mere praktisk og skeptisk.

Sommeren tilbringes, mens Wallgrens bor på Kärrboda og Nordlings på den villaagtige Bjørkudden. Knut og Helfrid Wallgren beslutter at studere en bondefamilie på gården Kolbotten for at forstå bøndernes tanke- og følelsesliv. De taler samtidig om kandidat Flodén, en stockholmsk original med aggressiv civilisationskritik og kvindefjendske holdninger; Helfrid fastholder principielt, at hun kun vil gifte sig med et stærkt “naturmenneske”. Flodén gæster Bjørkudden, kommer i konflikt med grosserer Nordling og bliver besværlig, så Thure tager ham med på fiskeri, mens Knut og Helfrid vandrer til Kolbotten og aner, hvor svært det er at “slide kulturen af sig”.

På Kolbotten idealiserer Knut bonden Pehr Anderssons hushold og især børnene Anders og Karin Pehrsdotter; samtidig projicerer han drømme om et liv med Karin, mens Helfrid hemmeligt sværmer for Anders. Med tiden opdager de Pehr Anderssons hårde regimente, påholdenhed og tegn på “civilisationssmitte”, ikke mindst sønnen Olie, der vil til Stockholm. Da de ser Karin og Anders kysse bag laden, lærer de, at kærlighed og ægteskab på gården styres af forhandlinger med faderen om vilkår og medgift.

Flodén flytter ind på nabogården Lugnet hos frøken Stråle og forsøger at leve “naturalistisk” gennem komiske, mislykkede eksperimenter (bl.a. råt kød under sadlen og senere en bumerang, der smadrer et mælkefad), mens hun i stigende grad beskytter ham. Samtidig glider Knut i praksis fra bondeidealet og nærmer sig den unge Ebba, der med praktisk sans argumenterer for en “middelvej” mellem natur og civilisation. Thure indser, at Knut ikke elsker Helfrid, og bliver selv tiltrukket af hende.

Ved et høstgilde på Kolbotten bryder idyllen sammen: Karin foretrækker den byklædte Kalle Fredriksson fra Bergvik, der arbejder i Stockholm og tjener godt, og Anders indrømmer kynisk, at han selv ville “komme ind” på gården for pengenes skyld. Karin erklærer, at hun vil til byen og blive “blandt de bedre”. Knut opgiver herefter bondeidealet, mens Helfrid trodsigt vil tage tjeneste på en bondegård, men oplever i hjemmet ydmygende øvelser i landarbejde. Da Thure finder hende grædende i fjøset, trøster han hende, og de bliver forlovet; hun opgiver planen.

På Bjørkudden ønsker fru Nordling en forbindelse mellem Knut og Ebba. En ulykke, hvor drengen Jens hugger sig i benet, bliver afgørende: fru Nordling besvimer, mens Ebba handlekraftigt organiserer pleje og forbinding. Knut beundrer hendes ugenerthed og frier senere ved fjorden i måneskin; Ebba accepterer og bebrejder hans tøven. Knut erklærer også over for Thure, at han vil væk fra sin tidligere “naturalisme” og ikke længere disputere. [Relevance]",3
"Summary #2

Romanen foregår i Stockholms skærgård under en usædvanlig varm sommer og er knyttet til et borgerligt, stockholmsk miljø præget af samtidens diskussioner om civilisation, natur og reform. Ved Bjørkudden venter de unge fætre Knut Nordling og Thure Lindstrømer på dampskibet og skændes om romantik og nytte. I tilbageblik skildres Thures opvækst som fosterbror i Nordlings hjem på Drottninggatan, hvor grosserer Nordlings strenge logik og fru Nordlings (født comtesse) nervøse, stemningsdyrkende væsen danner baggrund for især Knuts splittelse mellem kultur og natur. Knut drages mod fru Engbloms civilisationskritiske kreds og gør forestillingen om en “naturtilstand” til et ideal, mens Thure forholder sig mere praktisk og skeptisk.

Sommeren tilbringes, mens Wallgrens bor på Kärrboda og Nordlings på den villaagtige Bjørkudden. Knut og Helfrid Wallgren beslutter at studere en bondefamilie på gården Kolbotten for at forstå bøndernes tanke- og følelsesliv. De taler samtidig om kandidat Flodén, en stockholmsk original med aggressiv civilisationskritik og kvindefjendske holdninger; Helfrid fastholder principielt, at hun kun vil gifte sig med et stærkt “naturmenneske”. Flodén gæster Bjørkudden, kommer i konflikt med grosserer Nordling og bliver besværlig, så Thure tager ham med på fiskeri, mens Knut og Helfrid vandrer til Kolbotten og aner, hvor svært det er at “slide kulturen af sig”.

På Kolbotten idealiserer Knut bonden Pehr Anderssons hushold og især børnene Anders og Karin Pehrsdotter; samtidig projicerer han drømme om et liv med Karin, mens Helfrid hemmeligt sværmer for Anders. Med tiden opdager de Pehr Anderssons hårde regimente, påholdenhed og tegn på “civilisationssmitte”, ikke mindst sønnen Olie, der vil til Stockholm. Da de ser Karin og Anders kysse bag laden, lærer de, at kærlighed og ægteskab på gården styres af forhandlinger med faderen om vilkår og medgift.

Flodén flytter ind på nabogården Lugnet hos frøken Stråle og forsøger at leve “naturalistisk” gennem komiske, mislykkede eksperimenter (bl.a. råt kød under sadlen og senere en bumerang, der smadrer et mælkefad), mens hun i stigende grad beskytter ham. Samtidig glider Knut i praksis fra bondeidealet og nærmer sig den unge Ebba, der med praktisk sans argumenterer for en “middelvej” mellem natur og civilisation. Thure indser, at Knut ikke elsker Helfrid, og bliver selv tiltrukket af hende.

Ved et høstgilde på Kolbotten bryder idyllen sammen: Karin foretrækker den byklædte Kalle Fredriksson fra Bergvik, der arbejder i Stockholm og tjener godt, og Anders indrømmer kynisk, at han selv ville “komme ind” på gården for pengenes skyld. Karin erklærer, at hun vil til byen og blive “blandt de bedre”. Knut opgiver herefter bondeidealet, mens Helfrid trodsigt vil tage tjeneste på en bondegård, men oplever i hjemmet ydmygende øvelser i landarbejde. Da Thure finder hende grædende i fjøset, trøster han hende, og de bliver forlovet; hun opgiver planen.

På Bjørkudden ønsker fru Nordling en forbindelse mellem Knut og Ebba. En ulykke, hvor drengen Jens hugger sig i benet, bliver afgørende: fru Nordling besvimer, mens Ebba handlekraftigt organiserer pleje og forbinding. Knut beundrer hendes ugenerthed og frier senere ved fjorden i måneskin; Ebba accepterer og bebrejder hans tøven. Knut erklærer også over for Thure, at han vil væk fra sin tidligere “naturalisme” og ikke længere disputere. [Factuality]",4
"Summary #2

Romanen foregår i Stockholms skærgård under en usædvanlig varm sommer og er knyttet til et borgerligt, stockholmsk miljø præget af samtidens diskussioner om civilisation, natur og reform. Ved Bjørkudden venter de unge fætre Knut Nordling og Thure Lindstrømer på dampskibet og skændes om romantik og nytte. I tilbageblik skildres Thures opvækst som fosterbror i Nordlings hjem på Drottninggatan, hvor grosserer Nordlings strenge logik og fru Nordlings (født comtesse) nervøse, stemningsdyrkende væsen danner baggrund for især Knuts splittelse mellem kultur og natur. Knut drages mod fru Engbloms civilisationskritiske kreds og gør forestillingen om en “naturtilstand” til et ideal, mens Thure forholder sig mere praktisk og skeptisk.

Sommeren tilbringes, mens Wallgrens bor på Kärrboda og Nordlings på den villaagtige Bjørkudden. Knut og Helfrid Wallgren beslutter at studere en bondefamilie på gården Kolbotten for at forstå bøndernes tanke- og følelsesliv. De taler samtidig om kandidat Flodén, en stockholmsk original med aggressiv civilisationskritik og kvindefjendske holdninger; Helfrid fastholder principielt, at hun kun vil gifte sig med et stærkt “naturmenneske”. Flodén gæster Bjørkudden, kommer i konflikt med grosserer Nordling og bliver besværlig, så Thure tager ham med på fiskeri, mens Knut og Helfrid vandrer til Kolbotten og aner, hvor svært det er at “slide kulturen af sig”.

På Kolbotten idealiserer Knut bonden Pehr Anderssons hushold og især børnene Anders og Karin Pehrsdotter; samtidig projicerer han drømme om et liv med Karin, mens Helfrid hemmeligt sværmer for Anders. Med tiden opdager de Pehr Anderssons hårde regimente, påholdenhed og tegn på “civilisationssmitte”, ikke mindst sønnen Olie, der vil til Stockholm. Da de ser Karin og Anders kysse bag laden, lærer de, at kærlighed og ægteskab på gården styres af forhandlinger med faderen om vilkår og medgift.

Flodén flytter ind på nabogården Lugnet hos frøken Stråle og forsøger at leve “naturalistisk” gennem komiske, mislykkede eksperimenter (bl.a. råt kød under sadlen og senere en bumerang, der smadrer et mælkefad), mens hun i stigende grad beskytter ham. Samtidig glider Knut i praksis fra bondeidealet og nærmer sig den unge Ebba, der med praktisk sans argumenterer for en “middelvej” mellem natur og civilisation. Thure indser, at Knut ikke elsker Helfrid, og bliver selv tiltrukket af hende.

Ved et høstgilde på Kolbotten bryder idyllen sammen: Karin foretrækker den byklædte Kalle Fredriksson fra Bergvik, der arbejder i Stockholm og tjener godt, og Anders indrømmer kynisk, at han selv ville “komme ind” på gården for pengenes skyld. Karin erklærer, at hun vil til byen og blive “blandt de bedre”. Knut opgiver herefter bondeidealet, mens Helfrid trodsigt vil tage tjeneste på en bondegård, men oplever i hjemmet ydmygende øvelser i landarbejde. Da Thure finder hende grædende i fjøset, trøster han hende, og de bliver forlovet; hun opgiver planen.

På Bjørkudden ønsker fru Nordling en forbindelse mellem Knut og Ebba. En ulykke, hvor drengen Jens hugger sig i benet, bliver afgørende: fru Nordling besvimer, mens Ebba handlekraftigt organiserer pleje og forbinding. Knut beundrer hendes ugenerthed og frier senere ved fjorden i måneskin; Ebba accepterer og bebrejder hans tøven. Knut erklærer også over for Thure, at han vil væk fra sin tidligere “naturalisme” og ikke længere disputere. [Time ]",3
"Summary #2

Romanen foregår i Stockholms skærgård under en usædvanlig varm sommer og er knyttet til et borgerligt, stockholmsk miljø præget af samtidens diskussioner om civilisation, natur og reform. Ved Bjørkudden venter de unge fætre Knut Nordling og Thure Lindstrømer på dampskibet og skændes om romantik og nytte. I tilbageblik skildres Thures opvækst som fosterbror i Nordlings hjem på Drottninggatan, hvor grosserer Nordlings strenge logik og fru Nordlings (født comtesse) nervøse, stemningsdyrkende væsen danner baggrund for især Knuts splittelse mellem kultur og natur. Knut drages mod fru Engbloms civilisationskritiske kreds og gør forestillingen om en “naturtilstand” til et ideal, mens Thure forholder sig mere praktisk og skeptisk.

Sommeren tilbringes, mens Wallgrens bor på Kärrboda og Nordlings på den villaagtige Bjørkudden. Knut og Helfrid Wallgren beslutter at studere en bondefamilie på gården Kolbotten for at forstå bøndernes tanke- og følelsesliv. De taler samtidig om kandidat Flodén, en stockholmsk original med aggressiv civilisationskritik og kvindefjendske holdninger; Helfrid fastholder principielt, at hun kun vil gifte sig med et stærkt “naturmenneske”. Flodén gæster Bjørkudden, kommer i konflikt med grosserer Nordling og bliver besværlig, så Thure tager ham med på fiskeri, mens Knut og Helfrid vandrer til Kolbotten og aner, hvor svært det er at “slide kulturen af sig”.

På Kolbotten idealiserer Knut bonden Pehr Anderssons hushold og især børnene Anders og Karin Pehrsdotter; samtidig projicerer han drømme om et liv med Karin, mens Helfrid hemmeligt sværmer for Anders. Med tiden opdager de Pehr Anderssons hårde regimente, påholdenhed og tegn på “civilisationssmitte”, ikke mindst sønnen Olie, der vil til Stockholm. Da de ser Karin og Anders kysse bag laden, lærer de, at kærlighed og ægteskab på gården styres af forhandlinger med faderen om vilkår og medgift.

Flodén flytter ind på nabogården Lugnet hos frøken Stråle og forsøger at leve “naturalistisk” gennem komiske, mislykkede eksperimenter (bl.a. råt kød under sadlen og senere en bumerang, der smadrer et mælkefad), mens hun i stigende grad beskytter ham. Samtidig glider Knut i praksis fra bondeidealet og nærmer sig den unge Ebba, der med praktisk sans argumenterer for en “middelvej” mellem natur og civilisation. Thure indser, at Knut ikke elsker Helfrid, og bliver selv tiltrukket af hende.

Ved et høstgilde på Kolbotten bryder idyllen sammen: Karin foretrækker den byklædte Kalle Fredriksson fra Bergvik, der arbejder i Stockholm og tjener godt, og Anders indrømmer kynisk, at han selv ville “komme ind” på gården for pengenes skyld. Karin erklærer, at hun vil til byen og blive “blandt de bedre”. Knut opgiver herefter bondeidealet, mens Helfrid trodsigt vil tage tjeneste på en bondegård, men oplever i hjemmet ydmygende øvelser i landarbejde. Da Thure finder hende grædende i fjøset, trøster han hende, og de bliver forlovet; hun opgiver planen.

På Bjørkudden ønsker fru Nordling en forbindelse mellem Knut og Ebba. En ulykke, hvor drengen Jens hugger sig i benet, bliver afgørende: fru Nordling besvimer, mens Ebba handlekraftigt organiserer pleje og forbinding. Knut beundrer hendes ugenerthed og frier senere ved fjorden i måneskin; Ebba accepterer og bebrejder hans tøven. Knut erklærer også over for Thure, at han vil væk fra sin tidligere “naturalisme” og ikke længere disputere. [Place]",3
"Summary #2

Romanen foregår i Stockholms skærgård under en usædvanlig varm sommer og er knyttet til et borgerligt, stockholmsk miljø præget af samtidens diskussioner om civilisation, natur og reform. Ved Bjørkudden venter de unge fætre Knut Nordling og Thure Lindstrømer på dampskibet og skændes om romantik og nytte. I tilbageblik skildres Thures opvækst som fosterbror i Nordlings hjem på Drottninggatan, hvor grosserer Nordlings strenge logik og fru Nordlings (født comtesse) nervøse, stemningsdyrkende væsen danner baggrund for især Knuts splittelse mellem kultur og natur. Knut drages mod fru Engbloms civilisationskritiske kreds og gør forestillingen om en “naturtilstand” til et ideal, mens Thure forholder sig mere praktisk og skeptisk.

Sommeren tilbringes, mens Wallgrens bor på Kärrboda og Nordlings på den villaagtige Bjørkudden. Knut og Helfrid Wallgren beslutter at studere en bondefamilie på gården Kolbotten for at forstå bøndernes tanke- og følelsesliv. De taler samtidig om kandidat Flodén, en stockholmsk original med aggressiv civilisationskritik og kvindefjendske holdninger; Helfrid fastholder principielt, at hun kun vil gifte sig med et stærkt “naturmenneske”. Flodén gæster Bjørkudden, kommer i konflikt med grosserer Nordling og bliver besværlig, så Thure tager ham med på fiskeri, mens Knut og Helfrid vandrer til Kolbotten og aner, hvor svært det er at “slide kulturen af sig”.

På Kolbotten idealiserer Knut bonden Pehr Anderssons hushold og især børnene Anders og Karin Pehrsdotter; samtidig projicerer han drømme om et liv med Karin, mens Helfrid hemmeligt sværmer for Anders. Med tiden opdager de Pehr Anderssons hårde regimente, påholdenhed og tegn på “civilisationssmitte”, ikke mindst sønnen Olie, der vil til Stockholm. Da de ser Karin og Anders kysse bag laden, lærer de, at kærlighed og ægteskab på gården styres af forhandlinger med faderen om vilkår og medgift.

Flodén flytter ind på nabogården Lugnet hos frøken Stråle og forsøger at leve “naturalistisk” gennem komiske, mislykkede eksperimenter (bl.a. råt kød under sadlen og senere en bumerang, der smadrer et mælkefad), mens hun i stigende grad beskytter ham. Samtidig glider Knut i praksis fra bondeidealet og nærmer sig den unge Ebba, der med praktisk sans argumenterer for en “middelvej” mellem natur og civilisation. Thure indser, at Knut ikke elsker Helfrid, og bliver selv tiltrukket af hende.

Ved et høstgilde på Kolbotten bryder idyllen sammen: Karin foretrækker den byklædte Kalle Fredriksson fra Bergvik, der arbejder i Stockholm og tjener godt, og Anders indrømmer kynisk, at han selv ville “komme ind” på gården for pengenes skyld. Karin erklærer, at hun vil til byen og blive “blandt de bedre”. Knut opgiver herefter bondeidealet, mens Helfrid trodsigt vil tage tjeneste på en bondegård, men oplever i hjemmet ydmygende øvelser i landarbejde. Da Thure finder hende grædende i fjøset, trøster han hende, og de bliver forlovet; hun opgiver planen.

På Bjørkudden ønsker fru Nordling en forbindelse mellem Knut og Ebba. En ulykke, hvor drengen Jens hugger sig i benet, bliver afgørende: fru Nordling besvimer, mens Ebba handlekraftigt organiserer pleje og forbinding. Knut beundrer hendes ugenerthed og frier senere ved fjorden i måneskin; Ebba accepterer og bebrejder hans tøven. Knut erklærer også over for Thure, at han vil væk fra sin tidligere “naturalisme” og ikke længere disputere. [Characters]",3
"Summary #2

Romanen foregår i Stockholms skærgård under en usædvanlig varm sommer og er knyttet til et borgerligt, stockholmsk miljø præget af samtidens diskussioner om civilisation, natur og reform. Ved Bjørkudden venter de unge fætre Knut Nordling og Thure Lindstrømer på dampskibet og skændes om romantik og nytte. I tilbageblik skildres Thures opvækst som fosterbror i Nordlings hjem på Drottninggatan, hvor grosserer Nordlings strenge logik og fru Nordlings (født comtesse) nervøse, stemningsdyrkende væsen danner baggrund for især Knuts splittelse mellem kultur og natur. Knut drages mod fru Engbloms civilisationskritiske kreds og gør forestillingen om en “naturtilstand” til et ideal, mens Thure forholder sig mere praktisk og skeptisk.

Sommeren tilbringes, mens Wallgrens bor på Kärrboda og Nordlings på den villaagtige Bjørkudden. Knut og Helfrid Wallgren beslutter at studere en bondefamilie på gården Kolbotten for at forstå bøndernes tanke- og følelsesliv. De taler samtidig om kandidat Flodén, en stockholmsk original med aggressiv civilisationskritik og kvindefjendske holdninger; Helfrid fastholder principielt, at hun kun vil gifte sig med et stærkt “naturmenneske”. Flodén gæster Bjørkudden, kommer i konflikt med grosserer Nordling og bliver besværlig, så Thure tager ham med på fiskeri, mens Knut og Helfrid vandrer til Kolbotten og aner, hvor svært det er at “slide kulturen af sig”.

På Kolbotten idealiserer Knut bonden Pehr Anderssons hushold og især børnene Anders og Karin Pehrsdotter; samtidig projicerer han drømme om et liv med Karin, mens Helfrid hemmeligt sværmer for Anders. Med tiden opdager de Pehr Anderssons hårde regimente, påholdenhed og tegn på “civilisationssmitte”, ikke mindst sønnen Olie, der vil til Stockholm. Da de ser Karin og Anders kysse bag laden, lærer de, at kærlighed og ægteskab på gården styres af forhandlinger med faderen om vilkår og medgift.

Flodén flytter ind på nabogården Lugnet hos frøken Stråle og forsøger at leve “naturalistisk” gennem komiske, mislykkede eksperimenter (bl.a. råt kød under sadlen og senere en bumerang, der smadrer et mælkefad), mens hun i stigende grad beskytter ham. Samtidig glider Knut i praksis fra bondeidealet og nærmer sig den unge Ebba, der med praktisk sans argumenterer for en “middelvej” mellem natur og civilisation. Thure indser, at Knut ikke elsker Helfrid, og bliver selv tiltrukket af hende.

Ved et høstgilde på Kolbotten bryder idyllen sammen: Karin foretrækker den byklædte Kalle Fredriksson fra Bergvik, der arbejder i Stockholm og tjener godt, og Anders indrømmer kynisk, at han selv ville “komme ind” på gården for pengenes skyld. Karin erklærer, at hun vil til byen og blive “blandt de bedre”. Knut opgiver herefter bondeidealet, mens Helfrid trodsigt vil tage tjeneste på en bondegård, men oplever i hjemmet ydmygende øvelser i landarbejde. Da Thure finder hende grædende i fjøset, trøster han hende, og de bliver forlovet; hun opgiver planen.

På Bjørkudden ønsker fru Nordling en forbindelse mellem Knut og Ebba. En ulykke, hvor drengen Jens hugger sig i benet, bliver afgørende: fru Nordling besvimer, mens Ebba handlekraftigt organiserer pleje og forbinding. Knut beundrer hendes ugenerthed og frier senere ved fjorden i måneskin; Ebba accepterer og bebrejder hans tøven. Knut erklærer også over for Thure, at han vil væk fra sin tidligere “naturalisme” og ikke længere disputere. [Plot]",2
"Summary #2

Romanen foregår i Stockholms skærgård under en usædvanlig varm sommer og er knyttet til et borgerligt, stockholmsk miljø præget af samtidens diskussioner om civilisation, natur og reform. Ved Bjørkudden venter de unge fætre Knut Nordling og Thure Lindstrømer på dampskibet og skændes om romantik og nytte. I tilbageblik skildres Thures opvækst som fosterbror i Nordlings hjem på Drottninggatan, hvor grosserer Nordlings strenge logik og fru Nordlings (født comtesse) nervøse, stemningsdyrkende væsen danner baggrund for især Knuts splittelse mellem kultur og natur. Knut drages mod fru Engbloms civilisationskritiske kreds og gør forestillingen om en “naturtilstand” til et ideal, mens Thure forholder sig mere praktisk og skeptisk.

Sommeren tilbringes, mens Wallgrens bor på Kärrboda og Nordlings på den villaagtige Bjørkudden. Knut og Helfrid Wallgren beslutter at studere en bondefamilie på gården Kolbotten for at forstå bøndernes tanke- og følelsesliv. De taler samtidig om kandidat Flodén, en stockholmsk original med aggressiv civilisationskritik og kvindefjendske holdninger; Helfrid fastholder principielt, at hun kun vil gifte sig med et stærkt “naturmenneske”. Flodén gæster Bjørkudden, kommer i konflikt med grosserer Nordling og bliver besværlig, så Thure tager ham med på fiskeri, mens Knut og Helfrid vandrer til Kolbotten og aner, hvor svært det er at “slide kulturen af sig”.

På Kolbotten idealiserer Knut bonden Pehr Anderssons hushold og især børnene Anders og Karin Pehrsdotter; samtidig projicerer han drømme om et liv med Karin, mens Helfrid hemmeligt sværmer for Anders. Med tiden opdager de Pehr Anderssons hårde regimente, påholdenhed og tegn på “civilisationssmitte”, ikke mindst sønnen Olie, der vil til Stockholm. Da de ser Karin og Anders kysse bag laden, lærer de, at kærlighed og ægteskab på gården styres af forhandlinger med faderen om vilkår og medgift.

Flodén flytter ind på nabogården Lugnet hos frøken Stråle og forsøger at leve “naturalistisk” gennem komiske, mislykkede eksperimenter (bl.a. råt kød under sadlen og senere en bumerang, der smadrer et mælkefad), mens hun i stigende grad beskytter ham. Samtidig glider Knut i praksis fra bondeidealet og nærmer sig den unge Ebba, der med praktisk sans argumenterer for en “middelvej” mellem natur og civilisation. Thure indser, at Knut ikke elsker Helfrid, og bliver selv tiltrukket af hende.

Ved et høstgilde på Kolbotten bryder idyllen sammen: Karin foretrækker den byklædte Kalle Fredriksson fra Bergvik, der arbejder i Stockholm og tjener godt, og Anders indrømmer kynisk, at han selv ville “komme ind” på gården for pengenes skyld. Karin erklærer, at hun vil til byen og blive “blandt de bedre”. Knut opgiver herefter bondeidealet, mens Helfrid trodsigt vil tage tjeneste på en bondegård, men oplever i hjemmet ydmygende øvelser i landarbejde. Da Thure finder hende grædende i fjøset, trøster han hende, og de bliver forlovet; hun opgiver planen.

På Bjørkudden ønsker fru Nordling en forbindelse mellem Knut og Ebba. En ulykke, hvor drengen Jens hugger sig i benet, bliver afgørende: fru Nordling besvimer, mens Ebba handlekraftigt organiserer pleje og forbinding. Knut beundrer hendes ugenerthed og frier senere ved fjorden i måneskin; Ebba accepterer og bebrejder hans tøven. Knut erklærer også over for Thure, at han vil væk fra sin tidligere “naturalisme” og ikke længere disputere. [Themes]",2
"Summary #3

Romanen udspiller sig i et samtidsmiljø omkring Stockholm og skærgården; centrale lokaliteter er Bjørkudden, Kolbotten, Lugnet med Frøken Stråles pensionat og de nærliggende gårde. Fortællingen følger især de to unge mænd Knut Nordling og hans fosterbroder Thure Lindstrømer samt de to unge kvinder Ebba Nordling og Helfrid Wallgren; andre tilbagevendende figurer er grosserer og fru Nordling, den ekscentriske kandidat Flodén og Frøken Stråle.

Knut og hans naturalistisk orienterede venner rejser til Kolbotten for at studere bondelivet. Deres iagttagelser veksler mellem beundring for gårdens arbejde og familielighed og skuffelse over bondesamfundets autoritetstro og sociale ambitioner hos især Olie Pehrsson og senere Karin. Besøget kulminerer, da Karin accepterer friluftslagteren Kalle Fredrikssons bejlen på grund af hans penge, hvilket tvinger Knut og Helfrid til at revidere deres idealisering af bondelivet. Under opholdet mærker Knut og Helfrid tiltrækning i mødet med gårdens mennesker.

Parallelt udvikles et forhold mellem den naturvidenskabeligt lunefulde Flodén og den praktiske, moderlige Frøken Stråle på Lugnet. Flodéns mange eksperimenter — fra forsøg på at bage en bøf under sadlen til bumerangkast og natlig rishyttebygning — fører til komiske og omsorgsfulde episoder; efter en rædselsslagen nattevandring opgiver han de farlige forsøg, og hans og Frøken Stråles relation ender i forlovelse.

Ebbas uventede ankomst til Bjørkudden og hendes handlekraft vinder Knut; ved et høstgilde på Kolbotten bliver bondesamfundets sociale mobilitet tydelig. Helfrid, skuffet over et bristet ideal, forsøger at tage tjeneste på en bondegård, men et trøstende møde i fjøset med Thure fører til, at de to erkender indbyrdes følelser og bliver forlovede. Knut og Ebba forlover sig i et måneskinsøjeblik ved havegærdet. Familie og omgangskreds reagerer nervøst, men planlægger en samlet fejring, hvor også Flodén og Frøken Stråles forlovelse præsenteres. Temaer, der træder klart frem i handlingen, er konflikten mellem civilisation og idealiseret tilbagevenden til naturen, naturalismens praksis versus idealisering samt kønsroller og kvinders praktiske omsorg. [Fluency]",4
"Summary #3

Romanen udspiller sig i et samtidsmiljø omkring Stockholm og skærgården; centrale lokaliteter er Bjørkudden, Kolbotten, Lugnet med Frøken Stråles pensionat og de nærliggende gårde. Fortællingen følger især de to unge mænd Knut Nordling og hans fosterbroder Thure Lindstrømer samt de to unge kvinder Ebba Nordling og Helfrid Wallgren; andre tilbagevendende figurer er grosserer og fru Nordling, den ekscentriske kandidat Flodén og Frøken Stråle.

Knut og hans naturalistisk orienterede venner rejser til Kolbotten for at studere bondelivet. Deres iagttagelser veksler mellem beundring for gårdens arbejde og familielighed og skuffelse over bondesamfundets autoritetstro og sociale ambitioner hos især Olie Pehrsson og senere Karin. Besøget kulminerer, da Karin accepterer friluftslagteren Kalle Fredrikssons bejlen på grund af hans penge, hvilket tvinger Knut og Helfrid til at revidere deres idealisering af bondelivet. Under opholdet mærker Knut og Helfrid tiltrækning i mødet med gårdens mennesker.

Parallelt udvikles et forhold mellem den naturvidenskabeligt lunefulde Flodén og den praktiske, moderlige Frøken Stråle på Lugnet. Flodéns mange eksperimenter — fra forsøg på at bage en bøf under sadlen til bumerangkast og natlig rishyttebygning — fører til komiske og omsorgsfulde episoder; efter en rædselsslagen nattevandring opgiver han de farlige forsøg, og hans og Frøken Stråles relation ender i forlovelse.

Ebbas uventede ankomst til Bjørkudden og hendes handlekraft vinder Knut; ved et høstgilde på Kolbotten bliver bondesamfundets sociale mobilitet tydelig. Helfrid, skuffet over et bristet ideal, forsøger at tage tjeneste på en bondegård, men et trøstende møde i fjøset med Thure fører til, at de to erkender indbyrdes følelser og bliver forlovede. Knut og Ebba forlover sig i et måneskinsøjeblik ved havegærdet. Familie og omgangskreds reagerer nervøst, men planlægger en samlet fejring, hvor også Flodén og Frøken Stråles forlovelse præsenteres. Temaer, der træder klart frem i handlingen, er konflikten mellem civilisation og idealiseret tilbagevenden til naturen, naturalismens praksis versus idealisering samt kønsroller og kvinders praktiske omsorg. [Coherence]",4
"Summary #3

Romanen udspiller sig i et samtidsmiljø omkring Stockholm og skærgården; centrale lokaliteter er Bjørkudden, Kolbotten, Lugnet med Frøken Stråles pensionat og de nærliggende gårde. Fortællingen følger især de to unge mænd Knut Nordling og hans fosterbroder Thure Lindstrømer samt de to unge kvinder Ebba Nordling og Helfrid Wallgren; andre tilbagevendende figurer er grosserer og fru Nordling, den ekscentriske kandidat Flodén og Frøken Stråle.

Knut og hans naturalistisk orienterede venner rejser til Kolbotten for at studere bondelivet. Deres iagttagelser veksler mellem beundring for gårdens arbejde og familielighed og skuffelse over bondesamfundets autoritetstro og sociale ambitioner hos især Olie Pehrsson og senere Karin. Besøget kulminerer, da Karin accepterer friluftslagteren Kalle Fredrikssons bejlen på grund af hans penge, hvilket tvinger Knut og Helfrid til at revidere deres idealisering af bondelivet. Under opholdet mærker Knut og Helfrid tiltrækning i mødet med gårdens mennesker.

Parallelt udvikles et forhold mellem den naturvidenskabeligt lunefulde Flodén og den praktiske, moderlige Frøken Stråle på Lugnet. Flodéns mange eksperimenter — fra forsøg på at bage en bøf under sadlen til bumerangkast og natlig rishyttebygning — fører til komiske og omsorgsfulde episoder; efter en rædselsslagen nattevandring opgiver han de farlige forsøg, og hans og Frøken Stråles relation ender i forlovelse.

Ebbas uventede ankomst til Bjørkudden og hendes handlekraft vinder Knut; ved et høstgilde på Kolbotten bliver bondesamfundets sociale mobilitet tydelig. Helfrid, skuffet over et bristet ideal, forsøger at tage tjeneste på en bondegård, men et trøstende møde i fjøset med Thure fører til, at de to erkender indbyrdes følelser og bliver forlovede. Knut og Ebba forlover sig i et måneskinsøjeblik ved havegærdet. Familie og omgangskreds reagerer nervøst, men planlægger en samlet fejring, hvor også Flodén og Frøken Stråles forlovelse præsenteres. Temaer, der træder klart frem i handlingen, er konflikten mellem civilisation og idealiseret tilbagevenden til naturen, naturalismens praksis versus idealisering samt kønsroller og kvinders praktiske omsorg. [Relevance]",4
"Summary #3

Romanen udspiller sig i et samtidsmiljø omkring Stockholm og skærgården; centrale lokaliteter er Bjørkudden, Kolbotten, Lugnet med Frøken Stråles pensionat og de nærliggende gårde. Fortællingen følger især de to unge mænd Knut Nordling og hans fosterbroder Thure Lindstrømer samt de to unge kvinder Ebba Nordling og Helfrid Wallgren; andre tilbagevendende figurer er grosserer og fru Nordling, den ekscentriske kandidat Flodén og Frøken Stråle.

Knut og hans naturalistisk orienterede venner rejser til Kolbotten for at studere bondelivet. Deres iagttagelser veksler mellem beundring for gårdens arbejde og familielighed og skuffelse over bondesamfundets autoritetstro og sociale ambitioner hos især Olie Pehrsson og senere Karin. Besøget kulminerer, da Karin accepterer friluftslagteren Kalle Fredrikssons bejlen på grund af hans penge, hvilket tvinger Knut og Helfrid til at revidere deres idealisering af bondelivet. Under opholdet mærker Knut og Helfrid tiltrækning i mødet med gårdens mennesker.

Parallelt udvikles et forhold mellem den naturvidenskabeligt lunefulde Flodén og den praktiske, moderlige Frøken Stråle på Lugnet. Flodéns mange eksperimenter — fra forsøg på at bage en bøf under sadlen til bumerangkast og natlig rishyttebygning — fører til komiske og omsorgsfulde episoder; efter en rædselsslagen nattevandring opgiver han de farlige forsøg, og hans og Frøken Stråles relation ender i forlovelse.

Ebbas uventede ankomst til Bjørkudden og hendes handlekraft vinder Knut; ved et høstgilde på Kolbotten bliver bondesamfundets sociale mobilitet tydelig. Helfrid, skuffet over et bristet ideal, forsøger at tage tjeneste på en bondegård, men et trøstende møde i fjøset med Thure fører til, at de to erkender indbyrdes følelser og bliver forlovede. Knut og Ebba forlover sig i et måneskinsøjeblik ved havegærdet. Familie og omgangskreds reagerer nervøst, men planlægger en samlet fejring, hvor også Flodén og Frøken Stråles forlovelse præsenteres. Temaer, der træder klart frem i handlingen, er konflikten mellem civilisation og idealiseret tilbagevenden til naturen, naturalismens praksis versus idealisering samt kønsroller og kvinders praktiske omsorg. [Factuality]",4
"Summary #3

Romanen udspiller sig i et samtidsmiljø omkring Stockholm og skærgården; centrale lokaliteter er Bjørkudden, Kolbotten, Lugnet med Frøken Stråles pensionat og de nærliggende gårde. Fortællingen følger især de to unge mænd Knut Nordling og hans fosterbroder Thure Lindstrømer samt de to unge kvinder Ebba Nordling og Helfrid Wallgren; andre tilbagevendende figurer er grosserer og fru Nordling, den ekscentriske kandidat Flodén og Frøken Stråle.

Knut og hans naturalistisk orienterede venner rejser til Kolbotten for at studere bondelivet. Deres iagttagelser veksler mellem beundring for gårdens arbejde og familielighed og skuffelse over bondesamfundets autoritetstro og sociale ambitioner hos især Olie Pehrsson og senere Karin. Besøget kulminerer, da Karin accepterer friluftslagteren Kalle Fredrikssons bejlen på grund af hans penge, hvilket tvinger Knut og Helfrid til at revidere deres idealisering af bondelivet. Under opholdet mærker Knut og Helfrid tiltrækning i mødet med gårdens mennesker.

Parallelt udvikles et forhold mellem den naturvidenskabeligt lunefulde Flodén og den praktiske, moderlige Frøken Stråle på Lugnet. Flodéns mange eksperimenter — fra forsøg på at bage en bøf under sadlen til bumerangkast og natlig rishyttebygning — fører til komiske og omsorgsfulde episoder; efter en rædselsslagen nattevandring opgiver han de farlige forsøg, og hans og Frøken Stråles relation ender i forlovelse.

Ebbas uventede ankomst til Bjørkudden og hendes handlekraft vinder Knut; ved et høstgilde på Kolbotten bliver bondesamfundets sociale mobilitet tydelig. Helfrid, skuffet over et bristet ideal, forsøger at tage tjeneste på en bondegård, men et trøstende møde i fjøset med Thure fører til, at de to erkender indbyrdes følelser og bliver forlovede. Knut og Ebba forlover sig i et måneskinsøjeblik ved havegærdet. Familie og omgangskreds reagerer nervøst, men planlægger en samlet fejring, hvor også Flodén og Frøken Stråles forlovelse præsenteres. Temaer, der træder klart frem i handlingen, er konflikten mellem civilisation og idealiseret tilbagevenden til naturen, naturalismens praksis versus idealisering samt kønsroller og kvinders praktiske omsorg. [Time]",4
"Summary #3

Romanen udspiller sig i et samtidsmiljø omkring Stockholm og skærgården; centrale lokaliteter er Bjørkudden, Kolbotten, Lugnet med Frøken Stråles pensionat og de nærliggende gårde. Fortællingen følger især de to unge mænd Knut Nordling og hans fosterbroder Thure Lindstrømer samt de to unge kvinder Ebba Nordling og Helfrid Wallgren; andre tilbagevendende figurer er grosserer og fru Nordling, den ekscentriske kandidat Flodén og Frøken Stråle.

Knut og hans naturalistisk orienterede venner rejser til Kolbotten for at studere bondelivet. Deres iagttagelser veksler mellem beundring for gårdens arbejde og familielighed og skuffelse over bondesamfundets autoritetstro og sociale ambitioner hos især Olie Pehrsson og senere Karin. Besøget kulminerer, da Karin accepterer friluftslagteren Kalle Fredrikssons bejlen på grund af hans penge, hvilket tvinger Knut og Helfrid til at revidere deres idealisering af bondelivet. Under opholdet mærker Knut og Helfrid tiltrækning i mødet med gårdens mennesker.

Parallelt udvikles et forhold mellem den naturvidenskabeligt lunefulde Flodén og den praktiske, moderlige Frøken Stråle på Lugnet. Flodéns mange eksperimenter — fra forsøg på at bage en bøf under sadlen til bumerangkast og natlig rishyttebygning — fører til komiske og omsorgsfulde episoder; efter en rædselsslagen nattevandring opgiver han de farlige forsøg, og hans og Frøken Stråles relation ender i forlovelse.

Ebbas uventede ankomst til Bjørkudden og hendes handlekraft vinder Knut; ved et høstgilde på Kolbotten bliver bondesamfundets sociale mobilitet tydelig. Helfrid, skuffet over et bristet ideal, forsøger at tage tjeneste på en bondegård, men et trøstende møde i fjøset med Thure fører til, at de to erkender indbyrdes følelser og bliver forlovede. Knut og Ebba forlover sig i et måneskinsøjeblik ved havegærdet. Familie og omgangskreds reagerer nervøst, men planlægger en samlet fejring, hvor også Flodén og Frøken Stråles forlovelse præsenteres. Temaer, der træder klart frem i handlingen, er konflikten mellem civilisation og idealiseret tilbagevenden til naturen, naturalismens praksis versus idealisering samt kønsroller og kvinders praktiske omsorg. [Place]",4
"Summary #3

Romanen udspiller sig i et samtidsmiljø omkring Stockholm og skærgården; centrale lokaliteter er Bjørkudden, Kolbotten, Lugnet med Frøken Stråles pensionat og de nærliggende gårde. Fortællingen følger især de to unge mænd Knut Nordling og hans fosterbroder Thure Lindstrømer samt de to unge kvinder Ebba Nordling og Helfrid Wallgren; andre tilbagevendende figurer er grosserer og fru Nordling, den ekscentriske kandidat Flodén og Frøken Stråle.

Knut og hans naturalistisk orienterede venner rejser til Kolbotten for at studere bondelivet. Deres iagttagelser veksler mellem beundring for gårdens arbejde og familielighed og skuffelse over bondesamfundets autoritetstro og sociale ambitioner hos især Olie Pehrsson og senere Karin. Besøget kulminerer, da Karin accepterer friluftslagteren Kalle Fredrikssons bejlen på grund af hans penge, hvilket tvinger Knut og Helfrid til at revidere deres idealisering af bondelivet. Under opholdet mærker Knut og Helfrid tiltrækning i mødet med gårdens mennesker.

Parallelt udvikles et forhold mellem den naturvidenskabeligt lunefulde Flodén og den praktiske, moderlige Frøken Stråle på Lugnet. Flodéns mange eksperimenter — fra forsøg på at bage en bøf under sadlen til bumerangkast og natlig rishyttebygning — fører til komiske og omsorgsfulde episoder; efter en rædselsslagen nattevandring opgiver han de farlige forsøg, og hans og Frøken Stråles relation ender i forlovelse.

Ebbas uventede ankomst til Bjørkudden og hendes handlekraft vinder Knut; ved et høstgilde på Kolbotten bliver bondesamfundets sociale mobilitet tydelig. Helfrid, skuffet over et bristet ideal, forsøger at tage tjeneste på en bondegård, men et trøstende møde i fjøset med Thure fører til, at de to erkender indbyrdes følelser og bliver forlovede. Knut og Ebba forlover sig i et måneskinsøjeblik ved havegærdet. Familie og omgangskreds reagerer nervøst, men planlægger en samlet fejring, hvor også Flodén og Frøken Stråles forlovelse præsenteres. Temaer, der træder klart frem i handlingen, er konflikten mellem civilisation og idealiseret tilbagevenden til naturen, naturalismens praksis versus idealisering samt kønsroller og kvinders praktiske omsorg. [Characters]",4
"Summary #3

Romanen udspiller sig i et samtidsmiljø omkring Stockholm og skærgården; centrale lokaliteter er Bjørkudden, Kolbotten, Lugnet med Frøken Stråles pensionat og de nærliggende gårde. Fortællingen følger især de to unge mænd Knut Nordling og hans fosterbroder Thure Lindstrømer samt de to unge kvinder Ebba Nordling og Helfrid Wallgren; andre tilbagevendende figurer er grosserer og fru Nordling, den ekscentriske kandidat Flodén og Frøken Stråle.

Knut og hans naturalistisk orienterede venner rejser til Kolbotten for at studere bondelivet. Deres iagttagelser veksler mellem beundring for gårdens arbejde og familielighed og skuffelse over bondesamfundets autoritetstro og sociale ambitioner hos især Olie Pehrsson og senere Karin. Besøget kulminerer, da Karin accepterer friluftslagteren Kalle Fredrikssons bejlen på grund af hans penge, hvilket tvinger Knut og Helfrid til at revidere deres idealisering af bondelivet. Under opholdet mærker Knut og Helfrid tiltrækning i mødet med gårdens mennesker.

Parallelt udvikles et forhold mellem den naturvidenskabeligt lunefulde Flodén og den praktiske, moderlige Frøken Stråle på Lugnet. Flodéns mange eksperimenter — fra forsøg på at bage en bøf under sadlen til bumerangkast og natlig rishyttebygning — fører til komiske og omsorgsfulde episoder; efter en rædselsslagen nattevandring opgiver han de farlige forsøg, og hans og Frøken Stråles relation ender i forlovelse.

Ebbas uventede ankomst til Bjørkudden og hendes handlekraft vinder Knut; ved et høstgilde på Kolbotten bliver bondesamfundets sociale mobilitet tydelig. Helfrid, skuffet over et bristet ideal, forsøger at tage tjeneste på en bondegård, men et trøstende møde i fjøset med Thure fører til, at de to erkender indbyrdes følelser og bliver forlovede. Knut og Ebba forlover sig i et måneskinsøjeblik ved havegærdet. Familie og omgangskreds reagerer nervøst, men planlægger en samlet fejring, hvor også Flodén og Frøken Stråles forlovelse præsenteres. Temaer, der træder klart frem i handlingen, er konflikten mellem civilisation og idealiseret tilbagevenden til naturen, naturalismens praksis versus idealisering samt kønsroller og kvinders praktiske omsorg. [Plot]",4
"Summary #3

Romanen udspiller sig i et samtidsmiljø omkring Stockholm og skærgården; centrale lokaliteter er Bjørkudden, Kolbotten, Lugnet med Frøken Stråles pensionat og de nærliggende gårde. Fortællingen følger især de to unge mænd Knut Nordling og hans fosterbroder Thure Lindstrømer samt de to unge kvinder Ebba Nordling og Helfrid Wallgren; andre tilbagevendende figurer er grosserer og fru Nordling, den ekscentriske kandidat Flodén og Frøken Stråle.

Knut og hans naturalistisk orienterede venner rejser til Kolbotten for at studere bondelivet. Deres iagttagelser veksler mellem beundring for gårdens arbejde og familielighed og skuffelse over bondesamfundets autoritetstro og sociale ambitioner hos især Olie Pehrsson og senere Karin. Besøget kulminerer, da Karin accepterer friluftslagteren Kalle Fredrikssons bejlen på grund af hans penge, hvilket tvinger Knut og Helfrid til at revidere deres idealisering af bondelivet. Under opholdet mærker Knut og Helfrid tiltrækning i mødet med gårdens mennesker.

Parallelt udvikles et forhold mellem den naturvidenskabeligt lunefulde Flodén og den praktiske, moderlige Frøken Stråle på Lugnet. Flodéns mange eksperimenter — fra forsøg på at bage en bøf under sadlen til bumerangkast og natlig rishyttebygning — fører til komiske og omsorgsfulde episoder; efter en rædselsslagen nattevandring opgiver han de farlige forsøg, og hans og Frøken Stråles relation ender i forlovelse.

Ebbas uventede ankomst til Bjørkudden og hendes handlekraft vinder Knut; ved et høstgilde på Kolbotten bliver bondesamfundets sociale mobilitet tydelig. Helfrid, skuffet over et bristet ideal, forsøger at tage tjeneste på en bondegård, men et trøstende møde i fjøset med Thure fører til, at de to erkender indbyrdes følelser og bliver forlovede. Knut og Ebba forlover sig i et måneskinsøjeblik ved havegærdet. Familie og omgangskreds reagerer nervøst, men planlægger en samlet fejring, hvor også Flodén og Frøken Stråles forlovelse præsenteres. Temaer, der træder klart frem i handlingen, er konflikten mellem civilisation og idealiseret tilbagevenden til naturen, naturalismens praksis versus idealisering samt kønsroller og kvinders praktiske omsorg. [Themes]",4
novel_id,Pavo
"Summary #1

Romanen udspiller sig i begyndelsen af 1700‑tallet i Norden og Rusland og følger især familien Pavo og den vendiske kvinde Sigrid, som i St. Petersborg optræder som Fyrstinde Borislaw. Centrale steder er Birkelund ved Saima­søen, Vitagaard, Rügen, Helsingfors, Riga, St. Petersborg, Moskvo, Jaroslew, Ribinsk, Twer og grev Modowskis gods. Hovedpersoner er godsejerens forvalter Magnus Pavo og hans hustru Bertha, deres børn og plejebørn Adolf, Minna, tvillingerne Rurik og Borissa, samt Sigrid/Fyrstinde Borislaw, general Sulkoff, greve Modowski og kommissionæren Ohlmann. Temaer, der tydeligt udfolder sig i handlingen, omfatter tab og overlevelse, bedrag og social opstigning samt slægtsforhold og skandale.

Handlingen indledes med et skibbrud, hvor Sigrid redder Magnus’ børn; Bertha findes i en dødslignende tilstand og bringes via Helsingfors til St. Petersborg, hvor Sulkoff tager sig af hende, mens Magnus forbliver på Modowskis gods og Ohlmann senere sporer Sigrid i St. Petersborg. Seksten år senere er Adolf og Minna opvokset hos grevinde Weliki i Moskvo, mens tvillingerne er oprørske. Tvillingerne drager impulsivt til St. Petersborg, møder Ohlmann og en sigøjnerlejr, farer vild undervejs og når Sulkoffs slot nær Ribinsk. I St. Petersborg genkender Rurik Fyrstinde Borislaw; efter et optrin i et spillehus afslører Ohlmann Sigrids fortid, og hun må forlade byen for at undgå skandale. Samtidig ankommer et brev om greve Modowskis død underskrevet af Magnus; Sulkoff brænder brevet og erklærer sin kærlighed til Bertha, som til sidst accepterer ham.

I Twer krydses personernes veje uden fuld afsløring; senere i Moskvo afslører Sigrid ved et tilfældigt møde over for Bertha, at Berthas mand og børn lever. Magnus og Bertha genforenes følelsesladet, og familien beslutter at vende tilbage til Finland for at genopføre Birkelund. Ohlmann søger fortsat at udstille Rurik, men Ruriks impulsive færden fører ham til druk og spil, mens Borissa bliver hos sigøjnerlederen. Sigrid rejser bort fra Moskvo sammen med Rurik; Borissa forbliver hos banden og optages senere som dens dronning efter tantes død. Sigrid bliver hjemsøgt af erindringer og et tabt halssmykke; hun forlader banden og rejser mod Rügen, når Stralsund og søger ved kysten. [Fluency]",4
"Summary #1

Romanen udspiller sig i begyndelsen af 1700‑tallet i Norden og Rusland og følger især familien Pavo og den vendiske kvinde Sigrid, som i St. Petersborg optræder som Fyrstinde Borislaw. Centrale steder er Birkelund ved Saima­søen, Vitagaard, Rügen, Helsingfors, Riga, St. Petersborg, Moskvo, Jaroslew, Ribinsk, Twer og grev Modowskis gods. Hovedpersoner er godsejerens forvalter Magnus Pavo og hans hustru Bertha, deres børn og plejebørn Adolf, Minna, tvillingerne Rurik og Borissa, samt Sigrid/Fyrstinde Borislaw, general Sulkoff, greve Modowski og kommissionæren Ohlmann. Temaer, der tydeligt udfolder sig i handlingen, omfatter tab og overlevelse, bedrag og social opstigning samt slægtsforhold og skandale.

Handlingen indledes med et skibbrud, hvor Sigrid redder Magnus’ børn; Bertha findes i en dødslignende tilstand og bringes via Helsingfors til St. Petersborg, hvor Sulkoff tager sig af hende, mens Magnus forbliver på Modowskis gods og Ohlmann senere sporer Sigrid i St. Petersborg. Seksten år senere er Adolf og Minna opvokset hos grevinde Weliki i Moskvo, mens tvillingerne er oprørske. Tvillingerne drager impulsivt til St. Petersborg, møder Ohlmann og en sigøjnerlejr, farer vild undervejs og når Sulkoffs slot nær Ribinsk. I St. Petersborg genkender Rurik Fyrstinde Borislaw; efter et optrin i et spillehus afslører Ohlmann Sigrids fortid, og hun må forlade byen for at undgå skandale. Samtidig ankommer et brev om greve Modowskis død underskrevet af Magnus; Sulkoff brænder brevet og erklærer sin kærlighed til Bertha, som til sidst accepterer ham.

I Twer krydses personernes veje uden fuld afsløring; senere i Moskvo afslører Sigrid ved et tilfældigt møde over for Bertha, at Berthas mand og børn lever. Magnus og Bertha genforenes følelsesladet, og familien beslutter at vende tilbage til Finland for at genopføre Birkelund. Ohlmann søger fortsat at udstille Rurik, men Ruriks impulsive færden fører ham til druk og spil, mens Borissa bliver hos sigøjnerlederen. Sigrid rejser bort fra Moskvo sammen med Rurik; Borissa forbliver hos banden og optages senere som dens dronning efter tantes død. Sigrid bliver hjemsøgt af erindringer og et tabt halssmykke; hun forlader banden og rejser mod Rügen, når Stralsund og søger ved kysten. [Coherence]",4
"Summary #1

Romanen udspiller sig i begyndelsen af 1700‑tallet i Norden og Rusland og følger især familien Pavo og den vendiske kvinde Sigrid, som i St. Petersborg optræder som Fyrstinde Borislaw. Centrale steder er Birkelund ved Saima­søen, Vitagaard, Rügen, Helsingfors, Riga, St. Petersborg, Moskvo, Jaroslew, Ribinsk, Twer og grev Modowskis gods. Hovedpersoner er godsejerens forvalter Magnus Pavo og hans hustru Bertha, deres børn og plejebørn Adolf, Minna, tvillingerne Rurik og Borissa, samt Sigrid/Fyrstinde Borislaw, general Sulkoff, greve Modowski og kommissionæren Ohlmann. Temaer, der tydeligt udfolder sig i handlingen, omfatter tab og overlevelse, bedrag og social opstigning samt slægtsforhold og skandale.

Handlingen indledes med et skibbrud, hvor Sigrid redder Magnus’ børn; Bertha findes i en dødslignende tilstand og bringes via Helsingfors til St. Petersborg, hvor Sulkoff tager sig af hende, mens Magnus forbliver på Modowskis gods og Ohlmann senere sporer Sigrid i St. Petersborg. Seksten år senere er Adolf og Minna opvokset hos grevinde Weliki i Moskvo, mens tvillingerne er oprørske. Tvillingerne drager impulsivt til St. Petersborg, møder Ohlmann og en sigøjnerlejr, farer vild undervejs og når Sulkoffs slot nær Ribinsk. I St. Petersborg genkender Rurik Fyrstinde Borislaw; efter et optrin i et spillehus afslører Ohlmann Sigrids fortid, og hun må forlade byen for at undgå skandale. Samtidig ankommer et brev om greve Modowskis død underskrevet af Magnus; Sulkoff brænder brevet og erklærer sin kærlighed til Bertha, som til sidst accepterer ham.

I Twer krydses personernes veje uden fuld afsløring; senere i Moskvo afslører Sigrid ved et tilfældigt møde over for Bertha, at Berthas mand og børn lever. Magnus og Bertha genforenes følelsesladet, og familien beslutter at vende tilbage til Finland for at genopføre Birkelund. Ohlmann søger fortsat at udstille Rurik, men Ruriks impulsive færden fører ham til druk og spil, mens Borissa bliver hos sigøjnerlederen. Sigrid rejser bort fra Moskvo sammen med Rurik; Borissa forbliver hos banden og optages senere som dens dronning efter tantes død. Sigrid bliver hjemsøgt af erindringer og et tabt halssmykke; hun forlader banden og rejser mod Rügen, når Stralsund og søger ved kysten. [Relevance]",4
"Summary #1

Romanen udspiller sig i begyndelsen af 1700‑tallet i Norden og Rusland og følger især familien Pavo og den vendiske kvinde Sigrid, som i St. Petersborg optræder som Fyrstinde Borislaw. Centrale steder er Birkelund ved Saima­søen, Vitagaard, Rügen, Helsingfors, Riga, St. Petersborg, Moskvo, Jaroslew, Ribinsk, Twer og grev Modowskis gods. Hovedpersoner er godsejerens forvalter Magnus Pavo og hans hustru Bertha, deres børn og plejebørn Adolf, Minna, tvillingerne Rurik og Borissa, samt Sigrid/Fyrstinde Borislaw, general Sulkoff, greve Modowski og kommissionæren Ohlmann. Temaer, der tydeligt udfolder sig i handlingen, omfatter tab og overlevelse, bedrag og social opstigning samt slægtsforhold og skandale.

Handlingen indledes med et skibbrud, hvor Sigrid redder Magnus’ børn; Bertha findes i en dødslignende tilstand og bringes via Helsingfors til St. Petersborg, hvor Sulkoff tager sig af hende, mens Magnus forbliver på Modowskis gods og Ohlmann senere sporer Sigrid i St. Petersborg. Seksten år senere er Adolf og Minna opvokset hos grevinde Weliki i Moskvo, mens tvillingerne er oprørske. Tvillingerne drager impulsivt til St. Petersborg, møder Ohlmann og en sigøjnerlejr, farer vild undervejs og når Sulkoffs slot nær Ribinsk. I St. Petersborg genkender Rurik Fyrstinde Borislaw; efter et optrin i et spillehus afslører Ohlmann Sigrids fortid, og hun må forlade byen for at undgå skandale. Samtidig ankommer et brev om greve Modowskis død underskrevet af Magnus; Sulkoff brænder brevet og erklærer sin kærlighed til Bertha, som til sidst accepterer ham.

I Twer krydses personernes veje uden fuld afsløring; senere i Moskvo afslører Sigrid ved et tilfældigt møde over for Bertha, at Berthas mand og børn lever. Magnus og Bertha genforenes følelsesladet, og familien beslutter at vende tilbage til Finland for at genopføre Birkelund. Ohlmann søger fortsat at udstille Rurik, men Ruriks impulsive færden fører ham til druk og spil, mens Borissa bliver hos sigøjnerlederen. Sigrid rejser bort fra Moskvo sammen med Rurik; Borissa forbliver hos banden og optages senere som dens dronning efter tantes død. Sigrid bliver hjemsøgt af erindringer og et tabt halssmykke; hun forlader banden og rejser mod Rügen, når Stralsund og søger ved kysten. [Factuality]",4
"Summary #1

Romanen udspiller sig i begyndelsen af 1700‑tallet i Norden og Rusland og følger især familien Pavo og den vendiske kvinde Sigrid, som i St. Petersborg optræder som Fyrstinde Borislaw. Centrale steder er Birkelund ved Saima­søen, Vitagaard, Rügen, Helsingfors, Riga, St. Petersborg, Moskvo, Jaroslew, Ribinsk, Twer og grev Modowskis gods. Hovedpersoner er godsejerens forvalter Magnus Pavo og hans hustru Bertha, deres børn og plejebørn Adolf, Minna, tvillingerne Rurik og Borissa, samt Sigrid/Fyrstinde Borislaw, general Sulkoff, greve Modowski og kommissionæren Ohlmann. Temaer, der tydeligt udfolder sig i handlingen, omfatter tab og overlevelse, bedrag og social opstigning samt slægtsforhold og skandale.

Handlingen indledes med et skibbrud, hvor Sigrid redder Magnus’ børn; Bertha findes i en dødslignende tilstand og bringes via Helsingfors til St. Petersborg, hvor Sulkoff tager sig af hende, mens Magnus forbliver på Modowskis gods og Ohlmann senere sporer Sigrid i St. Petersborg. Seksten år senere er Adolf og Minna opvokset hos grevinde Weliki i Moskvo, mens tvillingerne er oprørske. Tvillingerne drager impulsivt til St. Petersborg, møder Ohlmann og en sigøjnerlejr, farer vild undervejs og når Sulkoffs slot nær Ribinsk. I St. Petersborg genkender Rurik Fyrstinde Borislaw; efter et optrin i et spillehus afslører Ohlmann Sigrids fortid, og hun må forlade byen for at undgå skandale. Samtidig ankommer et brev om greve Modowskis død underskrevet af Magnus; Sulkoff brænder brevet og erklærer sin kærlighed til Bertha, som til sidst accepterer ham.

I Twer krydses personernes veje uden fuld afsløring; senere i Moskvo afslører Sigrid ved et tilfældigt møde over for Bertha, at Berthas mand og børn lever. Magnus og Bertha genforenes følelsesladet, og familien beslutter at vende tilbage til Finland for at genopføre Birkelund. Ohlmann søger fortsat at udstille Rurik, men Ruriks impulsive færden fører ham til druk og spil, mens Borissa bliver hos sigøjnerlederen. Sigrid rejser bort fra Moskvo sammen med Rurik; Borissa forbliver hos banden og optages senere som dens dronning efter tantes død. Sigrid bliver hjemsøgt af erindringer og et tabt halssmykke; hun forlader banden og rejser mod Rügen, når Stralsund og søger ved kysten. [Time]",4
"Summary #1

Romanen udspiller sig i begyndelsen af 1700‑tallet i Norden og Rusland og følger især familien Pavo og den vendiske kvinde Sigrid, som i St. Petersborg optræder som Fyrstinde Borislaw. Centrale steder er Birkelund ved Saima­søen, Vitagaard, Rügen, Helsingfors, Riga, St. Petersborg, Moskvo, Jaroslew, Ribinsk, Twer og grev Modowskis gods. Hovedpersoner er godsejerens forvalter Magnus Pavo og hans hustru Bertha, deres børn og plejebørn Adolf, Minna, tvillingerne Rurik og Borissa, samt Sigrid/Fyrstinde Borislaw, general Sulkoff, greve Modowski og kommissionæren Ohlmann. Temaer, der tydeligt udfolder sig i handlingen, omfatter tab og overlevelse, bedrag og social opstigning samt slægtsforhold og skandale.

Handlingen indledes med et skibbrud, hvor Sigrid redder Magnus’ børn; Bertha findes i en dødslignende tilstand og bringes via Helsingfors til St. Petersborg, hvor Sulkoff tager sig af hende, mens Magnus forbliver på Modowskis gods og Ohlmann senere sporer Sigrid i St. Petersborg. Seksten år senere er Adolf og Minna opvokset hos grevinde Weliki i Moskvo, mens tvillingerne er oprørske. Tvillingerne drager impulsivt til St. Petersborg, møder Ohlmann og en sigøjnerlejr, farer vild undervejs og når Sulkoffs slot nær Ribinsk. I St. Petersborg genkender Rurik Fyrstinde Borislaw; efter et optrin i et spillehus afslører Ohlmann Sigrids fortid, og hun må forlade byen for at undgå skandale. Samtidig ankommer et brev om greve Modowskis død underskrevet af Magnus; Sulkoff brænder brevet og erklærer sin kærlighed til Bertha, som til sidst accepterer ham.

I Twer krydses personernes veje uden fuld afsløring; senere i Moskvo afslører Sigrid ved et tilfældigt møde over for Bertha, at Berthas mand og børn lever. Magnus og Bertha genforenes følelsesladet, og familien beslutter at vende tilbage til Finland for at genopføre Birkelund. Ohlmann søger fortsat at udstille Rurik, men Ruriks impulsive færden fører ham til druk og spil, mens Borissa bliver hos sigøjnerlederen. Sigrid rejser bort fra Moskvo sammen med Rurik; Borissa forbliver hos banden og optages senere som dens dronning efter tantes død. Sigrid bliver hjemsøgt af erindringer og et tabt halssmykke; hun forlader banden og rejser mod Rügen, når Stralsund og søger ved kysten. [Place]",4
"Summary #1

Romanen udspiller sig i begyndelsen af 1700‑tallet i Norden og Rusland og følger især familien Pavo og den vendiske kvinde Sigrid, som i St. Petersborg optræder som Fyrstinde Borislaw. Centrale steder er Birkelund ved Saima­søen, Vitagaard, Rügen, Helsingfors, Riga, St. Petersborg, Moskvo, Jaroslew, Ribinsk, Twer og grev Modowskis gods. Hovedpersoner er godsejerens forvalter Magnus Pavo og hans hustru Bertha, deres børn og plejebørn Adolf, Minna, tvillingerne Rurik og Borissa, samt Sigrid/Fyrstinde Borislaw, general Sulkoff, greve Modowski og kommissionæren Ohlmann. Temaer, der tydeligt udfolder sig i handlingen, omfatter tab og overlevelse, bedrag og social opstigning samt slægtsforhold og skandale.

Handlingen indledes med et skibbrud, hvor Sigrid redder Magnus’ børn; Bertha findes i en dødslignende tilstand og bringes via Helsingfors til St. Petersborg, hvor Sulkoff tager sig af hende, mens Magnus forbliver på Modowskis gods og Ohlmann senere sporer Sigrid i St. Petersborg. Seksten år senere er Adolf og Minna opvokset hos grevinde Weliki i Moskvo, mens tvillingerne er oprørske. Tvillingerne drager impulsivt til St. Petersborg, møder Ohlmann og en sigøjnerlejr, farer vild undervejs og når Sulkoffs slot nær Ribinsk. I St. Petersborg genkender Rurik Fyrstinde Borislaw; efter et optrin i et spillehus afslører Ohlmann Sigrids fortid, og hun må forlade byen for at undgå skandale. Samtidig ankommer et brev om greve Modowskis død underskrevet af Magnus; Sulkoff brænder brevet og erklærer sin kærlighed til Bertha, som til sidst accepterer ham.

I Twer krydses personernes veje uden fuld afsløring; senere i Moskvo afslører Sigrid ved et tilfældigt møde over for Bertha, at Berthas mand og børn lever. Magnus og Bertha genforenes følelsesladet, og familien beslutter at vende tilbage til Finland for at genopføre Birkelund. Ohlmann søger fortsat at udstille Rurik, men Ruriks impulsive færden fører ham til druk og spil, mens Borissa bliver hos sigøjnerlederen. Sigrid rejser bort fra Moskvo sammen med Rurik; Borissa forbliver hos banden og optages senere som dens dronning efter tantes død. Sigrid bliver hjemsøgt af erindringer og et tabt halssmykke; hun forlader banden og rejser mod Rügen, når Stralsund og søger ved kysten. [Characters]",4
"Summary #1

Romanen udspiller sig i begyndelsen af 1700‑tallet i Norden og Rusland og følger især familien Pavo og den vendiske kvinde Sigrid, som i St. Petersborg optræder som Fyrstinde Borislaw. Centrale steder er Birkelund ved Saima­søen, Vitagaard, Rügen, Helsingfors, Riga, St. Petersborg, Moskvo, Jaroslew, Ribinsk, Twer og grev Modowskis gods. Hovedpersoner er godsejerens forvalter Magnus Pavo og hans hustru Bertha, deres børn og plejebørn Adolf, Minna, tvillingerne Rurik og Borissa, samt Sigrid/Fyrstinde Borislaw, general Sulkoff, greve Modowski og kommissionæren Ohlmann. Temaer, der tydeligt udfolder sig i handlingen, omfatter tab og overlevelse, bedrag og social opstigning samt slægtsforhold og skandale.

Handlingen indledes med et skibbrud, hvor Sigrid redder Magnus’ børn; Bertha findes i en dødslignende tilstand og bringes via Helsingfors til St. Petersborg, hvor Sulkoff tager sig af hende, mens Magnus forbliver på Modowskis gods og Ohlmann senere sporer Sigrid i St. Petersborg. Seksten år senere er Adolf og Minna opvokset hos grevinde Weliki i Moskvo, mens tvillingerne er oprørske. Tvillingerne drager impulsivt til St. Petersborg, møder Ohlmann og en sigøjnerlejr, farer vild undervejs og når Sulkoffs slot nær Ribinsk. I St. Petersborg genkender Rurik Fyrstinde Borislaw; efter et optrin i et spillehus afslører Ohlmann Sigrids fortid, og hun må forlade byen for at undgå skandale. Samtidig ankommer et brev om greve Modowskis død underskrevet af Magnus; Sulkoff brænder brevet og erklærer sin kærlighed til Bertha, som til sidst accepterer ham.

I Twer krydses personernes veje uden fuld afsløring; senere i Moskvo afslører Sigrid ved et tilfældigt møde over for Bertha, at Berthas mand og børn lever. Magnus og Bertha genforenes følelsesladet, og familien beslutter at vende tilbage til Finland for at genopføre Birkelund. Ohlmann søger fortsat at udstille Rurik, men Ruriks impulsive færden fører ham til druk og spil, mens Borissa bliver hos sigøjnerlederen. Sigrid rejser bort fra Moskvo sammen med Rurik; Borissa forbliver hos banden og optages senere som dens dronning efter tantes død. Sigrid bliver hjemsøgt af erindringer og et tabt halssmykke; hun forlader banden og rejser mod Rügen, når Stralsund og søger ved kysten. [Plot]",4
"Summary #1

Romanen udspiller sig i begyndelsen af 1700‑tallet i Norden og Rusland og følger især familien Pavo og den vendiske kvinde Sigrid, som i St. Petersborg optræder som Fyrstinde Borislaw. Centrale steder er Birkelund ved Saima­søen, Vitagaard, Rügen, Helsingfors, Riga, St. Petersborg, Moskvo, Jaroslew, Ribinsk, Twer og grev Modowskis gods. Hovedpersoner er godsejerens forvalter Magnus Pavo og hans hustru Bertha, deres børn og plejebørn Adolf, Minna, tvillingerne Rurik og Borissa, samt Sigrid/Fyrstinde Borislaw, general Sulkoff, greve Modowski og kommissionæren Ohlmann. Temaer, der tydeligt udfolder sig i handlingen, omfatter tab og overlevelse, bedrag og social opstigning samt slægtsforhold og skandale.

Handlingen indledes med et skibbrud, hvor Sigrid redder Magnus’ børn; Bertha findes i en dødslignende tilstand og bringes via Helsingfors til St. Petersborg, hvor Sulkoff tager sig af hende, mens Magnus forbliver på Modowskis gods og Ohlmann senere sporer Sigrid i St. Petersborg. Seksten år senere er Adolf og Minna opvokset hos grevinde Weliki i Moskvo, mens tvillingerne er oprørske. Tvillingerne drager impulsivt til St. Petersborg, møder Ohlmann og en sigøjnerlejr, farer vild undervejs og når Sulkoffs slot nær Ribinsk. I St. Petersborg genkender Rurik Fyrstinde Borislaw; efter et optrin i et spillehus afslører Ohlmann Sigrids fortid, og hun må forlade byen for at undgå skandale. Samtidig ankommer et brev om greve Modowskis død underskrevet af Magnus; Sulkoff brænder brevet og erklærer sin kærlighed til Bertha, som til sidst accepterer ham.

I Twer krydses personernes veje uden fuld afsløring; senere i Moskvo afslører Sigrid ved et tilfældigt møde over for Bertha, at Berthas mand og børn lever. Magnus og Bertha genforenes følelsesladet, og familien beslutter at vende tilbage til Finland for at genopføre Birkelund. Ohlmann søger fortsat at udstille Rurik, men Ruriks impulsive færden fører ham til druk og spil, mens Borissa bliver hos sigøjnerlederen. Sigrid rejser bort fra Moskvo sammen med Rurik; Borissa forbliver hos banden og optages senere som dens dronning efter tantes død. Sigrid bliver hjemsøgt af erindringer og et tabt halssmykke; hun forlader banden og rejser mod Rügen, når Stralsund og søger ved kysten. [Themes]",3
"Summary #2

Ved Saimasøen i Finland ejer den velstående Magnus Pavo godset Birkelund. Da han hjælper naboer efter en storm, antændes gården af lyn, og familiens båd forsvinder med Magnus’ forældre og hustru Bertha; kun forældrenes lig og Berthas ring findes. I sorg drager Magnus med børnene mod Riga, men skibet forliser i Østersøen. Han reddes af Sigrid, en ung kvinde fra Rügen, der hidtil har forfulgt ham, fordi hun så ham som Karl XII. Sigrid ved, at Bertha overlevede uvejret, men skjuler den bevidstløse kvinde for Magnus og overlader hende til en finsk familie, der fører hende til general Sulkoff som sindsforvirret. Sigrid følger Magnus til Riga, hvor han fængles som spion og midlertidigt mister børnene; efter løsladelse køber han en gård i Polen af greve Modowski. Sigrid finder ham, de gifter sig og får tvillingerne Rurik og Borissa, men hendes dødlignende anfald vender tilbage. Da hun hører Sulkoff nærme sig, flygter hun mod St. Petersborg, overbevist om, at Bertha lever. I kejserhovedstaden lever hun som “fyrstinde Borislav” og møder Sulkoff, der har Bertha i husstanden som syg husholderske. Magnus aner intet: han opdager, at Sigrid har brændt familiens salmebog, efterlader et lys, der antænder gården, men børnene reddes, og greven gør ham til forvalter. På en rejse hører Magnus i halvsøvne Berthas stemme i Sulkoffs vogn, men når ikke frem til hende; senere finder han et broderet lommetørklæde med hendes initialer. Bertha selv har forgæves søgt Magnus ved Saimasøen, men opsamles af Sulkoff og føres tilbage til St. Petersborg. Seksten år er gået. Adolf og Minna, Magnus’ ældste børn, opdrages af grevinde Weliki i Moskva, mens de bittere tvillinger Rurik og Borissa undgår deres far og styrer mod hovedstaden, hvor kommissionær Ohlmann antyder Sigrids zigeuneroprindelse. Adolf udnævnes til løjtnant, Minna modtager en gave fra greven, og Magnus beslutter trods tvillingenes breve at rejse til Moskva for at møde netop Adolf og Minna. [Fluency]",4
"Summary #2

Ved Saimasøen i Finland ejer den velstående Magnus Pavo godset Birkelund. Da han hjælper naboer efter en storm, antændes gården af lyn, og familiens båd forsvinder med Magnus’ forældre og hustru Bertha; kun forældrenes lig og Berthas ring findes. I sorg drager Magnus med børnene mod Riga, men skibet forliser i Østersøen. Han reddes af Sigrid, en ung kvinde fra Rügen, der hidtil har forfulgt ham, fordi hun så ham som Karl XII. Sigrid ved, at Bertha overlevede uvejret, men skjuler den bevidstløse kvinde for Magnus og overlader hende til en finsk familie, der fører hende til general Sulkoff som sindsforvirret. Sigrid følger Magnus til Riga, hvor han fængles som spion og midlertidigt mister børnene; efter løsladelse køber han en gård i Polen af greve Modowski. Sigrid finder ham, de gifter sig og får tvillingerne Rurik og Borissa, men hendes dødlignende anfald vender tilbage. Da hun hører Sulkoff nærme sig, flygter hun mod St. Petersborg, overbevist om, at Bertha lever. I kejserhovedstaden lever hun som “fyrstinde Borislav” og møder Sulkoff, der har Bertha i husstanden som syg husholderske. Magnus aner intet: han opdager, at Sigrid har brændt familiens salmebog, efterlader et lys, der antænder gården, men børnene reddes, og greven gør ham til forvalter. På en rejse hører Magnus i halvsøvne Berthas stemme i Sulkoffs vogn, men når ikke frem til hende; senere finder han et broderet lommetørklæde med hendes initialer. Bertha selv har forgæves søgt Magnus ved Saimasøen, men opsamles af Sulkoff og føres tilbage til St. Petersborg. Seksten år er gået. Adolf og Minna, Magnus’ ældste børn, opdrages af grevinde Weliki i Moskva, mens de bittere tvillinger Rurik og Borissa undgår deres far og styrer mod hovedstaden, hvor kommissionær Ohlmann antyder Sigrids zigeuneroprindelse. Adolf udnævnes til løjtnant, Minna modtager en gave fra greven, og Magnus beslutter trods tvillingenes breve at rejse til Moskva for at møde netop Adolf og Minna. [Coherence]",3
"Summary #2

Ved Saimasøen i Finland ejer den velstående Magnus Pavo godset Birkelund. Da han hjælper naboer efter en storm, antændes gården af lyn, og familiens båd forsvinder med Magnus’ forældre og hustru Bertha; kun forældrenes lig og Berthas ring findes. I sorg drager Magnus med børnene mod Riga, men skibet forliser i Østersøen. Han reddes af Sigrid, en ung kvinde fra Rügen, der hidtil har forfulgt ham, fordi hun så ham som Karl XII. Sigrid ved, at Bertha overlevede uvejret, men skjuler den bevidstløse kvinde for Magnus og overlader hende til en finsk familie, der fører hende til general Sulkoff som sindsforvirret. Sigrid følger Magnus til Riga, hvor han fængles som spion og midlertidigt mister børnene; efter løsladelse køber han en gård i Polen af greve Modowski. Sigrid finder ham, de gifter sig og får tvillingerne Rurik og Borissa, men hendes dødlignende anfald vender tilbage. Da hun hører Sulkoff nærme sig, flygter hun mod St. Petersborg, overbevist om, at Bertha lever. I kejserhovedstaden lever hun som “fyrstinde Borislav” og møder Sulkoff, der har Bertha i husstanden som syg husholderske. Magnus aner intet: han opdager, at Sigrid har brændt familiens salmebog, efterlader et lys, der antænder gården, men børnene reddes, og greven gør ham til forvalter. På en rejse hører Magnus i halvsøvne Berthas stemme i Sulkoffs vogn, men når ikke frem til hende; senere finder han et broderet lommetørklæde med hendes initialer. Bertha selv har forgæves søgt Magnus ved Saimasøen, men opsamles af Sulkoff og føres tilbage til St. Petersborg. Seksten år er gået. Adolf og Minna, Magnus’ ældste børn, opdrages af grevinde Weliki i Moskva, mens de bittere tvillinger Rurik og Borissa undgår deres far og styrer mod hovedstaden, hvor kommissionær Ohlmann antyder Sigrids zigeuneroprindelse. Adolf udnævnes til løjtnant, Minna modtager en gave fra greven, og Magnus beslutter trods tvillingenes breve at rejse til Moskva for at møde netop Adolf og Minna. [Relevance]",3
"Summary #2

Ved Saimasøen i Finland ejer den velstående Magnus Pavo godset Birkelund. Da han hjælper naboer efter en storm, antændes gården af lyn, og familiens båd forsvinder med Magnus’ forældre og hustru Bertha; kun forældrenes lig og Berthas ring findes. I sorg drager Magnus med børnene mod Riga, men skibet forliser i Østersøen. Han reddes af Sigrid, en ung kvinde fra Rügen, der hidtil har forfulgt ham, fordi hun så ham som Karl XII. Sigrid ved, at Bertha overlevede uvejret, men skjuler den bevidstløse kvinde for Magnus og overlader hende til en finsk familie, der fører hende til general Sulkoff som sindsforvirret. Sigrid følger Magnus til Riga, hvor han fængles som spion og midlertidigt mister børnene; efter løsladelse køber han en gård i Polen af greve Modowski. Sigrid finder ham, de gifter sig og får tvillingerne Rurik og Borissa, men hendes dødlignende anfald vender tilbage. Da hun hører Sulkoff nærme sig, flygter hun mod St. Petersborg, overbevist om, at Bertha lever. I kejserhovedstaden lever hun som “fyrstinde Borislav” og møder Sulkoff, der har Bertha i husstanden som syg husholderske. Magnus aner intet: han opdager, at Sigrid har brændt familiens salmebog, efterlader et lys, der antænder gården, men børnene reddes, og greven gør ham til forvalter. På en rejse hører Magnus i halvsøvne Berthas stemme i Sulkoffs vogn, men når ikke frem til hende; senere finder han et broderet lommetørklæde med hendes initialer. Bertha selv har forgæves søgt Magnus ved Saimasøen, men opsamles af Sulkoff og føres tilbage til St. Petersborg. Seksten år er gået. Adolf og Minna, Magnus’ ældste børn, opdrages af grevinde Weliki i Moskva, mens de bittere tvillinger Rurik og Borissa undgår deres far og styrer mod hovedstaden, hvor kommissionær Ohlmann antyder Sigrids zigeuneroprindelse. Adolf udnævnes til løjtnant, Minna modtager en gave fra greven, og Magnus beslutter trods tvillingenes breve at rejse til Moskva for at møde netop Adolf og Minna. [Factuality]",3
"Summary #2

Ved Saimasøen i Finland ejer den velstående Magnus Pavo godset Birkelund. Da han hjælper naboer efter en storm, antændes gården af lyn, og familiens båd forsvinder med Magnus’ forældre og hustru Bertha; kun forældrenes lig og Berthas ring findes. I sorg drager Magnus med børnene mod Riga, men skibet forliser i Østersøen. Han reddes af Sigrid, en ung kvinde fra Rügen, der hidtil har forfulgt ham, fordi hun så ham som Karl XII. Sigrid ved, at Bertha overlevede uvejret, men skjuler den bevidstløse kvinde for Magnus og overlader hende til en finsk familie, der fører hende til general Sulkoff som sindsforvirret. Sigrid følger Magnus til Riga, hvor han fængles som spion og midlertidigt mister børnene; efter løsladelse køber han en gård i Polen af greve Modowski. Sigrid finder ham, de gifter sig og får tvillingerne Rurik og Borissa, men hendes dødlignende anfald vender tilbage. Da hun hører Sulkoff nærme sig, flygter hun mod St. Petersborg, overbevist om, at Bertha lever. I kejserhovedstaden lever hun som “fyrstinde Borislav” og møder Sulkoff, der har Bertha i husstanden som syg husholderske. Magnus aner intet: han opdager, at Sigrid har brændt familiens salmebog, efterlader et lys, der antænder gården, men børnene reddes, og greven gør ham til forvalter. På en rejse hører Magnus i halvsøvne Berthas stemme i Sulkoffs vogn, men når ikke frem til hende; senere finder han et broderet lommetørklæde med hendes initialer. Bertha selv har forgæves søgt Magnus ved Saimasøen, men opsamles af Sulkoff og føres tilbage til St. Petersborg. Seksten år er gået. Adolf og Minna, Magnus’ ældste børn, opdrages af grevinde Weliki i Moskva, mens de bittere tvillinger Rurik og Borissa undgår deres far og styrer mod hovedstaden, hvor kommissionær Ohlmann antyder Sigrids zigeuneroprindelse. Adolf udnævnes til løjtnant, Minna modtager en gave fra greven, og Magnus beslutter trods tvillingenes breve at rejse til Moskva for at møde netop Adolf og Minna. [Time ]",3
"Summary #2

Ved Saimasøen i Finland ejer den velstående Magnus Pavo godset Birkelund. Da han hjælper naboer efter en storm, antændes gården af lyn, og familiens båd forsvinder med Magnus’ forældre og hustru Bertha; kun forældrenes lig og Berthas ring findes. I sorg drager Magnus med børnene mod Riga, men skibet forliser i Østersøen. Han reddes af Sigrid, en ung kvinde fra Rügen, der hidtil har forfulgt ham, fordi hun så ham som Karl XII. Sigrid ved, at Bertha overlevede uvejret, men skjuler den bevidstløse kvinde for Magnus og overlader hende til en finsk familie, der fører hende til general Sulkoff som sindsforvirret. Sigrid følger Magnus til Riga, hvor han fængles som spion og midlertidigt mister børnene; efter løsladelse køber han en gård i Polen af greve Modowski. Sigrid finder ham, de gifter sig og får tvillingerne Rurik og Borissa, men hendes dødlignende anfald vender tilbage. Da hun hører Sulkoff nærme sig, flygter hun mod St. Petersborg, overbevist om, at Bertha lever. I kejserhovedstaden lever hun som “fyrstinde Borislav” og møder Sulkoff, der har Bertha i husstanden som syg husholderske. Magnus aner intet: han opdager, at Sigrid har brændt familiens salmebog, efterlader et lys, der antænder gården, men børnene reddes, og greven gør ham til forvalter. På en rejse hører Magnus i halvsøvne Berthas stemme i Sulkoffs vogn, men når ikke frem til hende; senere finder han et broderet lommetørklæde med hendes initialer. Bertha selv har forgæves søgt Magnus ved Saimasøen, men opsamles af Sulkoff og føres tilbage til St. Petersborg. Seksten år er gået. Adolf og Minna, Magnus’ ældste børn, opdrages af grevinde Weliki i Moskva, mens de bittere tvillinger Rurik og Borissa undgår deres far og styrer mod hovedstaden, hvor kommissionær Ohlmann antyder Sigrids zigeuneroprindelse. Adolf udnævnes til løjtnant, Minna modtager en gave fra greven, og Magnus beslutter trods tvillingenes breve at rejse til Moskva for at møde netop Adolf og Minna. [Place]",3
"Summary #2

Ved Saimasøen i Finland ejer den velstående Magnus Pavo godset Birkelund. Da han hjælper naboer efter en storm, antændes gården af lyn, og familiens båd forsvinder med Magnus’ forældre og hustru Bertha; kun forældrenes lig og Berthas ring findes. I sorg drager Magnus med børnene mod Riga, men skibet forliser i Østersøen. Han reddes af Sigrid, en ung kvinde fra Rügen, der hidtil har forfulgt ham, fordi hun så ham som Karl XII. Sigrid ved, at Bertha overlevede uvejret, men skjuler den bevidstløse kvinde for Magnus og overlader hende til en finsk familie, der fører hende til general Sulkoff som sindsforvirret. Sigrid følger Magnus til Riga, hvor han fængles som spion og midlertidigt mister børnene; efter løsladelse køber han en gård i Polen af greve Modowski. Sigrid finder ham, de gifter sig og får tvillingerne Rurik og Borissa, men hendes dødlignende anfald vender tilbage. Da hun hører Sulkoff nærme sig, flygter hun mod St. Petersborg, overbevist om, at Bertha lever. I kejserhovedstaden lever hun som “fyrstinde Borislav” og møder Sulkoff, der har Bertha i husstanden som syg husholderske. Magnus aner intet: han opdager, at Sigrid har brændt familiens salmebog, efterlader et lys, der antænder gården, men børnene reddes, og greven gør ham til forvalter. På en rejse hører Magnus i halvsøvne Berthas stemme i Sulkoffs vogn, men når ikke frem til hende; senere finder han et broderet lommetørklæde med hendes initialer. Bertha selv har forgæves søgt Magnus ved Saimasøen, men opsamles af Sulkoff og føres tilbage til St. Petersborg. Seksten år er gået. Adolf og Minna, Magnus’ ældste børn, opdrages af grevinde Weliki i Moskva, mens de bittere tvillinger Rurik og Borissa undgår deres far og styrer mod hovedstaden, hvor kommissionær Ohlmann antyder Sigrids zigeuneroprindelse. Adolf udnævnes til løjtnant, Minna modtager en gave fra greven, og Magnus beslutter trods tvillingenes breve at rejse til Moskva for at møde netop Adolf og Minna. [Characters]",3
"Summary #2

Ved Saimasøen i Finland ejer den velstående Magnus Pavo godset Birkelund. Da han hjælper naboer efter en storm, antændes gården af lyn, og familiens båd forsvinder med Magnus’ forældre og hustru Bertha; kun forældrenes lig og Berthas ring findes. I sorg drager Magnus med børnene mod Riga, men skibet forliser i Østersøen. Han reddes af Sigrid, en ung kvinde fra Rügen, der hidtil har forfulgt ham, fordi hun så ham som Karl XII. Sigrid ved, at Bertha overlevede uvejret, men skjuler den bevidstløse kvinde for Magnus og overlader hende til en finsk familie, der fører hende til general Sulkoff som sindsforvirret. Sigrid følger Magnus til Riga, hvor han fængles som spion og midlertidigt mister børnene; efter løsladelse køber han en gård i Polen af greve Modowski. Sigrid finder ham, de gifter sig og får tvillingerne Rurik og Borissa, men hendes dødlignende anfald vender tilbage. Da hun hører Sulkoff nærme sig, flygter hun mod St. Petersborg, overbevist om, at Bertha lever. I kejserhovedstaden lever hun som “fyrstinde Borislav” og møder Sulkoff, der har Bertha i husstanden som syg husholderske. Magnus aner intet: han opdager, at Sigrid har brændt familiens salmebog, efterlader et lys, der antænder gården, men børnene reddes, og greven gør ham til forvalter. På en rejse hører Magnus i halvsøvne Berthas stemme i Sulkoffs vogn, men når ikke frem til hende; senere finder han et broderet lommetørklæde med hendes initialer. Bertha selv har forgæves søgt Magnus ved Saimasøen, men opsamles af Sulkoff og føres tilbage til St. Petersborg. Seksten år er gået. Adolf og Minna, Magnus’ ældste børn, opdrages af grevinde Weliki i Moskva, mens de bittere tvillinger Rurik og Borissa undgår deres far og styrer mod hovedstaden, hvor kommissionær Ohlmann antyder Sigrids zigeuneroprindelse. Adolf udnævnes til løjtnant, Minna modtager en gave fra greven, og Magnus beslutter trods tvillingenes breve at rejse til Moskva for at møde netop Adolf og Minna. [Plot]",2
"Summary #2

Ved Saimasøen i Finland ejer den velstående Magnus Pavo godset Birkelund. Da han hjælper naboer efter en storm, antændes gården af lyn, og familiens båd forsvinder med Magnus’ forældre og hustru Bertha; kun forældrenes lig og Berthas ring findes. I sorg drager Magnus med børnene mod Riga, men skibet forliser i Østersøen. Han reddes af Sigrid, en ung kvinde fra Rügen, der hidtil har forfulgt ham, fordi hun så ham som Karl XII. Sigrid ved, at Bertha overlevede uvejret, men skjuler den bevidstløse kvinde for Magnus og overlader hende til en finsk familie, der fører hende til general Sulkoff som sindsforvirret. Sigrid følger Magnus til Riga, hvor han fængles som spion og midlertidigt mister børnene; efter løsladelse køber han en gård i Polen af greve Modowski. Sigrid finder ham, de gifter sig og får tvillingerne Rurik og Borissa, men hendes dødlignende anfald vender tilbage. Da hun hører Sulkoff nærme sig, flygter hun mod St. Petersborg, overbevist om, at Bertha lever. I kejserhovedstaden lever hun som “fyrstinde Borislav” og møder Sulkoff, der har Bertha i husstanden som syg husholderske. Magnus aner intet: han opdager, at Sigrid har brændt familiens salmebog, efterlader et lys, der antænder gården, men børnene reddes, og greven gør ham til forvalter. På en rejse hører Magnus i halvsøvne Berthas stemme i Sulkoffs vogn, men når ikke frem til hende; senere finder han et broderet lommetørklæde med hendes initialer. Bertha selv har forgæves søgt Magnus ved Saimasøen, men opsamles af Sulkoff og føres tilbage til St. Petersborg. Seksten år er gået. Adolf og Minna, Magnus’ ældste børn, opdrages af grevinde Weliki i Moskva, mens de bittere tvillinger Rurik og Borissa undgår deres far og styrer mod hovedstaden, hvor kommissionær Ohlmann antyder Sigrids zigeuneroprindelse. Adolf udnævnes til løjtnant, Minna modtager en gave fra greven, og Magnus beslutter trods tvillingenes breve at rejse til Moskva for at møde netop Adolf og Minna. [Themes]",2
"Summary #3

Handlingen foregår i begyndelsen af 1700-tallet under krigen mellem Sverige og Rusland og bevæger sig fra Finland ved Saimasøen via Helsingfors og Østersøen til Rügen og Riga og videre ind i det russiske rige med St. Petersborg og Moskva som centrale knudepunkter. På hovedgården Birkelund ved Saima lever den unge godsejer Magnus Pavo med hustruen Bertha Linden, deres børn og Magnus’ forældre. Magnus moderniserer driften, men en sommer rammes familien af en række ulykker: et uvejr antænder Birkelund, savværket ødelægges, forældrene omkommer, og Bertha forsvinder. Da en ring senere skylles op, tror Magnus, at hun er død. Ruineret rejser han sydpå med børnene; briggen Stjernen forliser på vej mod Riga, men de reddes ved Rügens kyst af Sigrid, en myndig og gådefuld kvinde, som knytter sig stærkt til Magnus og kalder sig hans “skytsånd”.

Sigrid er en vendisk fiskerdatter fra Rügen, der lever i en forestilling om fyrsteafstamning (Borislav) og tillægger et arvet halsbånd med slange- og korsmotiv særlig betydning. Hendes besættelse skifter fra Karl XII til Magnus og præges af jalousi og had til Bertha, fordi Magnus’ kærlighed er bundet til sin første hustru. Bertha er imidlertid i live; efter at have strejfet alene gennem ødemark findes hun nær Helsingfors af den russiske general Sulkoff, der tager hende under sin beskyttelse. I St. Petersborg sørger han for lægehjælp og tilbyder senere ægteskab; Bertha afslår først, men bliver boende hos ham i et respektfuldt forhold og fastholder, at Magnus’ død må være bevist, før hun kan binde sig.

Magnus når Riga, arresteres som mistænkt spion, og børnene forsvinder kort, men genfindes. Han ender på grev Modowskis gods under en kontrakt, der i praksis binder ham som livegen; efter en brandepisode river greven kontrakten itu, giver ham frihed og gør ham til godsforvalter. De ældste børn, Adolf og Minna, sendes til Moskva til den barnløse grevinde Weliki, mens tvillingerne Rurik og Borissa senere adskilles fra faderen. Sigrid forsvinder efter et anfald, der ligner skindød, og dukker op i St. Petersborg som “Fyrstinde Borislav af Pommern”, overvåget af den tidligere løjtnant Ohlmann, nu politispion/kommissær.

Seksten år senere har alle fire børn været i grevinde Welikis hus i Moskva: Adolf bliver løjtnant i den kejserlige hestgarde, Minna opdrages som grevindens “datter”, mens tvillingerne skildres som stridige og drevet af misundelse og ambition. Kaptajn Suwarow viser interesse for Minna; Borissa forsøger at vinde ham, men afvises, og Rurik søger spænding og penge i hasard. Rurik møder en kvinde fra en zigeunertrup, der ligner Sigrid og kalder sig hendes søster; hun hævder, at Sigrid stammer fra zigeunere og forudsiger fald for både Sigrid og tvillingerne. Rurik og Borissa flygter mod St. Petersborg, ender i zigeunerlejren, og senere i Ribinsk, hvor general Sulkoff giver dem husly, mens Bertha opholder sig der som hans husholderske og ledsager; Sulkoff afleder enhver samtale, der kunne føre Bertha til Magnus. I St. Petersborg lever Rurik videre blandt hoteller, værtshuse og spilleborde, mens Ohlmann følger tvillingerne og holder øje med Sigrid. Flere spor samles på vej mod Moskva: Ohlmann, tvillingerne, Sigrid samt Sulkoff og Bertha, der planlægger rejse og et kommende bryllup i Perm ved Uralbjergenes fod. I Moskva får Sigrid via rygter at vide, at Minna har giftet sig med Suwarow og rejst sydpå, og at Adolf er sendt til minerne i Ural efter kejserinde Katharinas befaling; Ohlmann narrer den ensomme grevinde Weliki med løfte om snart at bringe de forsvundne plejebørn tilbage. Borissa forsvinder ved daggry og slutter sig til zigeunerstammen, mens Rurik sendes bort alene. Samtidig dør Modowski; Magnus forvalter godset til det sælges, men da en brutal ny ejer vil binde ham som livegen, tager Magnus en godtgørelse og beslutter at rejse. Minna og Suwarow opsøger ham, og de planlægger at rejse til Finland, men først til Moskva for at tage afsked med grevinde Weliki og afvente nyt om tvillingerne. I Moskva opsporer Ohlmann Rurik, men mister ham, da han springer ud ad et vindue for at undgå anholdelse; Ohlmann konfronterer også Sigrid med, at Magnus er i byen, og hun antyder, at hun vil give ham en “overraskelse”. Rurik drikker sig sanseløs og dukker uanmeldt op i grevinde Welikis hus. [Fluency]",3
"Summary #3

Handlingen foregår i begyndelsen af 1700-tallet under krigen mellem Sverige og Rusland og bevæger sig fra Finland ved Saimasøen via Helsingfors og Østersøen til Rügen og Riga og videre ind i det russiske rige med St. Petersborg og Moskva som centrale knudepunkter. På hovedgården Birkelund ved Saima lever den unge godsejer Magnus Pavo med hustruen Bertha Linden, deres børn og Magnus’ forældre. Magnus moderniserer driften, men en sommer rammes familien af en række ulykker: et uvejr antænder Birkelund, savværket ødelægges, forældrene omkommer, og Bertha forsvinder. Da en ring senere skylles op, tror Magnus, at hun er død. Ruineret rejser han sydpå med børnene; briggen Stjernen forliser på vej mod Riga, men de reddes ved Rügens kyst af Sigrid, en myndig og gådefuld kvinde, som knytter sig stærkt til Magnus og kalder sig hans “skytsånd”.

Sigrid er en vendisk fiskerdatter fra Rügen, der lever i en forestilling om fyrsteafstamning (Borislav) og tillægger et arvet halsbånd med slange- og korsmotiv særlig betydning. Hendes besættelse skifter fra Karl XII til Magnus og præges af jalousi og had til Bertha, fordi Magnus’ kærlighed er bundet til sin første hustru. Bertha er imidlertid i live; efter at have strejfet alene gennem ødemark findes hun nær Helsingfors af den russiske general Sulkoff, der tager hende under sin beskyttelse. I St. Petersborg sørger han for lægehjælp og tilbyder senere ægteskab; Bertha afslår først, men bliver boende hos ham i et respektfuldt forhold og fastholder, at Magnus’ død må være bevist, før hun kan binde sig.

Magnus når Riga, arresteres som mistænkt spion, og børnene forsvinder kort, men genfindes. Han ender på grev Modowskis gods under en kontrakt, der i praksis binder ham som livegen; efter en brandepisode river greven kontrakten itu, giver ham frihed og gør ham til godsforvalter. De ældste børn, Adolf og Minna, sendes til Moskva til den barnløse grevinde Weliki, mens tvillingerne Rurik og Borissa senere adskilles fra faderen. Sigrid forsvinder efter et anfald, der ligner skindød, og dukker op i St. Petersborg som “Fyrstinde Borislav af Pommern”, overvåget af den tidligere løjtnant Ohlmann, nu politispion/kommissær.

Seksten år senere har alle fire børn været i grevinde Welikis hus i Moskva: Adolf bliver løjtnant i den kejserlige hestgarde, Minna opdrages som grevindens “datter”, mens tvillingerne skildres som stridige og drevet af misundelse og ambition. Kaptajn Suwarow viser interesse for Minna; Borissa forsøger at vinde ham, men afvises, og Rurik søger spænding og penge i hasard. Rurik møder en kvinde fra en zigeunertrup, der ligner Sigrid og kalder sig hendes søster; hun hævder, at Sigrid stammer fra zigeunere og forudsiger fald for både Sigrid og tvillingerne. Rurik og Borissa flygter mod St. Petersborg, ender i zigeunerlejren, og senere i Ribinsk, hvor general Sulkoff giver dem husly, mens Bertha opholder sig der som hans husholderske og ledsager; Sulkoff afleder enhver samtale, der kunne føre Bertha til Magnus. I St. Petersborg lever Rurik videre blandt hoteller, værtshuse og spilleborde, mens Ohlmann følger tvillingerne og holder øje med Sigrid. Flere spor samles på vej mod Moskva: Ohlmann, tvillingerne, Sigrid samt Sulkoff og Bertha, der planlægger rejse og et kommende bryllup i Perm ved Uralbjergenes fod. I Moskva får Sigrid via rygter at vide, at Minna har giftet sig med Suwarow og rejst sydpå, og at Adolf er sendt til minerne i Ural efter kejserinde Katharinas befaling; Ohlmann narrer den ensomme grevinde Weliki med løfte om snart at bringe de forsvundne plejebørn tilbage. Borissa forsvinder ved daggry og slutter sig til zigeunerstammen, mens Rurik sendes bort alene. Samtidig dør Modowski; Magnus forvalter godset til det sælges, men da en brutal ny ejer vil binde ham som livegen, tager Magnus en godtgørelse og beslutter at rejse. Minna og Suwarow opsøger ham, og de planlægger at rejse til Finland, men først til Moskva for at tage afsked med grevinde Weliki og afvente nyt om tvillingerne. I Moskva opsporer Ohlmann Rurik, men mister ham, da han springer ud ad et vindue for at undgå anholdelse; Ohlmann konfronterer også Sigrid med, at Magnus er i byen, og hun antyder, at hun vil give ham en “overraskelse”. Rurik drikker sig sanseløs og dukker uanmeldt op i grevinde Welikis hus. [Coherence]",4
"Summary #3

Handlingen foregår i begyndelsen af 1700-tallet under krigen mellem Sverige og Rusland og bevæger sig fra Finland ved Saimasøen via Helsingfors og Østersøen til Rügen og Riga og videre ind i det russiske rige med St. Petersborg og Moskva som centrale knudepunkter. På hovedgården Birkelund ved Saima lever den unge godsejer Magnus Pavo med hustruen Bertha Linden, deres børn og Magnus’ forældre. Magnus moderniserer driften, men en sommer rammes familien af en række ulykker: et uvejr antænder Birkelund, savværket ødelægges, forældrene omkommer, og Bertha forsvinder. Da en ring senere skylles op, tror Magnus, at hun er død. Ruineret rejser han sydpå med børnene; briggen Stjernen forliser på vej mod Riga, men de reddes ved Rügens kyst af Sigrid, en myndig og gådefuld kvinde, som knytter sig stærkt til Magnus og kalder sig hans “skytsånd”.

Sigrid er en vendisk fiskerdatter fra Rügen, der lever i en forestilling om fyrsteafstamning (Borislav) og tillægger et arvet halsbånd med slange- og korsmotiv særlig betydning. Hendes besættelse skifter fra Karl XII til Magnus og præges af jalousi og had til Bertha, fordi Magnus’ kærlighed er bundet til sin første hustru. Bertha er imidlertid i live; efter at have strejfet alene gennem ødemark findes hun nær Helsingfors af den russiske general Sulkoff, der tager hende under sin beskyttelse. I St. Petersborg sørger han for lægehjælp og tilbyder senere ægteskab; Bertha afslår først, men bliver boende hos ham i et respektfuldt forhold og fastholder, at Magnus’ død må være bevist, før hun kan binde sig.

Magnus når Riga, arresteres som mistænkt spion, og børnene forsvinder kort, men genfindes. Han ender på grev Modowskis gods under en kontrakt, der i praksis binder ham som livegen; efter en brandepisode river greven kontrakten itu, giver ham frihed og gør ham til godsforvalter. De ældste børn, Adolf og Minna, sendes til Moskva til den barnløse grevinde Weliki, mens tvillingerne Rurik og Borissa senere adskilles fra faderen. Sigrid forsvinder efter et anfald, der ligner skindød, og dukker op i St. Petersborg som “Fyrstinde Borislav af Pommern”, overvåget af den tidligere løjtnant Ohlmann, nu politispion/kommissær.

Seksten år senere har alle fire børn været i grevinde Welikis hus i Moskva: Adolf bliver løjtnant i den kejserlige hestgarde, Minna opdrages som grevindens “datter”, mens tvillingerne skildres som stridige og drevet af misundelse og ambition. Kaptajn Suwarow viser interesse for Minna; Borissa forsøger at vinde ham, men afvises, og Rurik søger spænding og penge i hasard. Rurik møder en kvinde fra en zigeunertrup, der ligner Sigrid og kalder sig hendes søster; hun hævder, at Sigrid stammer fra zigeunere og forudsiger fald for både Sigrid og tvillingerne. Rurik og Borissa flygter mod St. Petersborg, ender i zigeunerlejren, og senere i Ribinsk, hvor general Sulkoff giver dem husly, mens Bertha opholder sig der som hans husholderske og ledsager; Sulkoff afleder enhver samtale, der kunne føre Bertha til Magnus. I St. Petersborg lever Rurik videre blandt hoteller, værtshuse og spilleborde, mens Ohlmann følger tvillingerne og holder øje med Sigrid. Flere spor samles på vej mod Moskva: Ohlmann, tvillingerne, Sigrid samt Sulkoff og Bertha, der planlægger rejse og et kommende bryllup i Perm ved Uralbjergenes fod. I Moskva får Sigrid via rygter at vide, at Minna har giftet sig med Suwarow og rejst sydpå, og at Adolf er sendt til minerne i Ural efter kejserinde Katharinas befaling; Ohlmann narrer den ensomme grevinde Weliki med løfte om snart at bringe de forsvundne plejebørn tilbage. Borissa forsvinder ved daggry og slutter sig til zigeunerstammen, mens Rurik sendes bort alene. Samtidig dør Modowski; Magnus forvalter godset til det sælges, men da en brutal ny ejer vil binde ham som livegen, tager Magnus en godtgørelse og beslutter at rejse. Minna og Suwarow opsøger ham, og de planlægger at rejse til Finland, men først til Moskva for at tage afsked med grevinde Weliki og afvente nyt om tvillingerne. I Moskva opsporer Ohlmann Rurik, men mister ham, da han springer ud ad et vindue for at undgå anholdelse; Ohlmann konfronterer også Sigrid med, at Magnus er i byen, og hun antyder, at hun vil give ham en “overraskelse”. Rurik drikker sig sanseløs og dukker uanmeldt op i grevinde Welikis hus. [Relevance]",2
"Summary #3

Handlingen foregår i begyndelsen af 1700-tallet under krigen mellem Sverige og Rusland og bevæger sig fra Finland ved Saimasøen via Helsingfors og Østersøen til Rügen og Riga og videre ind i det russiske rige med St. Petersborg og Moskva som centrale knudepunkter. På hovedgården Birkelund ved Saima lever den unge godsejer Magnus Pavo med hustruen Bertha Linden, deres børn og Magnus’ forældre. Magnus moderniserer driften, men en sommer rammes familien af en række ulykker: et uvejr antænder Birkelund, savværket ødelægges, forældrene omkommer, og Bertha forsvinder. Da en ring senere skylles op, tror Magnus, at hun er død. Ruineret rejser han sydpå med børnene; briggen Stjernen forliser på vej mod Riga, men de reddes ved Rügens kyst af Sigrid, en myndig og gådefuld kvinde, som knytter sig stærkt til Magnus og kalder sig hans “skytsånd”.

Sigrid er en vendisk fiskerdatter fra Rügen, der lever i en forestilling om fyrsteafstamning (Borislav) og tillægger et arvet halsbånd med slange- og korsmotiv særlig betydning. Hendes besættelse skifter fra Karl XII til Magnus og præges af jalousi og had til Bertha, fordi Magnus’ kærlighed er bundet til sin første hustru. Bertha er imidlertid i live; efter at have strejfet alene gennem ødemark findes hun nær Helsingfors af den russiske general Sulkoff, der tager hende under sin beskyttelse. I St. Petersborg sørger han for lægehjælp og tilbyder senere ægteskab; Bertha afslår først, men bliver boende hos ham i et respektfuldt forhold og fastholder, at Magnus’ død må være bevist, før hun kan binde sig.

Magnus når Riga, arresteres som mistænkt spion, og børnene forsvinder kort, men genfindes. Han ender på grev Modowskis gods under en kontrakt, der i praksis binder ham som livegen; efter en brandepisode river greven kontrakten itu, giver ham frihed og gør ham til godsforvalter. De ældste børn, Adolf og Minna, sendes til Moskva til den barnløse grevinde Weliki, mens tvillingerne Rurik og Borissa senere adskilles fra faderen. Sigrid forsvinder efter et anfald, der ligner skindød, og dukker op i St. Petersborg som “Fyrstinde Borislav af Pommern”, overvåget af den tidligere løjtnant Ohlmann, nu politispion/kommissær.

Seksten år senere har alle fire børn været i grevinde Welikis hus i Moskva: Adolf bliver løjtnant i den kejserlige hestgarde, Minna opdrages som grevindens “datter”, mens tvillingerne skildres som stridige og drevet af misundelse og ambition. Kaptajn Suwarow viser interesse for Minna; Borissa forsøger at vinde ham, men afvises, og Rurik søger spænding og penge i hasard. Rurik møder en kvinde fra en zigeunertrup, der ligner Sigrid og kalder sig hendes søster; hun hævder, at Sigrid stammer fra zigeunere og forudsiger fald for både Sigrid og tvillingerne. Rurik og Borissa flygter mod St. Petersborg, ender i zigeunerlejren, og senere i Ribinsk, hvor general Sulkoff giver dem husly, mens Bertha opholder sig der som hans husholderske og ledsager; Sulkoff afleder enhver samtale, der kunne føre Bertha til Magnus. I St. Petersborg lever Rurik videre blandt hoteller, værtshuse og spilleborde, mens Ohlmann følger tvillingerne og holder øje med Sigrid. Flere spor samles på vej mod Moskva: Ohlmann, tvillingerne, Sigrid samt Sulkoff og Bertha, der planlægger rejse og et kommende bryllup i Perm ved Uralbjergenes fod. I Moskva får Sigrid via rygter at vide, at Minna har giftet sig med Suwarow og rejst sydpå, og at Adolf er sendt til minerne i Ural efter kejserinde Katharinas befaling; Ohlmann narrer den ensomme grevinde Weliki med løfte om snart at bringe de forsvundne plejebørn tilbage. Borissa forsvinder ved daggry og slutter sig til zigeunerstammen, mens Rurik sendes bort alene. Samtidig dør Modowski; Magnus forvalter godset til det sælges, men da en brutal ny ejer vil binde ham som livegen, tager Magnus en godtgørelse og beslutter at rejse. Minna og Suwarow opsøger ham, og de planlægger at rejse til Finland, men først til Moskva for at tage afsked med grevinde Weliki og afvente nyt om tvillingerne. I Moskva opsporer Ohlmann Rurik, men mister ham, da han springer ud ad et vindue for at undgå anholdelse; Ohlmann konfronterer også Sigrid med, at Magnus er i byen, og hun antyder, at hun vil give ham en “overraskelse”. Rurik drikker sig sanseløs og dukker uanmeldt op i grevinde Welikis hus. [Factuality]",3
"Summary #3

Handlingen foregår i begyndelsen af 1700-tallet under krigen mellem Sverige og Rusland og bevæger sig fra Finland ved Saimasøen via Helsingfors og Østersøen til Rügen og Riga og videre ind i det russiske rige med St. Petersborg og Moskva som centrale knudepunkter. På hovedgården Birkelund ved Saima lever den unge godsejer Magnus Pavo med hustruen Bertha Linden, deres børn og Magnus’ forældre. Magnus moderniserer driften, men en sommer rammes familien af en række ulykker: et uvejr antænder Birkelund, savværket ødelægges, forældrene omkommer, og Bertha forsvinder. Da en ring senere skylles op, tror Magnus, at hun er død. Ruineret rejser han sydpå med børnene; briggen Stjernen forliser på vej mod Riga, men de reddes ved Rügens kyst af Sigrid, en myndig og gådefuld kvinde, som knytter sig stærkt til Magnus og kalder sig hans “skytsånd”.

Sigrid er en vendisk fiskerdatter fra Rügen, der lever i en forestilling om fyrsteafstamning (Borislav) og tillægger et arvet halsbånd med slange- og korsmotiv særlig betydning. Hendes besættelse skifter fra Karl XII til Magnus og præges af jalousi og had til Bertha, fordi Magnus’ kærlighed er bundet til sin første hustru. Bertha er imidlertid i live; efter at have strejfet alene gennem ødemark findes hun nær Helsingfors af den russiske general Sulkoff, der tager hende under sin beskyttelse. I St. Petersborg sørger han for lægehjælp og tilbyder senere ægteskab; Bertha afslår først, men bliver boende hos ham i et respektfuldt forhold og fastholder, at Magnus’ død må være bevist, før hun kan binde sig.

Magnus når Riga, arresteres som mistænkt spion, og børnene forsvinder kort, men genfindes. Han ender på grev Modowskis gods under en kontrakt, der i praksis binder ham som livegen; efter en brandepisode river greven kontrakten itu, giver ham frihed og gør ham til godsforvalter. De ældste børn, Adolf og Minna, sendes til Moskva til den barnløse grevinde Weliki, mens tvillingerne Rurik og Borissa senere adskilles fra faderen. Sigrid forsvinder efter et anfald, der ligner skindød, og dukker op i St. Petersborg som “Fyrstinde Borislav af Pommern”, overvåget af den tidligere løjtnant Ohlmann, nu politispion/kommissær.

Seksten år senere har alle fire børn været i grevinde Welikis hus i Moskva: Adolf bliver løjtnant i den kejserlige hestgarde, Minna opdrages som grevindens “datter”, mens tvillingerne skildres som stridige og drevet af misundelse og ambition. Kaptajn Suwarow viser interesse for Minna; Borissa forsøger at vinde ham, men afvises, og Rurik søger spænding og penge i hasard. Rurik møder en kvinde fra en zigeunertrup, der ligner Sigrid og kalder sig hendes søster; hun hævder, at Sigrid stammer fra zigeunere og forudsiger fald for både Sigrid og tvillingerne. Rurik og Borissa flygter mod St. Petersborg, ender i zigeunerlejren, og senere i Ribinsk, hvor general Sulkoff giver dem husly, mens Bertha opholder sig der som hans husholderske og ledsager; Sulkoff afleder enhver samtale, der kunne føre Bertha til Magnus. I St. Petersborg lever Rurik videre blandt hoteller, værtshuse og spilleborde, mens Ohlmann følger tvillingerne og holder øje med Sigrid. Flere spor samles på vej mod Moskva: Ohlmann, tvillingerne, Sigrid samt Sulkoff og Bertha, der planlægger rejse og et kommende bryllup i Perm ved Uralbjergenes fod. I Moskva får Sigrid via rygter at vide, at Minna har giftet sig med Suwarow og rejst sydpå, og at Adolf er sendt til minerne i Ural efter kejserinde Katharinas befaling; Ohlmann narrer den ensomme grevinde Weliki med løfte om snart at bringe de forsvundne plejebørn tilbage. Borissa forsvinder ved daggry og slutter sig til zigeunerstammen, mens Rurik sendes bort alene. Samtidig dør Modowski; Magnus forvalter godset til det sælges, men da en brutal ny ejer vil binde ham som livegen, tager Magnus en godtgørelse og beslutter at rejse. Minna og Suwarow opsøger ham, og de planlægger at rejse til Finland, men først til Moskva for at tage afsked med grevinde Weliki og afvente nyt om tvillingerne. I Moskva opsporer Ohlmann Rurik, men mister ham, da han springer ud ad et vindue for at undgå anholdelse; Ohlmann konfronterer også Sigrid med, at Magnus er i byen, og hun antyder, at hun vil give ham en “overraskelse”. Rurik drikker sig sanseløs og dukker uanmeldt op i grevinde Welikis hus. [Time]",3
"Summary #3

Handlingen foregår i begyndelsen af 1700-tallet under krigen mellem Sverige og Rusland og bevæger sig fra Finland ved Saimasøen via Helsingfors og Østersøen til Rügen og Riga og videre ind i det russiske rige med St. Petersborg og Moskva som centrale knudepunkter. På hovedgården Birkelund ved Saima lever den unge godsejer Magnus Pavo med hustruen Bertha Linden, deres børn og Magnus’ forældre. Magnus moderniserer driften, men en sommer rammes familien af en række ulykker: et uvejr antænder Birkelund, savværket ødelægges, forældrene omkommer, og Bertha forsvinder. Da en ring senere skylles op, tror Magnus, at hun er død. Ruineret rejser han sydpå med børnene; briggen Stjernen forliser på vej mod Riga, men de reddes ved Rügens kyst af Sigrid, en myndig og gådefuld kvinde, som knytter sig stærkt til Magnus og kalder sig hans “skytsånd”.

Sigrid er en vendisk fiskerdatter fra Rügen, der lever i en forestilling om fyrsteafstamning (Borislav) og tillægger et arvet halsbånd med slange- og korsmotiv særlig betydning. Hendes besættelse skifter fra Karl XII til Magnus og præges af jalousi og had til Bertha, fordi Magnus’ kærlighed er bundet til sin første hustru. Bertha er imidlertid i live; efter at have strejfet alene gennem ødemark findes hun nær Helsingfors af den russiske general Sulkoff, der tager hende under sin beskyttelse. I St. Petersborg sørger han for lægehjælp og tilbyder senere ægteskab; Bertha afslår først, men bliver boende hos ham i et respektfuldt forhold og fastholder, at Magnus’ død må være bevist, før hun kan binde sig.

Magnus når Riga, arresteres som mistænkt spion, og børnene forsvinder kort, men genfindes. Han ender på grev Modowskis gods under en kontrakt, der i praksis binder ham som livegen; efter en brandepisode river greven kontrakten itu, giver ham frihed og gør ham til godsforvalter. De ældste børn, Adolf og Minna, sendes til Moskva til den barnløse grevinde Weliki, mens tvillingerne Rurik og Borissa senere adskilles fra faderen. Sigrid forsvinder efter et anfald, der ligner skindød, og dukker op i St. Petersborg som “Fyrstinde Borislav af Pommern”, overvåget af den tidligere løjtnant Ohlmann, nu politispion/kommissær.

Seksten år senere har alle fire børn været i grevinde Welikis hus i Moskva: Adolf bliver løjtnant i den kejserlige hestgarde, Minna opdrages som grevindens “datter”, mens tvillingerne skildres som stridige og drevet af misundelse og ambition. Kaptajn Suwarow viser interesse for Minna; Borissa forsøger at vinde ham, men afvises, og Rurik søger spænding og penge i hasard. Rurik møder en kvinde fra en zigeunertrup, der ligner Sigrid og kalder sig hendes søster; hun hævder, at Sigrid stammer fra zigeunere og forudsiger fald for både Sigrid og tvillingerne. Rurik og Borissa flygter mod St. Petersborg, ender i zigeunerlejren, og senere i Ribinsk, hvor general Sulkoff giver dem husly, mens Bertha opholder sig der som hans husholderske og ledsager; Sulkoff afleder enhver samtale, der kunne føre Bertha til Magnus. I St. Petersborg lever Rurik videre blandt hoteller, værtshuse og spilleborde, mens Ohlmann følger tvillingerne og holder øje med Sigrid. Flere spor samles på vej mod Moskva: Ohlmann, tvillingerne, Sigrid samt Sulkoff og Bertha, der planlægger rejse og et kommende bryllup i Perm ved Uralbjergenes fod. I Moskva får Sigrid via rygter at vide, at Minna har giftet sig med Suwarow og rejst sydpå, og at Adolf er sendt til minerne i Ural efter kejserinde Katharinas befaling; Ohlmann narrer den ensomme grevinde Weliki med løfte om snart at bringe de forsvundne plejebørn tilbage. Borissa forsvinder ved daggry og slutter sig til zigeunerstammen, mens Rurik sendes bort alene. Samtidig dør Modowski; Magnus forvalter godset til det sælges, men da en brutal ny ejer vil binde ham som livegen, tager Magnus en godtgørelse og beslutter at rejse. Minna og Suwarow opsøger ham, og de planlægger at rejse til Finland, men først til Moskva for at tage afsked med grevinde Weliki og afvente nyt om tvillingerne. I Moskva opsporer Ohlmann Rurik, men mister ham, da han springer ud ad et vindue for at undgå anholdelse; Ohlmann konfronterer også Sigrid med, at Magnus er i byen, og hun antyder, at hun vil give ham en “overraskelse”. Rurik drikker sig sanseløs og dukker uanmeldt op i grevinde Welikis hus. [Place]",3
"Summary #3

Handlingen foregår i begyndelsen af 1700-tallet under krigen mellem Sverige og Rusland og bevæger sig fra Finland ved Saimasøen via Helsingfors og Østersøen til Rügen og Riga og videre ind i det russiske rige med St. Petersborg og Moskva som centrale knudepunkter. På hovedgården Birkelund ved Saima lever den unge godsejer Magnus Pavo med hustruen Bertha Linden, deres børn og Magnus’ forældre. Magnus moderniserer driften, men en sommer rammes familien af en række ulykker: et uvejr antænder Birkelund, savværket ødelægges, forældrene omkommer, og Bertha forsvinder. Da en ring senere skylles op, tror Magnus, at hun er død. Ruineret rejser han sydpå med børnene; briggen Stjernen forliser på vej mod Riga, men de reddes ved Rügens kyst af Sigrid, en myndig og gådefuld kvinde, som knytter sig stærkt til Magnus og kalder sig hans “skytsånd”.

Sigrid er en vendisk fiskerdatter fra Rügen, der lever i en forestilling om fyrsteafstamning (Borislav) og tillægger et arvet halsbånd med slange- og korsmotiv særlig betydning. Hendes besættelse skifter fra Karl XII til Magnus og præges af jalousi og had til Bertha, fordi Magnus’ kærlighed er bundet til sin første hustru. Bertha er imidlertid i live; efter at have strejfet alene gennem ødemark findes hun nær Helsingfors af den russiske general Sulkoff, der tager hende under sin beskyttelse. I St. Petersborg sørger han for lægehjælp og tilbyder senere ægteskab; Bertha afslår først, men bliver boende hos ham i et respektfuldt forhold og fastholder, at Magnus’ død må være bevist, før hun kan binde sig.

Magnus når Riga, arresteres som mistænkt spion, og børnene forsvinder kort, men genfindes. Han ender på grev Modowskis gods under en kontrakt, der i praksis binder ham som livegen; efter en brandepisode river greven kontrakten itu, giver ham frihed og gør ham til godsforvalter. De ældste børn, Adolf og Minna, sendes til Moskva til den barnløse grevinde Weliki, mens tvillingerne Rurik og Borissa senere adskilles fra faderen. Sigrid forsvinder efter et anfald, der ligner skindød, og dukker op i St. Petersborg som “Fyrstinde Borislav af Pommern”, overvåget af den tidligere løjtnant Ohlmann, nu politispion/kommissær.

Seksten år senere har alle fire børn været i grevinde Welikis hus i Moskva: Adolf bliver løjtnant i den kejserlige hestgarde, Minna opdrages som grevindens “datter”, mens tvillingerne skildres som stridige og drevet af misundelse og ambition. Kaptajn Suwarow viser interesse for Minna; Borissa forsøger at vinde ham, men afvises, og Rurik søger spænding og penge i hasard. Rurik møder en kvinde fra en zigeunertrup, der ligner Sigrid og kalder sig hendes søster; hun hævder, at Sigrid stammer fra zigeunere og forudsiger fald for både Sigrid og tvillingerne. Rurik og Borissa flygter mod St. Petersborg, ender i zigeunerlejren, og senere i Ribinsk, hvor general Sulkoff giver dem husly, mens Bertha opholder sig der som hans husholderske og ledsager; Sulkoff afleder enhver samtale, der kunne føre Bertha til Magnus. I St. Petersborg lever Rurik videre blandt hoteller, værtshuse og spilleborde, mens Ohlmann følger tvillingerne og holder øje med Sigrid. Flere spor samles på vej mod Moskva: Ohlmann, tvillingerne, Sigrid samt Sulkoff og Bertha, der planlægger rejse og et kommende bryllup i Perm ved Uralbjergenes fod. I Moskva får Sigrid via rygter at vide, at Minna har giftet sig med Suwarow og rejst sydpå, og at Adolf er sendt til minerne i Ural efter kejserinde Katharinas befaling; Ohlmann narrer den ensomme grevinde Weliki med løfte om snart at bringe de forsvundne plejebørn tilbage. Borissa forsvinder ved daggry og slutter sig til zigeunerstammen, mens Rurik sendes bort alene. Samtidig dør Modowski; Magnus forvalter godset til det sælges, men da en brutal ny ejer vil binde ham som livegen, tager Magnus en godtgørelse og beslutter at rejse. Minna og Suwarow opsøger ham, og de planlægger at rejse til Finland, men først til Moskva for at tage afsked med grevinde Weliki og afvente nyt om tvillingerne. I Moskva opsporer Ohlmann Rurik, men mister ham, da han springer ud ad et vindue for at undgå anholdelse; Ohlmann konfronterer også Sigrid med, at Magnus er i byen, og hun antyder, at hun vil give ham en “overraskelse”. Rurik drikker sig sanseløs og dukker uanmeldt op i grevinde Welikis hus. [Characters]",2
"Summary #3

Handlingen foregår i begyndelsen af 1700-tallet under krigen mellem Sverige og Rusland og bevæger sig fra Finland ved Saimasøen via Helsingfors og Østersøen til Rügen og Riga og videre ind i det russiske rige med St. Petersborg og Moskva som centrale knudepunkter. På hovedgården Birkelund ved Saima lever den unge godsejer Magnus Pavo med hustruen Bertha Linden, deres børn og Magnus’ forældre. Magnus moderniserer driften, men en sommer rammes familien af en række ulykker: et uvejr antænder Birkelund, savværket ødelægges, forældrene omkommer, og Bertha forsvinder. Da en ring senere skylles op, tror Magnus, at hun er død. Ruineret rejser han sydpå med børnene; briggen Stjernen forliser på vej mod Riga, men de reddes ved Rügens kyst af Sigrid, en myndig og gådefuld kvinde, som knytter sig stærkt til Magnus og kalder sig hans “skytsånd”.

Sigrid er en vendisk fiskerdatter fra Rügen, der lever i en forestilling om fyrsteafstamning (Borislav) og tillægger et arvet halsbånd med slange- og korsmotiv særlig betydning. Hendes besættelse skifter fra Karl XII til Magnus og præges af jalousi og had til Bertha, fordi Magnus’ kærlighed er bundet til sin første hustru. Bertha er imidlertid i live; efter at have strejfet alene gennem ødemark findes hun nær Helsingfors af den russiske general Sulkoff, der tager hende under sin beskyttelse. I St. Petersborg sørger han for lægehjælp og tilbyder senere ægteskab; Bertha afslår først, men bliver boende hos ham i et respektfuldt forhold og fastholder, at Magnus’ død må være bevist, før hun kan binde sig.

Magnus når Riga, arresteres som mistænkt spion, og børnene forsvinder kort, men genfindes. Han ender på grev Modowskis gods under en kontrakt, der i praksis binder ham som livegen; efter en brandepisode river greven kontrakten itu, giver ham frihed og gør ham til godsforvalter. De ældste børn, Adolf og Minna, sendes til Moskva til den barnløse grevinde Weliki, mens tvillingerne Rurik og Borissa senere adskilles fra faderen. Sigrid forsvinder efter et anfald, der ligner skindød, og dukker op i St. Petersborg som “Fyrstinde Borislav af Pommern”, overvåget af den tidligere løjtnant Ohlmann, nu politispion/kommissær.

Seksten år senere har alle fire børn været i grevinde Welikis hus i Moskva: Adolf bliver løjtnant i den kejserlige hestgarde, Minna opdrages som grevindens “datter”, mens tvillingerne skildres som stridige og drevet af misundelse og ambition. Kaptajn Suwarow viser interesse for Minna; Borissa forsøger at vinde ham, men afvises, og Rurik søger spænding og penge i hasard. Rurik møder en kvinde fra en zigeunertrup, der ligner Sigrid og kalder sig hendes søster; hun hævder, at Sigrid stammer fra zigeunere og forudsiger fald for både Sigrid og tvillingerne. Rurik og Borissa flygter mod St. Petersborg, ender i zigeunerlejren, og senere i Ribinsk, hvor general Sulkoff giver dem husly, mens Bertha opholder sig der som hans husholderske og ledsager; Sulkoff afleder enhver samtale, der kunne føre Bertha til Magnus. I St. Petersborg lever Rurik videre blandt hoteller, værtshuse og spilleborde, mens Ohlmann følger tvillingerne og holder øje med Sigrid. Flere spor samles på vej mod Moskva: Ohlmann, tvillingerne, Sigrid samt Sulkoff og Bertha, der planlægger rejse og et kommende bryllup i Perm ved Uralbjergenes fod. I Moskva får Sigrid via rygter at vide, at Minna har giftet sig med Suwarow og rejst sydpå, og at Adolf er sendt til minerne i Ural efter kejserinde Katharinas befaling; Ohlmann narrer den ensomme grevinde Weliki med løfte om snart at bringe de forsvundne plejebørn tilbage. Borissa forsvinder ved daggry og slutter sig til zigeunerstammen, mens Rurik sendes bort alene. Samtidig dør Modowski; Magnus forvalter godset til det sælges, men da en brutal ny ejer vil binde ham som livegen, tager Magnus en godtgørelse og beslutter at rejse. Minna og Suwarow opsøger ham, og de planlægger at rejse til Finland, men først til Moskva for at tage afsked med grevinde Weliki og afvente nyt om tvillingerne. I Moskva opsporer Ohlmann Rurik, men mister ham, da han springer ud ad et vindue for at undgå anholdelse; Ohlmann konfronterer også Sigrid med, at Magnus er i byen, og hun antyder, at hun vil give ham en “overraskelse”. Rurik drikker sig sanseløs og dukker uanmeldt op i grevinde Welikis hus. [Plot]",2
"Summary #3

Handlingen foregår i begyndelsen af 1700-tallet under krigen mellem Sverige og Rusland og bevæger sig fra Finland ved Saimasøen via Helsingfors og Østersøen til Rügen og Riga og videre ind i det russiske rige med St. Petersborg og Moskva som centrale knudepunkter. På hovedgården Birkelund ved Saima lever den unge godsejer Magnus Pavo med hustruen Bertha Linden, deres børn og Magnus’ forældre. Magnus moderniserer driften, men en sommer rammes familien af en række ulykker: et uvejr antænder Birkelund, savværket ødelægges, forældrene omkommer, og Bertha forsvinder. Da en ring senere skylles op, tror Magnus, at hun er død. Ruineret rejser han sydpå med børnene; briggen Stjernen forliser på vej mod Riga, men de reddes ved Rügens kyst af Sigrid, en myndig og gådefuld kvinde, som knytter sig stærkt til Magnus og kalder sig hans “skytsånd”.

Sigrid er en vendisk fiskerdatter fra Rügen, der lever i en forestilling om fyrsteafstamning (Borislav) og tillægger et arvet halsbånd med slange- og korsmotiv særlig betydning. Hendes besættelse skifter fra Karl XII til Magnus og præges af jalousi og had til Bertha, fordi Magnus’ kærlighed er bundet til sin første hustru. Bertha er imidlertid i live; efter at have strejfet alene gennem ødemark findes hun nær Helsingfors af den russiske general Sulkoff, der tager hende under sin beskyttelse. I St. Petersborg sørger han for lægehjælp og tilbyder senere ægteskab; Bertha afslår først, men bliver boende hos ham i et respektfuldt forhold og fastholder, at Magnus’ død må være bevist, før hun kan binde sig.

Magnus når Riga, arresteres som mistænkt spion, og børnene forsvinder kort, men genfindes. Han ender på grev Modowskis gods under en kontrakt, der i praksis binder ham som livegen; efter en brandepisode river greven kontrakten itu, giver ham frihed og gør ham til godsforvalter. De ældste børn, Adolf og Minna, sendes til Moskva til den barnløse grevinde Weliki, mens tvillingerne Rurik og Borissa senere adskilles fra faderen. Sigrid forsvinder efter et anfald, der ligner skindød, og dukker op i St. Petersborg som “Fyrstinde Borislav af Pommern”, overvåget af den tidligere løjtnant Ohlmann, nu politispion/kommissær.

Seksten år senere har alle fire børn været i grevinde Welikis hus i Moskva: Adolf bliver løjtnant i den kejserlige hestgarde, Minna opdrages som grevindens “datter”, mens tvillingerne skildres som stridige og drevet af misundelse og ambition. Kaptajn Suwarow viser interesse for Minna; Borissa forsøger at vinde ham, men afvises, og Rurik søger spænding og penge i hasard. Rurik møder en kvinde fra en zigeunertrup, der ligner Sigrid og kalder sig hendes søster; hun hævder, at Sigrid stammer fra zigeunere og forudsiger fald for både Sigrid og tvillingerne. Rurik og Borissa flygter mod St. Petersborg, ender i zigeunerlejren, og senere i Ribinsk, hvor general Sulkoff giver dem husly, mens Bertha opholder sig der som hans husholderske og ledsager; Sulkoff afleder enhver samtale, der kunne føre Bertha til Magnus. I St. Petersborg lever Rurik videre blandt hoteller, værtshuse og spilleborde, mens Ohlmann følger tvillingerne og holder øje med Sigrid. Flere spor samles på vej mod Moskva: Ohlmann, tvillingerne, Sigrid samt Sulkoff og Bertha, der planlægger rejse og et kommende bryllup i Perm ved Uralbjergenes fod. I Moskva får Sigrid via rygter at vide, at Minna har giftet sig med Suwarow og rejst sydpå, og at Adolf er sendt til minerne i Ural efter kejserinde Katharinas befaling; Ohlmann narrer den ensomme grevinde Weliki med løfte om snart at bringe de forsvundne plejebørn tilbage. Borissa forsvinder ved daggry og slutter sig til zigeunerstammen, mens Rurik sendes bort alene. Samtidig dør Modowski; Magnus forvalter godset til det sælges, men da en brutal ny ejer vil binde ham som livegen, tager Magnus en godtgørelse og beslutter at rejse. Minna og Suwarow opsøger ham, og de planlægger at rejse til Finland, men først til Moskva for at tage afsked med grevinde Weliki og afvente nyt om tvillingerne. I Moskva opsporer Ohlmann Rurik, men mister ham, da han springer ud ad et vindue for at undgå anholdelse; Ohlmann konfronterer også Sigrid med, at Magnus er i byen, og hun antyder, at hun vil give ham en “overraskelse”. Rurik drikker sig sanseløs og dukker uanmeldt op i grevinde Welikis hus. [Themes]",2